solid OpenSCAD_Model
  facet normal 0.243015 -0.970023 0
    outer loop
      vertex 49.7857 -48.2663 0
      vertex 50.5473 -48.0755 2.5
      vertex 49.7857 -48.2663 2.5
    endloop
  endfacet
  facet normal 0.243015 -0.970023 0
    outer loop
      vertex 50.5473 -48.0755 2.5
      vertex 49.7857 -48.2663 0
      vertex 50.5473 -48.0755 0
    endloop
  endfacet
  facet normal 0.0490418 -0.998797 0
    outer loop
      vertex 48.225 -48.42 0
      vertex 49.0091 -48.3815 2.5
      vertex 48.225 -48.42 2.5
    endloop
  endfacet
  facet normal 0.0490418 -0.998797 0
    outer loop
      vertex 49.0091 -48.3815 2.5
      vertex 48.225 -48.42 0
      vertex 49.0091 -48.3815 0
    endloop
  endfacet
  facet normal -0.146733 0.989176 0
    outer loop
      vertex -49.0091 48.3815 0
      vertex -49.7857 48.2663 2.5
      vertex -49.0091 48.3815 2.5
    endloop
  endfacet
  facet normal -0.146733 0.989176 0
    outer loop
      vertex -49.7857 48.2663 2.5
      vertex -49.0091 48.3815 0
      vertex -49.7857 48.2663 0
    endloop
  endfacet
  facet normal 0.146733 -0.989176 0
    outer loop
      vertex 49.0091 -48.3815 0
      vertex 49.7857 -48.2663 2.5
      vertex 49.0091 -48.3815 2.5
    endloop
  endfacet
  facet normal 0.146733 -0.989176 0
    outer loop
      vertex 49.7857 -48.2663 2.5
      vertex 49.0091 -48.3815 0
      vertex 49.7857 -48.2663 0
    endloop
  endfacet
  facet normal 0.741023 0.67148 0
    outer loop
      vertex 54.4091 45.4951 2.5
      vertex 53.8819 46.0769 0
      vertex 53.8819 46.0769 2.5
    endloop
  endfacet
  facet normal 0.741023 0.67148 0
    outer loop
      vertex 53.8819 46.0769 0
      vertex 54.4091 45.4951 2.5
      vertex 54.4091 45.4951 0
    endloop
  endfacet
  facet normal -0.998797 0.0490418 0
    outer loop
      vertex -56.225 40.42 0
      vertex -56.1865 41.2041 2.5
      vertex -56.1865 41.2041 0
    endloop
  endfacet
  facet normal -0.998797 0.0490418 0
    outer loop
      vertex -56.1865 41.2041 2.5
      vertex -56.225 40.42 0
      vertex -56.225 40.42 2.5
    endloop
  endfacet
  facet normal 0 0 1
    outer loop
      vertex 53.375 40.42 2.5
      vertex 56.225 40.42 2.5
      vertex 56.1865 41.2041 2.5
    endloop
  endfacet
  facet normal 0 0 1
    outer loop
      vertex 56.225 40.42 2.5
      vertex 53.375 40.42 2.5
      vertex 56.225 -40.42 2.5
    endloop
  endfacet
  facet normal 0 0 1
    outer loop
      vertex 53.3502 40.9248 2.5
      vertex 56.1865 41.2041 2.5
      vertex 56.0713 41.9807 2.5
    endloop
  endfacet
  facet normal 0 0 1
    outer loop
      vertex 53.375 -40.42 2.5
      vertex 56.225 -40.42 2.5
      vertex 53.375 40.42 2.5
    endloop
  endfacet
  facet normal 0 0 1
    outer loop
      vertex 53.276 41.4247 2.5
      vertex 56.0713 41.9807 2.5
      vertex 55.8805 42.7423 2.5
    endloop
  endfacet
  facet normal 0 0 1
    outer loop
      vertex 56.225 -40.42 2.5
      vertex 53.375 -40.42 2.5
      vertex 56.1865 -41.2041 2.5
    endloop
  endfacet
  facet normal 0 0 1
    outer loop
      vertex 53.1532 41.915 2.5
      vertex 55.8805 42.7423 2.5
      vertex 55.616 43.4815 2.5
    endloop
  endfacet
  facet normal -0 0 1
    outer loop
      vertex 53.3502 -40.9248 2.5
      vertex 56.1865 -41.2041 2.5
      vertex 53.375 -40.42 2.5
    endloop
  endfacet
  facet normal 0 0 1
    outer loop
      vertex 52.983 42.3908 2.5
      vertex 55.616 43.4815 2.5
      vertex 55.2804 44.1912 2.5
    endloop
  endfacet
  facet normal 0 0 1
    outer loop
      vertex 56.1865 -41.2041 2.5
      vertex 53.3502 -40.9248 2.5
      vertex 56.0713 -41.9807 2.5
    endloop
  endfacet
  facet normal 0 0 1
    outer loop
      vertex 52.7669 42.8477 2.5
      vertex 55.2804 44.1912 2.5
      vertex 54.8768 44.8646 2.5
    endloop
  endfacet
  facet normal -0 0 1
    outer loop
      vertex 53.276 -41.4247 2.5
      vertex 56.0713 -41.9807 2.5
      vertex 53.3502 -40.9248 2.5
    endloop
  endfacet
  facet normal 0 0 1
    outer loop
      vertex 52.5071 43.2812 2.5
      vertex 54.8768 44.8646 2.5
      vertex 54.4091 45.4951 2.5
    endloop
  endfacet
  facet normal 0 0 1
    outer loop
      vertex 56.0713 -41.9807 2.5
      vertex 53.276 -41.4247 2.5
      vertex 55.8805 -42.7423 2.5
    endloop
  endfacet
  facet normal 0 0 1
    outer loop
      vertex 52.206 43.6871 2.5
      vertex 54.4091 45.4951 2.5
      vertex 53.8819 46.0769 2.5
    endloop
  endfacet
  facet normal -0 0 1
    outer loop
      vertex 53.1532 -41.915 2.5
      vertex 55.8805 -42.7423 2.5
      vertex 53.276 -41.4247 2.5
    endloop
  endfacet
  facet normal 0 0 1
    outer loop
      vertex 55.8805 -42.7423 2.5
      vertex 53.1532 -41.915 2.5
      vertex 55.616 -43.4815 2.5
    endloop
  endfacet
  facet normal 0 0 1
    outer loop
      vertex 56.1865 41.2041 2.5
      vertex 53.3502 40.9248 2.5
      vertex 53.375 40.42 2.5
    endloop
  endfacet
  facet normal 0 0 1
    outer loop
      vertex 51.8666 44.0616 2.5
      vertex 53.8819 46.0769 2.5
      vertex 53.3001 46.6041 2.5
    endloop
  endfacet
  facet normal 0 0 1
    outer loop
      vertex 56.0713 41.9807 2.5
      vertex 53.276 41.4247 2.5
      vertex 53.3502 40.9248 2.5
    endloop
  endfacet
  facet normal 0 0 1
    outer loop
      vertex 55.8805 42.7423 2.5
      vertex 53.1532 41.915 2.5
      vertex 53.276 41.4247 2.5
    endloop
  endfacet
  facet normal 0 0 1
    outer loop
      vertex 55.616 43.4815 2.5
      vertex 52.983 42.3908 2.5
      vertex 53.1532 41.915 2.5
    endloop
  endfacet
  facet normal 0 0 1
    outer loop
      vertex 55.2804 44.1912 2.5
      vertex 52.7669 42.8477 2.5
      vertex 52.983 42.3908 2.5
    endloop
  endfacet
  facet normal 0 0 1
    outer loop
      vertex 51.4921 44.401 2.5
      vertex 53.3001 46.6041 2.5
      vertex 52.6696 47.0718 2.5
    endloop
  endfacet
  facet normal 0 0 1
    outer loop
      vertex 54.8768 44.8646 2.5
      vertex 52.5071 43.2812 2.5
      vertex 52.7669 42.8477 2.5
    endloop
  endfacet
  facet normal 0 0 1
    outer loop
      vertex 54.4091 45.4951 2.5
      vertex 52.206 43.6871 2.5
      vertex 52.5071 43.2812 2.5
    endloop
  endfacet
  facet normal 0 0 1
    outer loop
      vertex 51.0862 44.7021 2.5
      vertex 52.6696 47.0718 2.5
      vertex 51.9962 47.4754 2.5
    endloop
  endfacet
  facet normal 0 0 1
    outer loop
      vertex 53.8819 46.0769 2.5
      vertex 51.8666 44.0616 2.5
      vertex 52.206 43.6871 2.5
    endloop
  endfacet
  facet normal 0 0 1
    outer loop
      vertex 53.3001 46.6041 2.5
      vertex 51.4921 44.401 2.5
      vertex 51.8666 44.0616 2.5
    endloop
  endfacet
  facet normal 0 0 1
    outer loop
      vertex 50.6527 44.9619 2.5
      vertex 51.9962 47.4754 2.5
      vertex 51.2865 47.811 2.5
    endloop
  endfacet
  facet normal 0 0 1
    outer loop
      vertex 52.6696 47.0718 2.5
      vertex 51.0862 44.7021 2.5
      vertex 51.4921 44.401 2.5
    endloop
  endfacet
  facet normal 0 0 1
    outer loop
      vertex 51.9962 47.4754 2.5
      vertex 50.6527 44.9619 2.5
      vertex 51.0862 44.7021 2.5
    endloop
  endfacet
  facet normal 0 0 1
    outer loop
      vertex 50.1958 45.178 2.5
      vertex 51.2865 47.811 2.5
      vertex 50.5473 48.0755 2.5
    endloop
  endfacet
  facet normal 0 0 1
    outer loop
      vertex 51.2865 47.811 2.5
      vertex 50.1958 45.178 2.5
      vertex 50.6527 44.9619 2.5
    endloop
  endfacet
  facet normal 0 0 1
    outer loop
      vertex 49.72 45.3482 2.5
      vertex 50.5473 48.0755 2.5
      vertex 49.7857 48.2663 2.5
    endloop
  endfacet
  facet normal 0 0 1
    outer loop
      vertex 50.5473 48.0755 2.5
      vertex 49.72 45.3482 2.5
      vertex 50.1958 45.178 2.5
    endloop
  endfacet
  facet normal 0 0 1
    outer loop
      vertex 49.7857 48.2663 2.5
      vertex 49.2297 45.471 2.5
      vertex 49.72 45.3482 2.5
    endloop
  endfacet
  facet normal 0 0 1
    outer loop
      vertex 49.0091 48.3815 2.5
      vertex 49.2297 45.471 2.5
      vertex 49.7857 48.2663 2.5
    endloop
  endfacet
  facet normal 0 0 1
    outer loop
      vertex 49.0091 48.3815 2.5
      vertex 48.7298 45.5452 2.5
      vertex 49.2297 45.471 2.5
    endloop
  endfacet
  facet normal 0 0 1
    outer loop
      vertex 48.225 48.42 2.5
      vertex 48.7298 45.5452 2.5
      vertex 49.0091 48.3815 2.5
    endloop
  endfacet
  facet normal 0 0 1
    outer loop
      vertex 48.225 48.42 2.5
      vertex 48.225 45.57 2.5
      vertex 48.7298 45.5452 2.5
    endloop
  endfacet
  facet normal -0 0 1
    outer loop
      vertex -48.225 48.42 2.5
      vertex 48.225 45.57 2.5
      vertex 48.225 48.42 2.5
    endloop
  endfacet
  facet normal 0 0 1
    outer loop
      vertex -48.225 48.42 2.5
      vertex -48.225 45.57 2.5
      vertex 48.225 45.57 2.5
    endloop
  endfacet
  facet normal 0 0 1
    outer loop
      vertex -48.225 48.42 2.5
      vertex -48.7298 45.5452 2.5
      vertex -48.225 45.57 2.5
    endloop
  endfacet
  facet normal -0 0 1
    outer loop
      vertex -49.0091 48.3815 2.5
      vertex -48.7298 45.5452 2.5
      vertex -48.225 48.42 2.5
    endloop
  endfacet
  facet normal 0 0 1
    outer loop
      vertex -49.0091 48.3815 2.5
      vertex -49.2297 45.471 2.5
      vertex -48.7298 45.5452 2.5
    endloop
  endfacet
  facet normal -0 0 1
    outer loop
      vertex -49.7857 48.2663 2.5
      vertex -49.2297 45.471 2.5
      vertex -49.0091 48.3815 2.5
    endloop
  endfacet
  facet normal 0 0 1
    outer loop
      vertex -49.2297 45.471 2.5
      vertex -49.7857 48.2663 2.5
      vertex -49.72 45.3482 2.5
    endloop
  endfacet
  facet normal -0 0 1
    outer loop
      vertex -50.5473 48.0755 2.5
      vertex -49.72 45.3482 2.5
      vertex -49.7857 48.2663 2.5
    endloop
  endfacet
  facet normal 0 0 1
    outer loop
      vertex -49.72 45.3482 2.5
      vertex -50.5473 48.0755 2.5
      vertex -50.1958 45.178 2.5
    endloop
  endfacet
  facet normal -0 0 1
    outer loop
      vertex -51.2865 47.811 2.5
      vertex -50.1958 45.178 2.5
      vertex -50.5473 48.0755 2.5
    endloop
  endfacet
  facet normal 0 0 1
    outer loop
      vertex -50.1958 45.178 2.5
      vertex -51.2865 47.811 2.5
      vertex -50.6527 44.9619 2.5
    endloop
  endfacet
  facet normal -0 0 1
    outer loop
      vertex -51.9962 47.4754 2.5
      vertex -50.6527 44.9619 2.5
      vertex -51.2865 47.811 2.5
    endloop
  endfacet
  facet normal 0 0 1
    outer loop
      vertex -50.6527 44.9619 2.5
      vertex -51.9962 47.4754 2.5
      vertex -51.0862 44.7021 2.5
    endloop
  endfacet
  facet normal -0 0 1
    outer loop
      vertex -52.6696 47.0718 2.5
      vertex -51.0862 44.7021 2.5
      vertex -51.9962 47.4754 2.5
    endloop
  endfacet
  facet normal 0 0 1
    outer loop
      vertex -51.0862 44.7021 2.5
      vertex -52.6696 47.0718 2.5
      vertex -51.4921 44.401 2.5
    endloop
  endfacet
  facet normal -0 0 1
    outer loop
      vertex -53.3001 46.6041 2.5
      vertex -51.4921 44.401 2.5
      vertex -52.6696 47.0718 2.5
    endloop
  endfacet
  facet normal 0 0 1
    outer loop
      vertex -51.4921 44.401 2.5
      vertex -53.3001 46.6041 2.5
      vertex -51.8666 44.0616 2.5
    endloop
  endfacet
  facet normal -0 0 1
    outer loop
      vertex -53.8819 46.0769 2.5
      vertex -51.8666 44.0616 2.5
      vertex -53.3001 46.6041 2.5
    endloop
  endfacet
  facet normal 0 0 1
    outer loop
      vertex -51.8666 44.0616 2.5
      vertex -53.8819 46.0769 2.5
      vertex -52.206 43.6871 2.5
    endloop
  endfacet
  facet normal -0 0 1
    outer loop
      vertex -54.4091 45.4951 2.5
      vertex -52.206 43.6871 2.5
      vertex -53.8819 46.0769 2.5
    endloop
  endfacet
  facet normal 0 0 1
    outer loop
      vertex -52.206 43.6871 2.5
      vertex -54.4091 45.4951 2.5
      vertex -52.5071 43.2812 2.5
    endloop
  endfacet
  facet normal -0 0 1
    outer loop
      vertex -54.8768 44.8646 2.5
      vertex -52.5071 43.2812 2.5
      vertex -54.4091 45.4951 2.5
    endloop
  endfacet
  facet normal 0 0 1
    outer loop
      vertex -52.5071 43.2812 2.5
      vertex -54.8768 44.8646 2.5
      vertex -52.7669 42.8477 2.5
    endloop
  endfacet
  facet normal -0 0 1
    outer loop
      vertex -55.2804 44.1912 2.5
      vertex -52.7669 42.8477 2.5
      vertex -54.8768 44.8646 2.5
    endloop
  endfacet
  facet normal 0 0 1
    outer loop
      vertex -52.7669 42.8477 2.5
      vertex -55.2804 44.1912 2.5
      vertex -52.983 42.3908 2.5
    endloop
  endfacet
  facet normal 0 0 1
    outer loop
      vertex -52.983 42.3908 2.5
      vertex -55.616 43.4815 2.5
      vertex -53.1532 41.915 2.5
    endloop
  endfacet
  facet normal -0 0 1
    outer loop
      vertex -55.616 43.4815 2.5
      vertex -52.983 42.3908 2.5
      vertex -55.2804 44.1912 2.5
    endloop
  endfacet
  facet normal -0 0 1
    outer loop
      vertex 52.983 -42.3908 2.5
      vertex 55.616 -43.4815 2.5
      vertex 53.1532 -41.915 2.5
    endloop
  endfacet
  facet normal 0 0 1
    outer loop
      vertex 55.616 -43.4815 2.5
      vertex 52.983 -42.3908 2.5
      vertex 55.2804 -44.1912 2.5
    endloop
  endfacet
  facet normal -0 0 1
    outer loop
      vertex 52.7669 -42.8477 2.5
      vertex 55.2804 -44.1912 2.5
      vertex 52.983 -42.3908 2.5
    endloop
  endfacet
  facet normal 0 0 1
    outer loop
      vertex 55.2804 -44.1912 2.5
      vertex 52.7669 -42.8477 2.5
      vertex 54.8768 -44.8646 2.5
    endloop
  endfacet
  facet normal -0 0 1
    outer loop
      vertex 52.5071 -43.2812 2.5
      vertex 54.8768 -44.8646 2.5
      vertex 52.7669 -42.8477 2.5
    endloop
  endfacet
  facet normal 0 0 1
    outer loop
      vertex 54.8768 -44.8646 2.5
      vertex 52.5071 -43.2812 2.5
      vertex 54.4091 -45.4951 2.5
    endloop
  endfacet
  facet normal -0 0 1
    outer loop
      vertex 52.206 -43.6871 2.5
      vertex 54.4091 -45.4951 2.5
      vertex 52.5071 -43.2812 2.5
    endloop
  endfacet
  facet normal 0 0 1
    outer loop
      vertex 54.4091 -45.4951 2.5
      vertex 52.206 -43.6871 2.5
      vertex 53.8819 -46.0769 2.5
    endloop
  endfacet
  facet normal -0 0 1
    outer loop
      vertex 51.8666 -44.0616 2.5
      vertex 53.8819 -46.0769 2.5
      vertex 52.206 -43.6871 2.5
    endloop
  endfacet
  facet normal 0 0 1
    outer loop
      vertex 53.8819 -46.0769 2.5
      vertex 51.8666 -44.0616 2.5
      vertex 53.3001 -46.6041 2.5
    endloop
  endfacet
  facet normal -0 0 1
    outer loop
      vertex 51.4921 -44.401 2.5
      vertex 53.3001 -46.6041 2.5
      vertex 51.8666 -44.0616 2.5
    endloop
  endfacet
  facet normal 0 0 1
    outer loop
      vertex 53.3001 -46.6041 2.5
      vertex 51.4921 -44.401 2.5
      vertex 52.6696 -47.0718 2.5
    endloop
  endfacet
  facet normal -0 0 1
    outer loop
      vertex 51.0862 -44.7021 2.5
      vertex 52.6696 -47.0718 2.5
      vertex 51.4921 -44.401 2.5
    endloop
  endfacet
  facet normal 0 0 1
    outer loop
      vertex 52.6696 -47.0718 2.5
      vertex 51.0862 -44.7021 2.5
      vertex 51.9962 -47.4754 2.5
    endloop
  endfacet
  facet normal -0 0 1
    outer loop
      vertex 50.6527 -44.9619 2.5
      vertex 51.9962 -47.4754 2.5
      vertex 51.0862 -44.7021 2.5
    endloop
  endfacet
  facet normal 0 0 1
    outer loop
      vertex 51.9962 -47.4754 2.5
      vertex 50.6527 -44.9619 2.5
      vertex 51.2865 -47.811 2.5
    endloop
  endfacet
  facet normal -0 0 1
    outer loop
      vertex 50.1958 -45.178 2.5
      vertex 51.2865 -47.811 2.5
      vertex 50.6527 -44.9619 2.5
    endloop
  endfacet
  facet normal 0 0 1
    outer loop
      vertex 51.2865 -47.811 2.5
      vertex 50.1958 -45.178 2.5
      vertex 50.5473 -48.0755 2.5
    endloop
  endfacet
  facet normal -0 0 1
    outer loop
      vertex 49.72 -45.3482 2.5
      vertex 50.5473 -48.0755 2.5
      vertex 50.1958 -45.178 2.5
    endloop
  endfacet
  facet normal 0 0 1
    outer loop
      vertex 50.5473 -48.0755 2.5
      vertex 49.72 -45.3482 2.5
      vertex 49.7857 -48.2663 2.5
    endloop
  endfacet
  facet normal -0 0 1
    outer loop
      vertex 49.2297 -45.471 2.5
      vertex 49.7857 -48.2663 2.5
      vertex 49.72 -45.3482 2.5
    endloop
  endfacet
  facet normal 0 0 1
    outer loop
      vertex 49.2297 -45.471 2.5
      vertex 49.0091 -48.3815 2.5
      vertex 49.7857 -48.2663 2.5
    endloop
  endfacet
  facet normal -0 0 1
    outer loop
      vertex 48.7298 -45.5452 2.5
      vertex 49.0091 -48.3815 2.5
      vertex 49.2297 -45.471 2.5
    endloop
  endfacet
  facet normal -0 0 1
    outer loop
      vertex 48.225 -45.57 2.5
      vertex 49.0091 -48.3815 2.5
      vertex 48.7298 -45.5452 2.5
    endloop
  endfacet
  facet normal 0 0 1
    outer loop
      vertex 48.225 -45.57 2.5
      vertex 48.225 -48.42 2.5
      vertex 49.0091 -48.3815 2.5
    endloop
  endfacet
  facet normal -0 0 1
    outer loop
      vertex -48.225 -45.57 2.5
      vertex 48.225 -48.42 2.5
      vertex 48.225 -45.57 2.5
    endloop
  endfacet
  facet normal 0 0 1
    outer loop
      vertex -48.225 -45.57 2.5
      vertex -48.225 -48.42 2.5
      vertex 48.225 -48.42 2.5
    endloop
  endfacet
  facet normal 0 0 1
    outer loop
      vertex -48.7298 -45.5452 2.5
      vertex -48.225 -48.42 2.5
      vertex -48.225 -45.57 2.5
    endloop
  endfacet
  facet normal 0 0 1
    outer loop
      vertex -48.7298 -45.5452 2.5
      vertex -49.0091 -48.3815 2.5
      vertex -48.225 -48.42 2.5
    endloop
  endfacet
  facet normal 0 0 1
    outer loop
      vertex -49.2297 -45.471 2.5
      vertex -49.0091 -48.3815 2.5
      vertex -48.7298 -45.5452 2.5
    endloop
  endfacet
  facet normal 0 0 1
    outer loop
      vertex -49.7857 -48.2663 2.5
      vertex -49.2297 -45.471 2.5
      vertex -49.72 -45.3482 2.5
    endloop
  endfacet
  facet normal 0 0 1
    outer loop
      vertex -49.2297 -45.471 2.5
      vertex -49.7857 -48.2663 2.5
      vertex -49.0091 -48.3815 2.5
    endloop
  endfacet
  facet normal 0 0 1
    outer loop
      vertex -50.5473 -48.0755 2.5
      vertex -49.72 -45.3482 2.5
      vertex -50.1958 -45.178 2.5
    endloop
  endfacet
  facet normal 0 0 1
    outer loop
      vertex -49.72 -45.3482 2.5
      vertex -50.5473 -48.0755 2.5
      vertex -49.7857 -48.2663 2.5
    endloop
  endfacet
  facet normal 0 0 1
    outer loop
      vertex -51.2865 -47.811 2.5
      vertex -50.1958 -45.178 2.5
      vertex -50.6527 -44.9619 2.5
    endloop
  endfacet
  facet normal 0 0 1
    outer loop
      vertex -51.9962 -47.4754 2.5
      vertex -50.6527 -44.9619 2.5
      vertex -51.0862 -44.7021 2.5
    endloop
  endfacet
  facet normal 0 0 1
    outer loop
      vertex -50.1958 -45.178 2.5
      vertex -51.2865 -47.811 2.5
      vertex -50.5473 -48.0755 2.5
    endloop
  endfacet
  facet normal 0 0 1
    outer loop
      vertex -52.6696 -47.0718 2.5
      vertex -51.0862 -44.7021 2.5
      vertex -51.4921 -44.401 2.5
    endloop
  endfacet
  facet normal 0 0 1
    outer loop
      vertex -53.3001 -46.6041 2.5
      vertex -51.4921 -44.401 2.5
      vertex -51.8666 -44.0616 2.5
    endloop
  endfacet
  facet normal 0 0 1
    outer loop
      vertex -50.6527 -44.9619 2.5
      vertex -51.9962 -47.4754 2.5
      vertex -51.2865 -47.811 2.5
    endloop
  endfacet
  facet normal 0 0 1
    outer loop
      vertex -53.8819 -46.0769 2.5
      vertex -51.8666 -44.0616 2.5
      vertex -52.206 -43.6871 2.5
    endloop
  endfacet
  facet normal 0 0 1
    outer loop
      vertex -54.4091 -45.4951 2.5
      vertex -52.206 -43.6871 2.5
      vertex -52.5071 -43.2812 2.5
    endloop
  endfacet
  facet normal 0 0 1
    outer loop
      vertex -51.0862 -44.7021 2.5
      vertex -52.6696 -47.0718 2.5
      vertex -51.9962 -47.4754 2.5
    endloop
  endfacet
  facet normal 0 0 1
    outer loop
      vertex -54.8768 -44.8646 2.5
      vertex -52.5071 -43.2812 2.5
      vertex -52.7669 -42.8477 2.5
    endloop
  endfacet
  facet normal 0 0 1
    outer loop
      vertex -55.2804 -44.1912 2.5
      vertex -52.7669 -42.8477 2.5
      vertex -52.983 -42.3908 2.5
    endloop
  endfacet
  facet normal 0 0 1
    outer loop
      vertex -55.616 -43.4815 2.5
      vertex -52.983 -42.3908 2.5
      vertex -53.1532 -41.915 2.5
    endloop
  endfacet
  facet normal 0 0 1
    outer loop
      vertex -55.8805 -42.7423 2.5
      vertex -53.1532 -41.915 2.5
      vertex -53.276 -41.4247 2.5
    endloop
  endfacet
  facet normal 0 0 1
    outer loop
      vertex -51.4921 -44.401 2.5
      vertex -53.3001 -46.6041 2.5
      vertex -52.6696 -47.0718 2.5
    endloop
  endfacet
  facet normal 0 0 1
    outer loop
      vertex -56.0713 -41.9807 2.5
      vertex -53.276 -41.4247 2.5
      vertex -53.3502 -40.9248 2.5
    endloop
  endfacet
  facet normal 0 0 1
    outer loop
      vertex -56.1865 -41.2041 2.5
      vertex -53.3502 -40.9248 2.5
      vertex -53.375 -40.42 2.5
    endloop
  endfacet
  facet normal 0 0 1
    outer loop
      vertex -51.8666 -44.0616 2.5
      vertex -53.8819 -46.0769 2.5
      vertex -53.3001 -46.6041 2.5
    endloop
  endfacet
  facet normal 0 0 1
    outer loop
      vertex -53.375 40.42 2.5
      vertex -56.225 40.42 2.5
      vertex -53.375 -40.42 2.5
    endloop
  endfacet
  facet normal -0 0 1
    outer loop
      vertex -55.8805 42.7423 2.5
      vertex -53.1532 41.915 2.5
      vertex -55.616 43.4815 2.5
    endloop
  endfacet
  facet normal 0 0 1
    outer loop
      vertex -56.225 -40.42 2.5
      vertex -53.375 -40.42 2.5
      vertex -56.225 40.42 2.5
    endloop
  endfacet
  facet normal 0 0 1
    outer loop
      vertex -53.1532 41.915 2.5
      vertex -55.8805 42.7423 2.5
      vertex -53.276 41.4247 2.5
    endloop
  endfacet
  facet normal 0 -0 1
    outer loop
      vertex -56.1865 -41.2041 2.5
      vertex -53.375 -40.42 2.5
      vertex -56.225 -40.42 2.5
    endloop
  endfacet
  facet normal -0 0 1
    outer loop
      vertex -56.0713 41.9807 2.5
      vertex -53.276 41.4247 2.5
      vertex -55.8805 42.7423 2.5
    endloop
  endfacet
  facet normal 0 0 1
    outer loop
      vertex -52.206 -43.6871 2.5
      vertex -54.4091 -45.4951 2.5
      vertex -53.8819 -46.0769 2.5
    endloop
  endfacet
  facet normal 0 0 1
    outer loop
      vertex -53.276 41.4247 2.5
      vertex -56.0713 41.9807 2.5
      vertex -53.3502 40.9248 2.5
    endloop
  endfacet
  facet normal 0 0 1
    outer loop
      vertex -52.5071 -43.2812 2.5
      vertex -54.8768 -44.8646 2.5
      vertex -54.4091 -45.4951 2.5
    endloop
  endfacet
  facet normal -0 0 1
    outer loop
      vertex -56.1865 41.2041 2.5
      vertex -53.3502 40.9248 2.5
      vertex -56.0713 41.9807 2.5
    endloop
  endfacet
  facet normal 0 0 1
    outer loop
      vertex -52.7669 -42.8477 2.5
      vertex -55.2804 -44.1912 2.5
      vertex -54.8768 -44.8646 2.5
    endloop
  endfacet
  facet normal 0 0 1
    outer loop
      vertex -53.3502 40.9248 2.5
      vertex -56.1865 41.2041 2.5
      vertex -53.375 40.42 2.5
    endloop
  endfacet
  facet normal 0 0 1
    outer loop
      vertex -52.983 -42.3908 2.5
      vertex -55.616 -43.4815 2.5
      vertex -55.2804 -44.1912 2.5
    endloop
  endfacet
  facet normal 0 0 1
    outer loop
      vertex -53.375 40.42 2.5
      vertex -56.1865 41.2041 2.5
      vertex -56.225 40.42 2.5
    endloop
  endfacet
  facet normal 0 0 1
    outer loop
      vertex -53.1532 -41.915 2.5
      vertex -55.8805 -42.7423 2.5
      vertex -55.616 -43.4815 2.5
    endloop
  endfacet
  facet normal 0 0 1
    outer loop
      vertex -53.276 -41.4247 2.5
      vertex -56.0713 -41.9807 2.5
      vertex -55.8805 -42.7423 2.5
    endloop
  endfacet
  facet normal 0 0 1
    outer loop
      vertex -53.3502 -40.9248 2.5
      vertex -56.1865 -41.2041 2.5
      vertex -56.0713 -41.9807 2.5
    endloop
  endfacet
  facet normal 0 0 1
    outer loop
      vertex 47.646 40.941 2.5
      vertex -47.646 40.941 2.5
      vertex 47.7006 40.7886 2.5
    endloop
  endfacet
  facet normal 0 0 1
    outer loop
      vertex 24 -22 2.5
      vertex -47.5829 -41.2583 2.5
      vertex -47.575 -41.42 2.5
    endloop
  endfacet
  facet normal 0 0 1
    outer loop
      vertex -47.7006 40.7886 2.5
      vertex 47.7006 40.7886 2.5
      vertex -47.646 40.941 2.5
    endloop
  endfacet
  facet normal 0 0 1
    outer loop
      vertex 24 -22 2.5
      vertex -47.6067 -41.0981 2.5
      vertex -47.5829 -41.2583 2.5
    endloop
  endfacet
  facet normal 0 0 1
    outer loop
      vertex 47.7006 40.7886 2.5
      vertex -47.7006 40.7886 2.5
      vertex 24 -22 2.5
    endloop
  endfacet
  facet normal 0 0 1
    outer loop
      vertex 24 -22 2.5
      vertex -47.646 -40.941 2.5
      vertex -47.6067 -41.0981 2.5
    endloop
  endfacet
  facet normal -0 0 1
    outer loop
      vertex -47.7698 40.6422 2.5
      vertex 24 -22 2.5
      vertex -47.7006 40.7886 2.5
    endloop
  endfacet
  facet normal 0 0 1
    outer loop
      vertex 24 -22 2.5
      vertex -47.7006 -40.7886 2.5
      vertex -47.646 -40.941 2.5
    endloop
  endfacet
  facet normal -0 0 1
    outer loop
      vertex -47.8531 40.5033 2.5
      vertex 24 -22 2.5
      vertex -47.7698 40.6422 2.5
    endloop
  endfacet
  facet normal 0 0 1
    outer loop
      vertex 24 -22 2.5
      vertex -47.7698 -40.6422 2.5
      vertex -47.7006 -40.7886 2.5
    endloop
  endfacet
  facet normal -0 0 1
    outer loop
      vertex -47.9495 40.3733 2.5
      vertex 24 -22 2.5
      vertex -47.8531 40.5033 2.5
    endloop
  endfacet
  facet normal 0 0 1
    outer loop
      vertex 24 -22 2.5
      vertex -47.8531 -40.5033 2.5
      vertex -47.7698 -40.6422 2.5
    endloop
  endfacet
  facet normal -0 0 1
    outer loop
      vertex -48.0583 40.2533 2.5
      vertex 24 -22 2.5
      vertex -47.9495 40.3733 2.5
    endloop
  endfacet
  facet normal 0 0 1
    outer loop
      vertex 24 -22 2.5
      vertex -47.9495 -40.3733 2.5
      vertex -47.8531 -40.5033 2.5
    endloop
  endfacet
  facet normal -0 0 1
    outer loop
      vertex -48.1782 40.1445 2.5
      vertex 24 -22 2.5
      vertex -48.0583 40.2533 2.5
    endloop
  endfacet
  facet normal 0 0 1
    outer loop
      vertex 24 -22 2.5
      vertex -48.0583 -40.2533 2.5
      vertex -47.9495 -40.3733 2.5
    endloop
  endfacet
  facet normal -0 0 1
    outer loop
      vertex -48.3083 40.0481 2.5
      vertex 24 -22 2.5
      vertex -48.1782 40.1445 2.5
    endloop
  endfacet
  facet normal 0 0 1
    outer loop
      vertex 24 -22 2.5
      vertex -48.1782 -40.1445 2.5
      vertex -48.0583 -40.2533 2.5
    endloop
  endfacet
  facet normal 0 0 1
    outer loop
      vertex -48.3083 -40.0481 2.5
      vertex 24 -22 2.5
      vertex -48.3083 40.0481 2.5
    endloop
  endfacet
  facet normal 0 0 1
    outer loop
      vertex 24 -22 2.5
      vertex -48.3083 -40.0481 2.5
      vertex -48.1782 -40.1445 2.5
    endloop
  endfacet
  facet normal -0 0 1
    outer loop
      vertex -48.4472 39.9648 2.5
      vertex -48.3083 -40.0481 2.5
      vertex -48.3083 40.0481 2.5
    endloop
  endfacet
  facet normal 0 0 1
    outer loop
      vertex -48.4472 39.9648 2.5
      vertex -48.4472 -39.9648 2.5
      vertex -48.3083 -40.0481 2.5
    endloop
  endfacet
  facet normal -0 0 1
    outer loop
      vertex -48.5936 39.8956 2.5
      vertex -48.4472 -39.9648 2.5
      vertex -48.4472 39.9648 2.5
    endloop
  endfacet
  facet normal 0 0 1
    outer loop
      vertex -48.5936 39.8956 2.5
      vertex -48.5936 -39.8956 2.5
      vertex -48.4472 -39.9648 2.5
    endloop
  endfacet
  facet normal -0 0 1
    outer loop
      vertex -48.746 39.841 2.5
      vertex -48.5936 -39.8956 2.5
      vertex -48.5936 39.8956 2.5
    endloop
  endfacet
  facet normal 0 0 1
    outer loop
      vertex -48.746 39.841 2.5
      vertex -48.746 -39.841 2.5
      vertex -48.5936 -39.8956 2.5
    endloop
  endfacet
  facet normal -0 0 1
    outer loop
      vertex -48.9031 39.8017 2.5
      vertex -48.746 -39.841 2.5
      vertex -48.746 39.841 2.5
    endloop
  endfacet
  facet normal 0 0 1
    outer loop
      vertex -48.9031 39.8017 2.5
      vertex -48.9031 -39.8017 2.5
      vertex -48.746 -39.841 2.5
    endloop
  endfacet
  facet normal -0 0 1
    outer loop
      vertex -49.0633 39.7779 2.5
      vertex -48.9031 -39.8017 2.5
      vertex -48.9031 39.8017 2.5
    endloop
  endfacet
  facet normal 0 0 1
    outer loop
      vertex -49.0633 39.7779 2.5
      vertex -49.0633 -39.7779 2.5
      vertex -48.9031 -39.8017 2.5
    endloop
  endfacet
  facet normal -0 0 1
    outer loop
      vertex -49.225 39.77 2.5
      vertex -49.0633 -39.7779 2.5
      vertex -49.0633 39.7779 2.5
    endloop
  endfacet
  facet normal 0 0 1
    outer loop
      vertex -49.225 39.77 2.5
      vertex -49.225 -39.77 2.5
      vertex -49.0633 -39.7779 2.5
    endloop
  endfacet
  facet normal 0 0 1
    outer loop
      vertex -49.3867 39.7779 2.5
      vertex -49.225 -39.77 2.5
      vertex -49.225 39.77 2.5
    endloop
  endfacet
  facet normal 0 0 1
    outer loop
      vertex -49.3867 39.7779 2.5
      vertex -49.3867 -39.7779 2.5
      vertex -49.225 -39.77 2.5
    endloop
  endfacet
  facet normal 0 0 1
    outer loop
      vertex -49.5469 39.8017 2.5
      vertex -49.3867 -39.7779 2.5
      vertex -49.3867 39.7779 2.5
    endloop
  endfacet
  facet normal 0 0 1
    outer loop
      vertex -49.5469 39.8017 2.5
      vertex -49.5469 -39.8017 2.5
      vertex -49.3867 -39.7779 2.5
    endloop
  endfacet
  facet normal 0 0 1
    outer loop
      vertex -49.704 39.841 2.5
      vertex -49.5469 -39.8017 2.5
      vertex -49.5469 39.8017 2.5
    endloop
  endfacet
  facet normal 0 0 1
    outer loop
      vertex -49.704 39.841 2.5
      vertex -49.704 -39.841 2.5
      vertex -49.5469 -39.8017 2.5
    endloop
  endfacet
  facet normal 0 0 1
    outer loop
      vertex -51.775 40.42 2.5
      vertex -49.704 39.841 2.5
      vertex -49.8564 39.8956 2.5
    endloop
  endfacet
  facet normal 0 0 1
    outer loop
      vertex -49.704 39.841 2.5
      vertex -51.775 40.42 2.5
      vertex -49.704 -39.841 2.5
    endloop
  endfacet
  facet normal 0 0 1
    outer loop
      vertex -51.775 40.42 2.5
      vertex -49.8564 39.8956 2.5
      vertex -50.0028 39.9648 2.5
    endloop
  endfacet
  facet normal 0 0 1
    outer loop
      vertex -51.775 -40.42 2.5
      vertex -49.704 -39.841 2.5
      vertex -51.775 40.42 2.5
    endloop
  endfacet
  facet normal 0 0 1
    outer loop
      vertex -51.775 40.42 2.5
      vertex -50.0028 39.9648 2.5
      vertex -50.1417 40.0481 2.5
    endloop
  endfacet
  facet normal 0 0 1
    outer loop
      vertex -49.704 -39.841 2.5
      vertex -51.775 -40.42 2.5
      vertex -49.8564 -39.8956 2.5
    endloop
  endfacet
  facet normal 0 0 1
    outer loop
      vertex -51.775 40.42 2.5
      vertex -50.1417 40.0481 2.5
      vertex -50.2717 40.1445 2.5
    endloop
  endfacet
  facet normal 0 0 1
    outer loop
      vertex -49.8564 -39.8956 2.5
      vertex -51.775 -40.42 2.5
      vertex -50.0028 -39.9648 2.5
    endloop
  endfacet
  facet normal 0 0 1
    outer loop
      vertex -51.775 40.42 2.5
      vertex -50.2717 40.1445 2.5
      vertex -50.3917 40.2533 2.5
    endloop
  endfacet
  facet normal 0 0 1
    outer loop
      vertex -50.0028 -39.9648 2.5
      vertex -51.775 -40.42 2.5
      vertex -50.1417 -40.0481 2.5
    endloop
  endfacet
  facet normal 0 0 1
    outer loop
      vertex -51.775 40.42 2.5
      vertex -50.3917 40.2533 2.5
      vertex -50.5005 40.3733 2.5
    endloop
  endfacet
  facet normal 0 0 1
    outer loop
      vertex -50.1417 -40.0481 2.5
      vertex -51.775 -40.42 2.5
      vertex -50.2717 -40.1445 2.5
    endloop
  endfacet
  facet normal -0 0 1
    outer loop
      vertex -51.775 40.42 2.5
      vertex -50.5005 40.3733 2.5
      vertex -50.5969 40.5033 2.5
    endloop
  endfacet
  facet normal 0 0 1
    outer loop
      vertex -50.2717 -40.1445 2.5
      vertex -51.775 -40.42 2.5
      vertex -50.3917 -40.2533 2.5
    endloop
  endfacet
  facet normal 0 0 1
    outer loop
      vertex -51.775 40.42 2.5
      vertex -50.5969 40.5033 2.5
      vertex -50.6802 40.6422 2.5
    endloop
  endfacet
  facet normal 0 0 1
    outer loop
      vertex -50.3917 -40.2533 2.5
      vertex -51.775 -40.42 2.5
      vertex -50.5005 -40.3733 2.5
    endloop
  endfacet
  facet normal 0 0 1
    outer loop
      vertex -51.775 40.42 2.5
      vertex -50.6802 40.6422 2.5
      vertex -50.7494 40.7886 2.5
    endloop
  endfacet
  facet normal 0 0 1
    outer loop
      vertex -50.5005 -40.3733 2.5
      vertex -51.775 -40.42 2.5
      vertex -50.5969 -40.5033 2.5
    endloop
  endfacet
  facet normal 0 0 1
    outer loop
      vertex -51.7579 40.768 2.5
      vertex -50.7494 40.7886 2.5
      vertex -50.804 40.941 2.5
    endloop
  endfacet
  facet normal 0 0 1
    outer loop
      vertex -50.5969 -40.5033 2.5
      vertex -51.775 -40.42 2.5
      vertex -50.6802 -40.6422 2.5
    endloop
  endfacet
  facet normal 0 0 1
    outer loop
      vertex -51.7068 41.1126 2.5
      vertex -50.804 40.941 2.5
      vertex -50.8433 41.0981 2.5
    endloop
  endfacet
  facet normal 0 0 1
    outer loop
      vertex -50.6802 -40.6422 2.5
      vertex -51.775 -40.42 2.5
      vertex -50.7494 -40.7886 2.5
    endloop
  endfacet
  facet normal -0 0 1
    outer loop
      vertex -51.7068 41.1126 2.5
      vertex -50.8433 41.0981 2.5
      vertex -50.8671 41.2583 2.5
    endloop
  endfacet
  facet normal -0 -0 1
    outer loop
      vertex -51.7579 -40.768 2.5
      vertex -50.7494 -40.7886 2.5
      vertex -51.775 -40.42 2.5
    endloop
  endfacet
  facet normal 0 0 1
    outer loop
      vertex -51.6221 41.4505 2.5
      vertex -50.8671 41.2583 2.5
      vertex -50.875 41.42 2.5
    endloop
  endfacet
  facet normal 0 0 1
    outer loop
      vertex -50.7494 -40.7886 2.5
      vertex -51.7579 -40.768 2.5
      vertex -50.804 -40.941 2.5
    endloop
  endfacet
  facet normal -0 0 1
    outer loop
      vertex 50.7494 40.7886 2.5
      vertex 51.7579 40.768 2.5
      vertex 50.804 40.941 2.5
    endloop
  endfacet
  facet normal 0 0 1
    outer loop
      vertex 51.775 -40.42 2.5
      vertex 50.8671 -41.2583 2.5
      vertex 50.875 -41.42 2.5
    endloop
  endfacet
  facet normal 0 0 1
    outer loop
      vertex 51.7579 40.768 2.5
      vertex 50.7494 40.7886 2.5
      vertex 51.775 40.42 2.5
    endloop
  endfacet
  facet normal 0 0 1
    outer loop
      vertex 51.775 -40.42 2.5
      vertex 50.8433 -41.0981 2.5
      vertex 50.8671 -41.2583 2.5
    endloop
  endfacet
  facet normal -0 0 1
    outer loop
      vertex 50.6802 40.6422 2.5
      vertex 51.775 40.42 2.5
      vertex 50.7494 40.7886 2.5
    endloop
  endfacet
  facet normal 0 0 1
    outer loop
      vertex 51.775 -40.42 2.5
      vertex 50.804 -40.941 2.5
      vertex 50.8433 -41.0981 2.5
    endloop
  endfacet
  facet normal -0 0 1
    outer loop
      vertex 50.5969 40.5033 2.5
      vertex 51.775 40.42 2.5
      vertex 50.6802 40.6422 2.5
    endloop
  endfacet
  facet normal 0 0 1
    outer loop
      vertex 51.775 -40.42 2.5
      vertex 50.7494 -40.7886 2.5
      vertex 50.804 -40.941 2.5
    endloop
  endfacet
  facet normal 0 0 1
    outer loop
      vertex 50.5005 40.3733 2.5
      vertex 51.775 40.42 2.5
      vertex 50.5969 40.5033 2.5
    endloop
  endfacet
  facet normal 0 0 1
    outer loop
      vertex 51.775 -40.42 2.5
      vertex 50.6802 -40.6422 2.5
      vertex 50.7494 -40.7886 2.5
    endloop
  endfacet
  facet normal 0 0 1
    outer loop
      vertex 51.775 40.42 2.5
      vertex 44.4945 -26.9668 2.5
      vertex 51.775 -40.42 2.5
    endloop
  endfacet
  facet normal -0 -0 1
    outer loop
      vertex 44.6481 -27.4733 2.5
      vertex 51.775 -40.42 2.5
      vertex 44.5837 -27.2162 2.5
    endloop
  endfacet
  facet normal 0 0 1
    outer loop
      vertex 50.3917 40.2533 2.5
      vertex 51.775 40.42 2.5
      vertex 50.5005 40.3733 2.5
    endloop
  endfacet
  facet normal 0 0 1
    outer loop
      vertex 51.775 -40.42 2.5
      vertex 50.5969 -40.5033 2.5
      vertex 50.6802 -40.6422 2.5
    endloop
  endfacet
  facet normal 0 0 1
    outer loop
      vertex 50.2717 40.1445 2.5
      vertex 51.775 40.42 2.5
      vertex 50.3917 40.2533 2.5
    endloop
  endfacet
  facet normal -0 -0 1
    outer loop
      vertex 44.687 -27.7354 2.5
      vertex 51.775 -40.42 2.5
      vertex 44.6481 -27.4733 2.5
    endloop
  endfacet
  facet normal 0 0 1
    outer loop
      vertex 50.1417 40.0481 2.5
      vertex 51.775 40.42 2.5
      vertex 50.2717 40.1445 2.5
    endloop
  endfacet
  facet normal 0 0 1
    outer loop
      vertex 51.775 -40.42 2.5
      vertex 50.5005 -40.3733 2.5
      vertex 50.5969 -40.5033 2.5
    endloop
  endfacet
  facet normal 0 0 1
    outer loop
      vertex 50.0028 39.9648 2.5
      vertex 51.775 40.42 2.5
      vertex 50.1417 40.0481 2.5
    endloop
  endfacet
  facet normal -0 -0 1
    outer loop
      vertex 44.7 -28 2.5
      vertex 51.775 -40.42 2.5
      vertex 44.687 -27.7354 2.5
    endloop
  endfacet
  facet normal 0 0 1
    outer loop
      vertex 49.8564 39.8956 2.5
      vertex 51.775 40.42 2.5
      vertex 50.0028 39.9648 2.5
    endloop
  endfacet
  facet normal 0 0 1
    outer loop
      vertex 51.775 -40.42 2.5
      vertex 50.3917 -40.2533 2.5
      vertex 50.5005 -40.3733 2.5
    endloop
  endfacet
  facet normal 0 0 1
    outer loop
      vertex 49.704 39.841 2.5
      vertex 51.775 40.42 2.5
      vertex 49.8564 39.8956 2.5
    endloop
  endfacet
  facet normal -0 0 1
    outer loop
      vertex 44.687 -28.2646 2.5
      vertex 51.775 -40.42 2.5
      vertex 44.7 -28 2.5
    endloop
  endfacet
  facet normal 0 0 1
    outer loop
      vertex 43.2728 -25.6188 2.5
      vertex 51.775 40.42 2.5
      vertex 49.704 39.841 2.5
    endloop
  endfacet
  facet normal 0 0 1
    outer loop
      vertex 51.775 -40.42 2.5
      vertex 50.2717 -40.1445 2.5
      vertex 50.3917 -40.2533 2.5
    endloop
  endfacet
  facet normal 0 0 1
    outer loop
      vertex 43.2728 -25.6188 2.5
      vertex 49.704 39.841 2.5
      vertex 49.5469 39.8017 2.5
    endloop
  endfacet
  facet normal -0 0 1
    outer loop
      vertex 44.6481 -28.5267 2.5
      vertex 51.775 -40.42 2.5
      vertex 44.687 -28.2646 2.5
    endloop
  endfacet
  facet normal 0 0 1
    outer loop
      vertex 43.0332 -25.5055 2.5
      vertex 49.5469 39.8017 2.5
      vertex 49.3867 39.7779 2.5
    endloop
  endfacet
  facet normal 0 0 1
    outer loop
      vertex 51.775 -40.42 2.5
      vertex 50.1417 -40.0481 2.5
      vertex 50.2717 -40.1445 2.5
    endloop
  endfacet
  facet normal 0 0 1
    outer loop
      vertex 36 -22 2.5
      vertex 49.3867 39.7779 2.5
      vertex 49.225 39.77 2.5
    endloop
  endfacet
  facet normal -0 0 1
    outer loop
      vertex 44.5837 -28.7838 2.5
      vertex 51.775 -40.42 2.5
      vertex 44.6481 -28.5267 2.5
    endloop
  endfacet
  facet normal 0 0 1
    outer loop
      vertex 36 -22 2.5
      vertex 49.225 39.77 2.5
      vertex 49.0633 39.7779 2.5
    endloop
  endfacet
  facet normal 0 0 1
    outer loop
      vertex 51.775 -40.42 2.5
      vertex 50.0028 -39.9648 2.5
      vertex 50.1417 -40.0481 2.5
    endloop
  endfacet
  facet normal 0 0 1
    outer loop
      vertex 36 -22 2.5
      vertex 49.0633 39.7779 2.5
      vertex 48.9031 39.8017 2.5
    endloop
  endfacet
  facet normal 0 0 1
    outer loop
      vertex 51.775 -40.42 2.5
      vertex 49.8564 -39.8956 2.5
      vertex 50.0028 -39.9648 2.5
    endloop
  endfacet
  facet normal 0 0 1
    outer loop
      vertex 36 -22 2.5
      vertex 48.9031 39.8017 2.5
      vertex 48.746 39.841 2.5
    endloop
  endfacet
  facet normal 0 0 1
    outer loop
      vertex 51.775 -40.42 2.5
      vertex 44.5837 -28.7838 2.5
      vertex 49.8564 -39.8956 2.5
    endloop
  endfacet
  facet normal 0 0 1
    outer loop
      vertex 36 -22 2.5
      vertex 48.746 39.841 2.5
      vertex 48.5936 39.8956 2.5
    endloop
  endfacet
  facet normal 0 0 1
    outer loop
      vertex 49.8564 -39.8956 2.5
      vertex 44.5837 -28.7838 2.5
      vertex 49.704 -39.841 2.5
    endloop
  endfacet
  facet normal 0 0 1
    outer loop
      vertex 36 -22 2.5
      vertex 48.5936 39.8956 2.5
      vertex 48.4472 39.9648 2.5
    endloop
  endfacet
  facet normal 0 0 1
    outer loop
      vertex 49.704 -39.841 2.5
      vertex 44.4945 -29.0332 2.5
      vertex 49.5469 -39.8017 2.5
    endloop
  endfacet
  facet normal 0 0 1
    outer loop
      vertex 36 -22 2.5
      vertex 48.4472 39.9648 2.5
      vertex 48.3083 40.0481 2.5
    endloop
  endfacet
  facet normal -0 0 1
    outer loop
      vertex 44.3812 -29.2728 2.5
      vertex 49.5469 -39.8017 2.5
      vertex 44.4945 -29.0332 2.5
    endloop
  endfacet
  facet normal 0 0 1
    outer loop
      vertex 24 -22 2.5
      vertex 48.3083 40.0481 2.5
      vertex 48.1782 40.1445 2.5
    endloop
  endfacet
  facet normal 0 0 1
    outer loop
      vertex 49.5469 -39.8017 2.5
      vertex 44.3812 -29.2728 2.5
      vertex 49.3867 -39.7779 2.5
    endloop
  endfacet
  facet normal 0 0 1
    outer loop
      vertex 24 -22 2.5
      vertex 48.1782 40.1445 2.5
      vertex 48.0583 40.2533 2.5
    endloop
  endfacet
  facet normal -0 0 1
    outer loop
      vertex 44.245 -29.5 2.5
      vertex 49.3867 -39.7779 2.5
      vertex 44.3812 -29.2728 2.5
    endloop
  endfacet
  facet normal 0 0 1
    outer loop
      vertex 24 -22 2.5
      vertex 48.0583 40.2533 2.5
      vertex 47.9495 40.3733 2.5
    endloop
  endfacet
  facet normal 0 0 1
    outer loop
      vertex 49.3867 -39.7779 2.5
      vertex 44.245 -29.5 2.5
      vertex 49.225 -39.77 2.5
    endloop
  endfacet
  facet normal 0 0 1
    outer loop
      vertex 24 -22 2.5
      vertex 47.9495 40.3733 2.5
      vertex 47.8531 40.5033 2.5
    endloop
  endfacet
  facet normal -0 0 1
    outer loop
      vertex 44.0871 -29.7129 2.5
      vertex 49.225 -39.77 2.5
      vertex 44.245 -29.5 2.5
    endloop
  endfacet
  facet normal 0 0 1
    outer loop
      vertex 24 -22 2.5
      vertex 47.8531 40.5033 2.5
      vertex 47.7698 40.6422 2.5
    endloop
  endfacet
  facet normal 0 0 1
    outer loop
      vertex 49.225 -39.77 2.5
      vertex 44.0871 -29.7129 2.5
      vertex 49.0633 -39.7779 2.5
    endloop
  endfacet
  facet normal 0 0 1
    outer loop
      vertex 24 -22 2.5
      vertex 47.7698 40.6422 2.5
      vertex 47.7006 40.7886 2.5
    endloop
  endfacet
  facet normal -0 0 1
    outer loop
      vertex 43.9092 -29.9092 2.5
      vertex 49.0633 -39.7779 2.5
      vertex 44.0871 -29.7129 2.5
    endloop
  endfacet
  facet normal 0 0 1
    outer loop
      vertex -47.6067 41.0981 2.5
      vertex 47.6067 41.0981 2.5
      vertex -47.5829 41.2583 2.5
    endloop
  endfacet
  facet normal 0 0 1
    outer loop
      vertex 49.0633 -39.7779 2.5
      vertex 43.9092 -29.9092 2.5
      vertex 48.9031 -39.8017 2.5
    endloop
  endfacet
  facet normal 0 0 1
    outer loop
      vertex 47.5829 41.2583 2.5
      vertex -47.5829 41.2583 2.5
      vertex 47.6067 41.0981 2.5
    endloop
  endfacet
  facet normal -0 0 1
    outer loop
      vertex 43.7129 -30.0871 2.5
      vertex 48.9031 -39.8017 2.5
      vertex 43.9092 -29.9092 2.5
    endloop
  endfacet
  facet normal 0 0 1
    outer loop
      vertex -47.5829 41.2583 2.5
      vertex 47.5829 41.2583 2.5
      vertex -47.575 41.42 2.5
    endloop
  endfacet
  facet normal 0 0 1
    outer loop
      vertex 48.9031 -39.8017 2.5
      vertex 43.7129 -30.0871 2.5
      vertex 48.746 -39.841 2.5
    endloop
  endfacet
  facet normal -0 0 1
    outer loop
      vertex -47.575 41.42 2.5
      vertex 47.5829 41.2583 2.5
      vertex 47.575 41.42 2.5
    endloop
  endfacet
  facet normal -0 0 1
    outer loop
      vertex 43.5 -30.245 2.5
      vertex 48.746 -39.841 2.5
      vertex 43.7129 -30.0871 2.5
    endloop
  endfacet
  facet normal 0 0 1
    outer loop
      vertex 50.8433 41.0981 2.5
      vertex 51.7068 41.1126 2.5
      vertex 50.8671 41.2583 2.5
    endloop
  endfacet
  facet normal 0 0 1
    outer loop
      vertex 50.804 40.941 2.5
      vertex 51.7068 41.1126 2.5
      vertex 50.8433 41.0981 2.5
    endloop
  endfacet
  facet normal 0 0 1
    outer loop
      vertex 51.6221 41.4505 2.5
      vertex 50.8671 41.2583 2.5
      vertex 51.7068 41.1126 2.5
    endloop
  endfacet
  facet normal 0 0 1
    outer loop
      vertex 51.7068 41.1126 2.5
      vertex 50.804 40.941 2.5
      vertex 51.7579 40.768 2.5
    endloop
  endfacet
  facet normal 0 0 1
    outer loop
      vertex 50.8671 41.2583 2.5
      vertex 51.6221 41.4505 2.5
      vertex 50.875 41.42 2.5
    endloop
  endfacet
  facet normal 0 0 1
    outer loop
      vertex 51.775 -40.42 2.5
      vertex 50.875 -41.42 2.5
      vertex 51.7579 -40.768 2.5
    endloop
  endfacet
  facet normal 0 0 1
    outer loop
      vertex 50.875 41.42 2.5
      vertex 51.6221 41.4505 2.5
      vertex 51.5048 41.7785 2.5
    endloop
  endfacet
  facet normal 0 0 1
    outer loop
      vertex 51.7579 -40.768 2.5
      vertex 50.875 -41.42 2.5
      vertex 51.7068 -41.1126 2.5
    endloop
  endfacet
  facet normal 0 0 1
    outer loop
      vertex 50.8433 41.7419 2.5
      vertex 51.5048 41.7785 2.5
      vertex 51.3558 42.0935 2.5
    endloop
  endfacet
  facet normal 0 0 1
    outer loop
      vertex 51.7068 -41.1126 2.5
      vertex 50.875 -41.42 2.5
      vertex 51.6221 -41.4505 2.5
    endloop
  endfacet
  facet normal 0 0 1
    outer loop
      vertex 50.7494 42.0514 2.5
      vertex 51.3558 42.0935 2.5
      vertex 51.1767 42.3923 2.5
    endloop
  endfacet
  facet normal 0 0 1
    outer loop
      vertex 51.6221 -41.4505 2.5
      vertex 50.875 -41.42 2.5
      vertex 51.5048 -41.7785 2.5
    endloop
  endfacet
  facet normal 0 0 1
    outer loop
      vertex 50.6802 42.1978 2.5
      vertex 51.1767 42.3923 2.5
      vertex 50.9692 42.6721 2.5
    endloop
  endfacet
  facet normal -0 0 1
    outer loop
      vertex 50.8671 -41.5817 2.5
      vertex 51.5048 -41.7785 2.5
      vertex 50.875 -41.42 2.5
    endloop
  endfacet
  facet normal -0 0 1
    outer loop
      vertex 50.8433 -41.7419 2.5
      vertex 51.5048 -41.7785 2.5
      vertex 50.8671 -41.5817 2.5
    endloop
  endfacet
  facet normal 0 0 1
    outer loop
      vertex 51.5048 41.7785 2.5
      vertex 50.8671 41.5817 2.5
      vertex 50.875 41.42 2.5
    endloop
  endfacet
  facet normal 0 0 1
    outer loop
      vertex 51.5048 41.7785 2.5
      vertex 50.8433 41.7419 2.5
      vertex 50.8671 41.5817 2.5
    endloop
  endfacet
  facet normal 0 0 1
    outer loop
      vertex 51.3558 42.0935 2.5
      vertex 50.804 41.899 2.5
      vertex 50.8433 41.7419 2.5
    endloop
  endfacet
  facet normal 0 0 1
    outer loop
      vertex 51.3558 42.0935 2.5
      vertex 50.7494 42.0514 2.5
      vertex 50.804 41.899 2.5
    endloop
  endfacet
  facet normal 0 0 1
    outer loop
      vertex 50.5005 42.4667 2.5
      vertex 50.9692 42.6721 2.5
      vertex 50.7352 42.9302 2.5
    endloop
  endfacet
  facet normal 0 0 1
    outer loop
      vertex 51.1767 42.3923 2.5
      vertex 50.6802 42.1978 2.5
      vertex 50.7494 42.0514 2.5
    endloop
  endfacet
  facet normal 0 0 1
    outer loop
      vertex 50.9692 42.6721 2.5
      vertex 50.5969 42.3367 2.5
      vertex 50.6802 42.1978 2.5
    endloop
  endfacet
  facet normal 0 0 1
    outer loop
      vertex 50.9692 42.6721 2.5
      vertex 50.5005 42.4667 2.5
      vertex 50.5969 42.3367 2.5
    endloop
  endfacet
  facet normal 0 0 1
    outer loop
      vertex 50.2717 42.6955 2.5
      vertex 50.7352 42.9302 2.5
      vertex 50.4771 43.1642 2.5
    endloop
  endfacet
  facet normal 0 0 1
    outer loop
      vertex 50.7352 42.9302 2.5
      vertex 50.3917 42.5867 2.5
      vertex 50.5005 42.4667 2.5
    endloop
  endfacet
  facet normal 0 0 1
    outer loop
      vertex 50.7352 42.9302 2.5
      vertex 50.2717 42.6955 2.5
      vertex 50.3917 42.5867 2.5
    endloop
  endfacet
  facet normal 0 0 1
    outer loop
      vertex 50.0028 42.8752 2.5
      vertex 50.4771 43.1642 2.5
      vertex 50.1973 43.3717 2.5
    endloop
  endfacet
  facet normal 0 0 1
    outer loop
      vertex 50.4771 43.1642 2.5
      vertex 50.1417 42.7919 2.5
      vertex 50.2717 42.6955 2.5
    endloop
  endfacet
  facet normal 0 0 1
    outer loop
      vertex 50.4771 43.1642 2.5
      vertex 50.0028 42.8752 2.5
      vertex 50.1417 42.7919 2.5
    endloop
  endfacet
  facet normal 0 0 1
    outer loop
      vertex 49.8564 42.9444 2.5
      vertex 50.1973 43.3717 2.5
      vertex 49.8985 43.5508 2.5
    endloop
  endfacet
  facet normal 0 0 1
    outer loop
      vertex 50.1973 43.3717 2.5
      vertex 49.8564 42.9444 2.5
      vertex 50.0028 42.8752 2.5
    endloop
  endfacet
  facet normal 0 0 1
    outer loop
      vertex 49.8985 43.5508 2.5
      vertex 49.704 42.999 2.5
      vertex 49.8564 42.9444 2.5
    endloop
  endfacet
  facet normal 0 0 1
    outer loop
      vertex 49.5469 43.0383 2.5
      vertex 49.8985 43.5508 2.5
      vertex 49.5835 43.6998 2.5
    endloop
  endfacet
  facet normal 0 0 1
    outer loop
      vertex 49.8985 43.5508 2.5
      vertex 49.5469 43.0383 2.5
      vertex 49.704 42.999 2.5
    endloop
  endfacet
  facet normal 0 0 1
    outer loop
      vertex 49.5835 43.6998 2.5
      vertex 49.3867 43.0621 2.5
      vertex 49.5469 43.0383 2.5
    endloop
  endfacet
  facet normal 0 0 1
    outer loop
      vertex 49.225 43.07 2.5
      vertex 49.5835 43.6998 2.5
      vertex 49.2555 43.8171 2.5
    endloop
  endfacet
  facet normal 0 0 1
    outer loop
      vertex 49.5835 43.6998 2.5
      vertex 49.225 43.07 2.5
      vertex 49.3867 43.0621 2.5
    endloop
  endfacet
  facet normal 0 0 1
    outer loop
      vertex 49.2555 43.8171 2.5
      vertex 49.0633 43.0621 2.5
      vertex 49.225 43.07 2.5
    endloop
  endfacet
  facet normal 0 0 1
    outer loop
      vertex 48.9176 43.9018 2.5
      vertex 49.0633 43.0621 2.5
      vertex 49.2555 43.8171 2.5
    endloop
  endfacet
  facet normal 0 0 1
    outer loop
      vertex 48.9176 43.9018 2.5
      vertex 48.9031 43.0383 2.5
      vertex 49.0633 43.0621 2.5
    endloop
  endfacet
  facet normal 0 0 1
    outer loop
      vertex 48.9176 43.9018 2.5
      vertex 48.746 42.999 2.5
      vertex 48.9031 43.0383 2.5
    endloop
  endfacet
  facet normal 0 0 1
    outer loop
      vertex 48.573 43.9529 2.5
      vertex 48.746 42.999 2.5
      vertex 48.9176 43.9018 2.5
    endloop
  endfacet
  facet normal 0 0 1
    outer loop
      vertex 48.746 42.999 2.5
      vertex 48.573 43.9529 2.5
      vertex 48.5936 42.9444 2.5
    endloop
  endfacet
  facet normal 0 0 1
    outer loop
      vertex 48.225 43.97 2.5
      vertex 48.5936 42.9444 2.5
      vertex 48.573 43.9529 2.5
    endloop
  endfacet
  facet normal 0 0 1
    outer loop
      vertex 48.5936 42.9444 2.5
      vertex 48.225 43.97 2.5
      vertex 48.4472 42.8752 2.5
    endloop
  endfacet
  facet normal 0 0 1
    outer loop
      vertex 48.4472 42.8752 2.5
      vertex 48.225 43.97 2.5
      vertex 48.3083 42.7919 2.5
    endloop
  endfacet
  facet normal 0 0 1
    outer loop
      vertex 48.225 43.97 2.5
      vertex 48.1782 42.6955 2.5
      vertex 48.3083 42.7919 2.5
    endloop
  endfacet
  facet normal 0 0 1
    outer loop
      vertex 48.225 43.97 2.5
      vertex 48.0583 42.5867 2.5
      vertex 48.1782 42.6955 2.5
    endloop
  endfacet
  facet normal 0 0 1
    outer loop
      vertex 48.225 43.97 2.5
      vertex 47.9495 42.4667 2.5
      vertex 48.0583 42.5867 2.5
    endloop
  endfacet
  facet normal 0 0 1
    outer loop
      vertex 48.225 43.97 2.5
      vertex 47.8531 42.3367 2.5
      vertex 47.9495 42.4667 2.5
    endloop
  endfacet
  facet normal 0 0 1
    outer loop
      vertex 48.225 43.97 2.5
      vertex 47.7698 42.1978 2.5
      vertex 47.8531 42.3367 2.5
    endloop
  endfacet
  facet normal 0 0 1
    outer loop
      vertex 48.225 43.97 2.5
      vertex 47.7006 42.0514 2.5
      vertex 47.7698 42.1978 2.5
    endloop
  endfacet
  facet normal 0 0 1
    outer loop
      vertex 48.225 43.97 2.5
      vertex 47.646 41.899 2.5
      vertex 47.7006 42.0514 2.5
    endloop
  endfacet
  facet normal 0 0 1
    outer loop
      vertex 48.746 -39.841 2.5
      vertex 43.5 -30.245 2.5
      vertex 48.5936 -39.8956 2.5
    endloop
  endfacet
  facet normal -0 0 1
    outer loop
      vertex 43.2728 -30.3812 2.5
      vertex 48.4472 -39.9648 2.5
      vertex 43.5 -30.245 2.5
    endloop
  endfacet
  facet normal 0 0 1
    outer loop
      vertex 48.5936 -39.8956 2.5
      vertex 43.5 -30.245 2.5
      vertex 48.4472 -39.9648 2.5
    endloop
  endfacet
  facet normal -0 0 1
    outer loop
      vertex 44.4945 -29.0332 2.5
      vertex 49.704 -39.841 2.5
      vertex 44.5837 -28.7838 2.5
    endloop
  endfacet
  facet normal 0 0 1
    outer loop
      vertex 51.775 -40.42 2.5
      vertex 44.4945 -26.9668 2.5
      vertex 44.5837 -27.2162 2.5
    endloop
  endfacet
  facet normal 0 0 1
    outer loop
      vertex 51.775 40.42 2.5
      vertex 44.3812 -26.7272 2.5
      vertex 44.4945 -26.9668 2.5
    endloop
  endfacet
  facet normal 0 0 1
    outer loop
      vertex 51.775 40.42 2.5
      vertex 44.245 -26.5 2.5
      vertex 44.3812 -26.7272 2.5
    endloop
  endfacet
  facet normal 0 0 1
    outer loop
      vertex 51.775 40.42 2.5
      vertex 44.0871 -26.2871 2.5
      vertex 44.245 -26.5 2.5
    endloop
  endfacet
  facet normal 0 0 1
    outer loop
      vertex -47.575 41.42 2.5
      vertex 47.575 41.42 2.5
      vertex 47.5829 41.5817 2.5
    endloop
  endfacet
  facet normal 0 0 1
    outer loop
      vertex 51.775 40.42 2.5
      vertex 43.9092 -26.0908 2.5
      vertex 44.0871 -26.2871 2.5
    endloop
  endfacet
  facet normal 0 0 1
    outer loop
      vertex 51.775 40.42 2.5
      vertex 43.7129 -25.9129 2.5
      vertex 43.9092 -26.0908 2.5
    endloop
  endfacet
  facet normal 0 0 1
    outer loop
      vertex 51.775 40.42 2.5
      vertex 43.5 -25.755 2.5
      vertex 43.7129 -25.9129 2.5
    endloop
  endfacet
  facet normal 0 0 1
    outer loop
      vertex 51.775 40.42 2.5
      vertex 43.2728 -25.6188 2.5
      vertex 43.5 -25.755 2.5
    endloop
  endfacet
  facet normal 0 0 1
    outer loop
      vertex 49.5469 39.8017 2.5
      vertex 43.0332 -25.5055 2.5
      vertex 43.2728 -25.6188 2.5
    endloop
  endfacet
  facet normal 0 0 1
    outer loop
      vertex 49.3867 39.7779 2.5
      vertex 36 -22 2.5
      vertex 43.0332 -25.5055 2.5
    endloop
  endfacet
  facet normal 0 0 1
    outer loop
      vertex 43.0332 -25.5055 2.5
      vertex 36 -22 2.5
      vertex 42.7838 -25.4163 2.5
    endloop
  endfacet
  facet normal 0 0 1
    outer loop
      vertex 42.7838 -25.4163 2.5
      vertex 36 -22 2.5
      vertex 42.5267 -25.3519 2.5
    endloop
  endfacet
  facet normal 0 0 1
    outer loop
      vertex 42.5267 -25.3519 2.5
      vertex 36 -22 2.5
      vertex 42.2646 -25.313 2.5
    endloop
  endfacet
  facet normal 0 0 1
    outer loop
      vertex 42.2646 -25.313 2.5
      vertex 36 -22 2.5
      vertex 42 -25.3 2.5
    endloop
  endfacet
  facet normal 0 0 1
    outer loop
      vertex 42 -25.3 2.5
      vertex 36 -22 2.5
      vertex 41.7354 -25.313 2.5
    endloop
  endfacet
  facet normal 0 0 1
    outer loop
      vertex 41.7354 -25.313 2.5
      vertex 36 -22 2.5
      vertex 41.4733 -25.3519 2.5
    endloop
  endfacet
  facet normal 0 0 1
    outer loop
      vertex 41.4733 -25.3519 2.5
      vertex 36 -22 2.5
      vertex 41.2162 -25.4163 2.5
    endloop
  endfacet
  facet normal 0 0 1
    outer loop
      vertex 41.2162 -25.4163 2.5
      vertex 36 -22 2.5
      vertex 40.9668 -25.5055 2.5
    endloop
  endfacet
  facet normal 0 0 1
    outer loop
      vertex 40.9668 -25.5055 2.5
      vertex 36 -22 2.5
      vertex 40.7272 -25.6188 2.5
    endloop
  endfacet
  facet normal 0 0 1
    outer loop
      vertex 40.7272 -25.6188 2.5
      vertex 36 -22 2.5
      vertex 40.5 -25.755 2.5
    endloop
  endfacet
  facet normal 0 0 1
    outer loop
      vertex 40.5 -25.755 2.5
      vertex 36 -22 2.5
      vertex 40.2871 -25.9129 2.5
    endloop
  endfacet
  facet normal 0 0 1
    outer loop
      vertex 40.2871 -25.9129 2.5
      vertex 36 -22 2.5
      vertex 40.0908 -26.0908 2.5
    endloop
  endfacet
  facet normal 0 0 1
    outer loop
      vertex 40.0908 -26.0908 2.5
      vertex 36 -22 2.5
      vertex 39.9129 -26.2871 2.5
    endloop
  endfacet
  facet normal 0 0 1
    outer loop
      vertex 39.9129 -26.2871 2.5
      vertex 36 -22 2.5
      vertex 39.755 -26.5 2.5
    endloop
  endfacet
  facet normal 0 0 1
    outer loop
      vertex 39.755 -26.5 2.5
      vertex 36 -22 2.5
      vertex 39.6188 -26.7272 2.5
    endloop
  endfacet
  facet normal 0 0 1
    outer loop
      vertex 36 -28 2.5
      vertex 39.6188 -26.7272 2.5
      vertex 36 -22 2.5
    endloop
  endfacet
  facet normal 0 0 1
    outer loop
      vertex 39.6188 -26.7272 2.5
      vertex 36 -28 2.5
      vertex 39.5055 -26.9668 2.5
    endloop
  endfacet
  facet normal 0 0 1
    outer loop
      vertex 39.5055 -26.9668 2.5
      vertex 36 -28 2.5
      vertex 39.4163 -27.2162 2.5
    endloop
  endfacet
  facet normal 0 0 1
    outer loop
      vertex 39.3519 -27.4733 2.5
      vertex 36 -28 2.5
      vertex 39.313 -27.7354 2.5
    endloop
  endfacet
  facet normal 0 0 1
    outer loop
      vertex 39.4163 -27.2162 2.5
      vertex 36 -28 2.5
      vertex 39.3519 -27.4733 2.5
    endloop
  endfacet
  facet normal 0 0 1
    outer loop
      vertex -47.5829 41.5817 2.5
      vertex 47.5829 41.5817 2.5
      vertex 47.6067 41.7419 2.5
    endloop
  endfacet
  facet normal 0 0 1
    outer loop
      vertex 48.3083 40.0481 2.5
      vertex 24 -22 2.5
      vertex 36 -22 2.5
    endloop
  endfacet
  facet normal 0 0 1
    outer loop
      vertex -47.6067 41.7419 2.5
      vertex 47.6067 41.7419 2.5
      vertex 47.646 41.899 2.5
    endloop
  endfacet
  facet normal 0 0 1
    outer loop
      vertex -47.646 41.899 2.5
      vertex 47.646 41.899 2.5
      vertex 48.225 43.97 2.5
    endloop
  endfacet
  facet normal 0 0 1
    outer loop
      vertex -47.646 40.941 2.5
      vertex 47.646 40.941 2.5
      vertex -47.6067 41.0981 2.5
    endloop
  endfacet
  facet normal 0 0 1
    outer loop
      vertex 47.6067 41.0981 2.5
      vertex -47.6067 41.0981 2.5
      vertex 47.646 40.941 2.5
    endloop
  endfacet
  facet normal 0 0 1
    outer loop
      vertex 47.5829 41.5817 2.5
      vertex -47.5829 41.5817 2.5
      vertex -47.575 41.42 2.5
    endloop
  endfacet
  facet normal 0 0 1
    outer loop
      vertex 47.6067 41.7419 2.5
      vertex -47.6067 41.7419 2.5
      vertex -47.5829 41.5817 2.5
    endloop
  endfacet
  facet normal 0 0 1
    outer loop
      vertex 47.646 41.899 2.5
      vertex -47.646 41.899 2.5
      vertex -47.6067 41.7419 2.5
    endloop
  endfacet
  facet normal -0 0 1
    outer loop
      vertex -48.225 43.97 2.5
      vertex -47.646 41.899 2.5
      vertex 48.225 43.97 2.5
    endloop
  endfacet
  facet normal 0 0 1
    outer loop
      vertex -47.646 41.899 2.5
      vertex -48.225 43.97 2.5
      vertex -47.7006 42.0514 2.5
    endloop
  endfacet
  facet normal 0 0 1
    outer loop
      vertex -47.7006 42.0514 2.5
      vertex -48.225 43.97 2.5
      vertex -47.7698 42.1978 2.5
    endloop
  endfacet
  facet normal 0 0 1
    outer loop
      vertex -47.7698 42.1978 2.5
      vertex -48.225 43.97 2.5
      vertex -47.8531 42.3367 2.5
    endloop
  endfacet
  facet normal 0 0 1
    outer loop
      vertex -47.8531 42.3367 2.5
      vertex -48.225 43.97 2.5
      vertex -47.9495 42.4667 2.5
    endloop
  endfacet
  facet normal 0 0 1
    outer loop
      vertex -47.9495 42.4667 2.5
      vertex -48.225 43.97 2.5
      vertex -48.0583 42.5867 2.5
    endloop
  endfacet
  facet normal 0 0 1
    outer loop
      vertex -48.0583 42.5867 2.5
      vertex -48.225 43.97 2.5
      vertex -48.1782 42.6955 2.5
    endloop
  endfacet
  facet normal 0 0 1
    outer loop
      vertex -48.225 43.97 2.5
      vertex -48.3083 42.7919 2.5
      vertex -48.1782 42.6955 2.5
    endloop
  endfacet
  facet normal 0 0 1
    outer loop
      vertex -48.225 43.97 2.5
      vertex -48.4472 42.8752 2.5
      vertex -48.3083 42.7919 2.5
    endloop
  endfacet
  facet normal 0 0 1
    outer loop
      vertex -48.5936 42.9444 2.5
      vertex -48.225 43.97 2.5
      vertex -48.573 43.9529 2.5
    endloop
  endfacet
  facet normal 0 0 1
    outer loop
      vertex -48.225 43.97 2.5
      vertex -48.5936 42.9444 2.5
      vertex -48.4472 42.8752 2.5
    endloop
  endfacet
  facet normal 0 0 1
    outer loop
      vertex -48.573 43.9529 2.5
      vertex -48.746 42.999 2.5
      vertex -48.5936 42.9444 2.5
    endloop
  endfacet
  facet normal -0 0 1
    outer loop
      vertex -48.9176 43.9018 2.5
      vertex -48.746 42.999 2.5
      vertex -48.573 43.9529 2.5
    endloop
  endfacet
  facet normal 0 0 1
    outer loop
      vertex -48.746 42.999 2.5
      vertex -48.9176 43.9018 2.5
      vertex -48.9031 43.0383 2.5
    endloop
  endfacet
  facet normal 0 0 1
    outer loop
      vertex -48.9176 43.9018 2.5
      vertex -49.0633 43.0621 2.5
      vertex -48.9031 43.0383 2.5
    endloop
  endfacet
  facet normal -0 0 1
    outer loop
      vertex -49.2555 43.8171 2.5
      vertex -49.0633 43.0621 2.5
      vertex -48.9176 43.9018 2.5
    endloop
  endfacet
  facet normal 0 0 1
    outer loop
      vertex -49.0633 43.0621 2.5
      vertex -49.2555 43.8171 2.5
      vertex -49.225 43.07 2.5
    endloop
  endfacet
  facet normal -0 0 1
    outer loop
      vertex -49.5835 43.6998 2.5
      vertex -49.225 43.07 2.5
      vertex -49.2555 43.8171 2.5
    endloop
  endfacet
  facet normal 0 0 1
    outer loop
      vertex -49.225 43.07 2.5
      vertex -49.5835 43.6998 2.5
      vertex -49.3867 43.0621 2.5
    endloop
  endfacet
  facet normal 0 0 1
    outer loop
      vertex -49.3867 43.0621 2.5
      vertex -49.5835 43.6998 2.5
      vertex -49.5469 43.0383 2.5
    endloop
  endfacet
  facet normal -0 0 1
    outer loop
      vertex -49.8985 43.5508 2.5
      vertex -49.5469 43.0383 2.5
      vertex -49.5835 43.6998 2.5
    endloop
  endfacet
  facet normal 0 0 1
    outer loop
      vertex -49.5469 43.0383 2.5
      vertex -49.8985 43.5508 2.5
      vertex -49.704 42.999 2.5
    endloop
  endfacet
  facet normal 0 0 1
    outer loop
      vertex -49.704 42.999 2.5
      vertex -49.8985 43.5508 2.5
      vertex -49.8564 42.9444 2.5
    endloop
  endfacet
  facet normal -0 0 1
    outer loop
      vertex -50.1973 43.3717 2.5
      vertex -49.8564 42.9444 2.5
      vertex -49.8985 43.5508 2.5
    endloop
  endfacet
  facet normal 0 0 1
    outer loop
      vertex -49.8564 42.9444 2.5
      vertex -50.1973 43.3717 2.5
      vertex -50.0028 42.8752 2.5
    endloop
  endfacet
  facet normal -0 0 1
    outer loop
      vertex -50.4771 43.1642 2.5
      vertex -50.0028 42.8752 2.5
      vertex -50.1973 43.3717 2.5
    endloop
  endfacet
  facet normal 0 0 1
    outer loop
      vertex -50.0028 42.8752 2.5
      vertex -50.4771 43.1642 2.5
      vertex -50.1417 42.7919 2.5
    endloop
  endfacet
  facet normal 0 0 1
    outer loop
      vertex -50.1417 42.7919 2.5
      vertex -50.4771 43.1642 2.5
      vertex -50.2717 42.6955 2.5
    endloop
  endfacet
  facet normal -0 0 1
    outer loop
      vertex -50.7352 42.9302 2.5
      vertex -50.2717 42.6955 2.5
      vertex -50.4771 43.1642 2.5
    endloop
  endfacet
  facet normal 0 0 1
    outer loop
      vertex -50.2717 42.6955 2.5
      vertex -50.7352 42.9302 2.5
      vertex -50.3917 42.5867 2.5
    endloop
  endfacet
  facet normal 0 0 1
    outer loop
      vertex -50.3917 42.5867 2.5
      vertex -50.7352 42.9302 2.5
      vertex -50.5005 42.4667 2.5
    endloop
  endfacet
  facet normal -0 0 1
    outer loop
      vertex -50.9692 42.6721 2.5
      vertex -50.5005 42.4667 2.5
      vertex -50.7352 42.9302 2.5
    endloop
  endfacet
  facet normal 0 0 1
    outer loop
      vertex -50.5005 42.4667 2.5
      vertex -50.9692 42.6721 2.5
      vertex -50.5969 42.3367 2.5
    endloop
  endfacet
  facet normal 0 0 1
    outer loop
      vertex -50.5969 42.3367 2.5
      vertex -50.9692 42.6721 2.5
      vertex -50.6802 42.1978 2.5
    endloop
  endfacet
  facet normal -0 0 1
    outer loop
      vertex -51.1767 42.3923 2.5
      vertex -50.6802 42.1978 2.5
      vertex -50.9692 42.6721 2.5
    endloop
  endfacet
  facet normal 0 0 1
    outer loop
      vertex -50.6802 42.1978 2.5
      vertex -51.1767 42.3923 2.5
      vertex -50.7494 42.0514 2.5
    endloop
  endfacet
  facet normal -0 0 1
    outer loop
      vertex -51.3558 42.0935 2.5
      vertex -50.7494 42.0514 2.5
      vertex -51.1767 42.3923 2.5
    endloop
  endfacet
  facet normal -0 0 1
    outer loop
      vertex -51.5048 41.7785 2.5
      vertex -50.8433 41.7419 2.5
      vertex -51.3558 42.0935 2.5
    endloop
  endfacet
  facet normal 0 0 1
    outer loop
      vertex -50.804 41.899 2.5
      vertex -51.3558 42.0935 2.5
      vertex -50.8433 41.7419 2.5
    endloop
  endfacet
  facet normal 0 0 1
    outer loop
      vertex -50.7494 42.0514 2.5
      vertex -51.3558 42.0935 2.5
      vertex -50.804 41.899 2.5
    endloop
  endfacet
  facet normal 0 0 1
    outer loop
      vertex 51.5048 -41.7785 2.5
      vertex 50.8433 -41.7419 2.5
      vertex 51.3558 -42.0935 2.5
    endloop
  endfacet
  facet normal -0 0 1
    outer loop
      vertex 50.804 -41.899 2.5
      vertex 51.3558 -42.0935 2.5
      vertex 50.8433 -41.7419 2.5
    endloop
  endfacet
  facet normal -0 0 1
    outer loop
      vertex 50.7494 -42.0514 2.5
      vertex 51.3558 -42.0935 2.5
      vertex 50.804 -41.899 2.5
    endloop
  endfacet
  facet normal 0 0 1
    outer loop
      vertex 51.3558 -42.0935 2.5
      vertex 50.7494 -42.0514 2.5
      vertex 51.1767 -42.3923 2.5
    endloop
  endfacet
  facet normal -0 0 1
    outer loop
      vertex 50.6802 -42.1978 2.5
      vertex 51.1767 -42.3923 2.5
      vertex 50.7494 -42.0514 2.5
    endloop
  endfacet
  facet normal 0 0 1
    outer loop
      vertex 51.1767 -42.3923 2.5
      vertex 50.6802 -42.1978 2.5
      vertex 50.9692 -42.6721 2.5
    endloop
  endfacet
  facet normal -0 0 1
    outer loop
      vertex 50.5969 -42.3367 2.5
      vertex 50.9692 -42.6721 2.5
      vertex 50.6802 -42.1978 2.5
    endloop
  endfacet
  facet normal -0 0 1
    outer loop
      vertex 50.5005 -42.4667 2.5
      vertex 50.9692 -42.6721 2.5
      vertex 50.5969 -42.3367 2.5
    endloop
  endfacet
  facet normal 0 0 1
    outer loop
      vertex 50.9692 -42.6721 2.5
      vertex 50.5005 -42.4667 2.5
      vertex 50.7352 -42.9302 2.5
    endloop
  endfacet
  facet normal -0 0 1
    outer loop
      vertex 50.3917 -42.5867 2.5
      vertex 50.7352 -42.9302 2.5
      vertex 50.5005 -42.4667 2.5
    endloop
  endfacet
  facet normal -0 0 1
    outer loop
      vertex 50.2717 -42.6955 2.5
      vertex 50.7352 -42.9302 2.5
      vertex 50.3917 -42.5867 2.5
    endloop
  endfacet
  facet normal 0 0 1
    outer loop
      vertex 50.7352 -42.9302 2.5
      vertex 50.2717 -42.6955 2.5
      vertex 50.4771 -43.1642 2.5
    endloop
  endfacet
  facet normal -0 0 1
    outer loop
      vertex 50.1417 -42.7919 2.5
      vertex 50.4771 -43.1642 2.5
      vertex 50.2717 -42.6955 2.5
    endloop
  endfacet
  facet normal -0 0 1
    outer loop
      vertex 50.0028 -42.8752 2.5
      vertex 50.4771 -43.1642 2.5
      vertex 50.1417 -42.7919 2.5
    endloop
  endfacet
  facet normal 0 0 1
    outer loop
      vertex 50.4771 -43.1642 2.5
      vertex 50.0028 -42.8752 2.5
      vertex 50.1973 -43.3717 2.5
    endloop
  endfacet
  facet normal -0 0 1
    outer loop
      vertex 49.8564 -42.9444 2.5
      vertex 50.1973 -43.3717 2.5
      vertex 50.0028 -42.8752 2.5
    endloop
  endfacet
  facet normal 0 0 1
    outer loop
      vertex 50.1973 -43.3717 2.5
      vertex 49.8564 -42.9444 2.5
      vertex 49.8985 -43.5508 2.5
    endloop
  endfacet
  facet normal -0 0 1
    outer loop
      vertex 49.704 -42.999 2.5
      vertex 49.8985 -43.5508 2.5
      vertex 49.8564 -42.9444 2.5
    endloop
  endfacet
  facet normal -0 0 1
    outer loop
      vertex 49.5469 -43.0383 2.5
      vertex 49.8985 -43.5508 2.5
      vertex 49.704 -42.999 2.5
    endloop
  endfacet
  facet normal 0 0 1
    outer loop
      vertex 49.8985 -43.5508 2.5
      vertex 49.5469 -43.0383 2.5
      vertex 49.5835 -43.6998 2.5
    endloop
  endfacet
  facet normal -0 0 1
    outer loop
      vertex 49.3867 -43.0621 2.5
      vertex 49.5835 -43.6998 2.5
      vertex 49.5469 -43.0383 2.5
    endloop
  endfacet
  facet normal -0 0 1
    outer loop
      vertex 49.225 -43.07 2.5
      vertex 49.5835 -43.6998 2.5
      vertex 49.3867 -43.0621 2.5
    endloop
  endfacet
  facet normal 0 0 1
    outer loop
      vertex 49.5835 -43.6998 2.5
      vertex 49.225 -43.07 2.5
      vertex 49.2555 -43.8171 2.5
    endloop
  endfacet
  facet normal 0 0 1
    outer loop
      vertex 49.0633 -43.0621 2.5
      vertex 49.2555 -43.8171 2.5
      vertex 49.225 -43.07 2.5
    endloop
  endfacet
  facet normal 0 0 1
    outer loop
      vertex 49.0633 -43.0621 2.5
      vertex 48.9176 -43.9018 2.5
      vertex 49.2555 -43.8171 2.5
    endloop
  endfacet
  facet normal 0 0 1
    outer loop
      vertex 48.9031 -43.0383 2.5
      vertex 48.9176 -43.9018 2.5
      vertex 49.0633 -43.0621 2.5
    endloop
  endfacet
  facet normal 0 0 1
    outer loop
      vertex 48.746 -42.999 2.5
      vertex 48.9176 -43.9018 2.5
      vertex 48.9031 -43.0383 2.5
    endloop
  endfacet
  facet normal 0 0 1
    outer loop
      vertex 48.573 -43.9529 2.5
      vertex 48.746 -42.999 2.5
      vertex 48.5936 -42.9444 2.5
    endloop
  endfacet
  facet normal 0 0 1
    outer loop
      vertex 48.746 -42.999 2.5
      vertex 48.573 -43.9529 2.5
      vertex 48.9176 -43.9018 2.5
    endloop
  endfacet
  facet normal 0 0 1
    outer loop
      vertex 48.225 -43.97 2.5
      vertex 48.5936 -42.9444 2.5
      vertex 48.4472 -42.8752 2.5
    endloop
  endfacet
  facet normal 0 0 1
    outer loop
      vertex 48.225 -43.97 2.5
      vertex 48.4472 -42.8752 2.5
      vertex 48.3083 -42.7919 2.5
    endloop
  endfacet
  facet normal 0 0 1
    outer loop
      vertex 48.5936 -42.9444 2.5
      vertex 48.225 -43.97 2.5
      vertex 48.573 -43.9529 2.5
    endloop
  endfacet
  facet normal 0 0 1
    outer loop
      vertex 48.1782 -42.6955 2.5
      vertex 48.225 -43.97 2.5
      vertex 48.3083 -42.7919 2.5
    endloop
  endfacet
  facet normal 0 0 1
    outer loop
      vertex 48.0583 -42.5867 2.5
      vertex 48.225 -43.97 2.5
      vertex 48.1782 -42.6955 2.5
    endloop
  endfacet
  facet normal 0 0 1
    outer loop
      vertex 47.9495 -42.4667 2.5
      vertex 48.225 -43.97 2.5
      vertex 48.0583 -42.5867 2.5
    endloop
  endfacet
  facet normal 0 0 1
    outer loop
      vertex 47.8531 -42.3367 2.5
      vertex 48.225 -43.97 2.5
      vertex 47.9495 -42.4667 2.5
    endloop
  endfacet
  facet normal 0 0 1
    outer loop
      vertex 47.7698 -42.1978 2.5
      vertex 48.225 -43.97 2.5
      vertex 47.8531 -42.3367 2.5
    endloop
  endfacet
  facet normal 0 0 1
    outer loop
      vertex 47.7006 -42.0514 2.5
      vertex 48.225 -43.97 2.5
      vertex 47.7698 -42.1978 2.5
    endloop
  endfacet
  facet normal 0 0 1
    outer loop
      vertex 47.646 -41.899 2.5
      vertex 48.225 -43.97 2.5
      vertex 47.7006 -42.0514 2.5
    endloop
  endfacet
  facet normal 0 0 1
    outer loop
      vertex 48.4472 -39.9648 2.5
      vertex 43.2728 -30.3812 2.5
      vertex 48.3083 -40.0481 2.5
    endloop
  endfacet
  facet normal -0 0 1
    outer loop
      vertex 43.0332 -30.4945 2.5
      vertex 48.3083 -40.0481 2.5
      vertex 43.2728 -30.3812 2.5
    endloop
  endfacet
  facet normal 0 0 1
    outer loop
      vertex 48.3083 -40.0481 2.5
      vertex 43.0332 -30.4945 2.5
      vertex 48.1782 -40.1445 2.5
    endloop
  endfacet
  facet normal -0 0 1
    outer loop
      vertex 42.7838 -30.5837 2.5
      vertex 48.1782 -40.1445 2.5
      vertex 43.0332 -30.4945 2.5
    endloop
  endfacet
  facet normal 0 0 1
    outer loop
      vertex 48.1782 -40.1445 2.5
      vertex 42.7838 -30.5837 2.5
      vertex 48.0583 -40.2533 2.5
    endloop
  endfacet
  facet normal -0 0 1
    outer loop
      vertex 42.5267 -30.6481 2.5
      vertex 48.0583 -40.2533 2.5
      vertex 42.7838 -30.5837 2.5
    endloop
  endfacet
  facet normal 0 0 1
    outer loop
      vertex 48.0583 -40.2533 2.5
      vertex 42.5267 -30.6481 2.5
      vertex 47.9495 -40.3733 2.5
    endloop
  endfacet
  facet normal -0 0 1
    outer loop
      vertex 42.2646 -30.687 2.5
      vertex 47.9495 -40.3733 2.5
      vertex 42.5267 -30.6481 2.5
    endloop
  endfacet
  facet normal 0 0 1
    outer loop
      vertex 47.9495 -40.3733 2.5
      vertex 42.2646 -30.687 2.5
      vertex 47.8531 -40.5033 2.5
    endloop
  endfacet
  facet normal -0 0 1
    outer loop
      vertex 42 -30.7 2.5
      vertex 47.8531 -40.5033 2.5
      vertex 42.2646 -30.687 2.5
    endloop
  endfacet
  facet normal 0 0 1
    outer loop
      vertex 47.8531 -40.5033 2.5
      vertex 42 -30.7 2.5
      vertex 47.7698 -40.6422 2.5
    endloop
  endfacet
  facet normal 0 0 1
    outer loop
      vertex 41.7354 -30.687 2.5
      vertex 47.7698 -40.6422 2.5
      vertex 42 -30.7 2.5
    endloop
  endfacet
  facet normal 0 0 1
    outer loop
      vertex 47.7698 -40.6422 2.5
      vertex 41.7354 -30.687 2.5
      vertex 47.7006 -40.7886 2.5
    endloop
  endfacet
  facet normal 0 0 1
    outer loop
      vertex 47.7006 -40.7886 2.5
      vertex 41.7354 -30.687 2.5
      vertex 47.646 -40.941 2.5
    endloop
  endfacet
  facet normal 0 0 1
    outer loop
      vertex 41.4733 -30.6481 2.5
      vertex 47.646 -40.941 2.5
      vertex 41.7354 -30.687 2.5
    endloop
  endfacet
  facet normal 0 0 1
    outer loop
      vertex 47.646 -40.941 2.5
      vertex 41.4733 -30.6481 2.5
      vertex 47.6067 -41.0981 2.5
    endloop
  endfacet
  facet normal 0 0 1
    outer loop
      vertex 41.2162 -30.5837 2.5
      vertex 47.6067 -41.0981 2.5
      vertex 41.4733 -30.6481 2.5
    endloop
  endfacet
  facet normal 0 0 1
    outer loop
      vertex 47.6067 -41.0981 2.5
      vertex 41.2162 -30.5837 2.5
      vertex 47.5829 -41.2583 2.5
    endloop
  endfacet
  facet normal 0 0 1
    outer loop
      vertex 40.9668 -30.4945 2.5
      vertex 47.5829 -41.2583 2.5
      vertex 41.2162 -30.5837 2.5
    endloop
  endfacet
  facet normal 0 0 1
    outer loop
      vertex 47.5829 -41.2583 2.5
      vertex 40.9668 -30.4945 2.5
      vertex 47.575 -41.42 2.5
    endloop
  endfacet
  facet normal 0 0 1
    outer loop
      vertex 40.7272 -30.3812 2.5
      vertex 47.575 -41.42 2.5
      vertex 40.9668 -30.4945 2.5
    endloop
  endfacet
  facet normal 0 0 1
    outer loop
      vertex 47.575 -41.42 2.5
      vertex 40.7272 -30.3812 2.5
      vertex 47.5829 -41.5817 2.5
    endloop
  endfacet
  facet normal 0 0 1
    outer loop
      vertex 40.5 -30.245 2.5
      vertex 47.5829 -41.5817 2.5
      vertex 40.7272 -30.3812 2.5
    endloop
  endfacet
  facet normal 0 0 1
    outer loop
      vertex 47.5829 -41.5817 2.5
      vertex 40.5 -30.245 2.5
      vertex 47.6067 -41.7419 2.5
    endloop
  endfacet
  facet normal 0 0 1
    outer loop
      vertex 36 -28 2.5
      vertex 47.6067 -41.7419 2.5
      vertex 40.5 -30.245 2.5
    endloop
  endfacet
  facet normal -0 0 1
    outer loop
      vertex 24 -28 2.5
      vertex 47.6067 -41.7419 2.5
      vertex 36 -28 2.5
    endloop
  endfacet
  facet normal 0 0 1
    outer loop
      vertex 36 -28 2.5
      vertex 40.5 -30.245 2.5
      vertex 40.2871 -30.0871 2.5
    endloop
  endfacet
  facet normal 0 0 1
    outer loop
      vertex 36 -28 2.5
      vertex 40.2871 -30.0871 2.5
      vertex 40.0908 -29.9092 2.5
    endloop
  endfacet
  facet normal 0 0 1
    outer loop
      vertex 36 -28 2.5
      vertex 40.0908 -29.9092 2.5
      vertex 39.9129 -29.7129 2.5
    endloop
  endfacet
  facet normal 0 0 1
    outer loop
      vertex 36 -28 2.5
      vertex 39.9129 -29.7129 2.5
      vertex 39.755 -29.5 2.5
    endloop
  endfacet
  facet normal 0 0 1
    outer loop
      vertex 36 -28 2.5
      vertex 39.755 -29.5 2.5
      vertex 39.6188 -29.2728 2.5
    endloop
  endfacet
  facet normal 0 0 1
    outer loop
      vertex 39.313 -27.7354 2.5
      vertex 36 -28 2.5
      vertex 39.3 -28 2.5
    endloop
  endfacet
  facet normal 0 0 1
    outer loop
      vertex 39.3 -28 2.5
      vertex 36 -28 2.5
      vertex 39.313 -28.2646 2.5
    endloop
  endfacet
  facet normal 0 0 1
    outer loop
      vertex 39.313 -28.2646 2.5
      vertex 36 -28 2.5
      vertex 39.3519 -28.5267 2.5
    endloop
  endfacet
  facet normal 0 0 1
    outer loop
      vertex 39.3519 -28.5267 2.5
      vertex 36 -28 2.5
      vertex 39.4163 -28.7838 2.5
    endloop
  endfacet
  facet normal 0 0 1
    outer loop
      vertex 39.4163 -28.7838 2.5
      vertex 36 -28 2.5
      vertex 39.5055 -29.0332 2.5
    endloop
  endfacet
  facet normal 0 0 1
    outer loop
      vertex 39.5055 -29.0332 2.5
      vertex 36 -28 2.5
      vertex 39.6188 -29.2728 2.5
    endloop
  endfacet
  facet normal 0 0 1
    outer loop
      vertex 47.6067 -41.7419 2.5
      vertex 24 -28 2.5
      vertex 47.646 -41.899 2.5
    endloop
  endfacet
  facet normal 0 0 1
    outer loop
      vertex 47.646 -41.899 2.5
      vertex 24 -28 2.5
      vertex 48.225 -43.97 2.5
    endloop
  endfacet
  facet normal 0 0 1
    outer loop
      vertex 24 -22 2.5
      vertex -47.575 -41.42 2.5
      vertex 24 -28 2.5
    endloop
  endfacet
  facet normal 0 0 1
    outer loop
      vertex -47.5829 -41.5817 2.5
      vertex 24 -28 2.5
      vertex -47.575 -41.42 2.5
    endloop
  endfacet
  facet normal 0 0 1
    outer loop
      vertex -47.6067 -41.7419 2.5
      vertex 24 -28 2.5
      vertex -47.5829 -41.5817 2.5
    endloop
  endfacet
  facet normal 0 0 1
    outer loop
      vertex -47.646 -41.899 2.5
      vertex 24 -28 2.5
      vertex -47.6067 -41.7419 2.5
    endloop
  endfacet
  facet normal 0 0 1
    outer loop
      vertex -48.225 -43.97 2.5
      vertex 24 -28 2.5
      vertex -47.646 -41.899 2.5
    endloop
  endfacet
  facet normal 0 0 1
    outer loop
      vertex -48.225 -43.97 2.5
      vertex -47.646 -41.899 2.5
      vertex -47.7006 -42.0514 2.5
    endloop
  endfacet
  facet normal 0 0 1
    outer loop
      vertex -48.225 -43.97 2.5
      vertex -47.7006 -42.0514 2.5
      vertex -47.7698 -42.1978 2.5
    endloop
  endfacet
  facet normal 0 0 1
    outer loop
      vertex -48.225 -43.97 2.5
      vertex -47.7698 -42.1978 2.5
      vertex -47.8531 -42.3367 2.5
    endloop
  endfacet
  facet normal 0 0 1
    outer loop
      vertex -48.225 -43.97 2.5
      vertex -47.8531 -42.3367 2.5
      vertex -47.9495 -42.4667 2.5
    endloop
  endfacet
  facet normal 0 0 1
    outer loop
      vertex -48.225 -43.97 2.5
      vertex -47.9495 -42.4667 2.5
      vertex -48.0583 -42.5867 2.5
    endloop
  endfacet
  facet normal 0 0 1
    outer loop
      vertex -48.225 -43.97 2.5
      vertex -48.0583 -42.5867 2.5
      vertex -48.1782 -42.6955 2.5
    endloop
  endfacet
  facet normal 0 0 1
    outer loop
      vertex 24 -28 2.5
      vertex -48.225 -43.97 2.5
      vertex 48.225 -43.97 2.5
    endloop
  endfacet
  facet normal -0 0 1
    outer loop
      vertex -48.3083 -42.7919 2.5
      vertex -48.225 -43.97 2.5
      vertex -48.1782 -42.6955 2.5
    endloop
  endfacet
  facet normal -0 0 1
    outer loop
      vertex -48.4472 -42.8752 2.5
      vertex -48.225 -43.97 2.5
      vertex -48.3083 -42.7919 2.5
    endloop
  endfacet
  facet normal -0 0 1
    outer loop
      vertex -48.5936 -42.9444 2.5
      vertex -48.225 -43.97 2.5
      vertex -48.4472 -42.8752 2.5
    endloop
  endfacet
  facet normal 0 0 1
    outer loop
      vertex -48.225 -43.97 2.5
      vertex -48.5936 -42.9444 2.5
      vertex -48.573 -43.9529 2.5
    endloop
  endfacet
  facet normal -0 0 1
    outer loop
      vertex -48.746 -42.999 2.5
      vertex -48.573 -43.9529 2.5
      vertex -48.5936 -42.9444 2.5
    endloop
  endfacet
  facet normal 0 0 1
    outer loop
      vertex -48.9176 -43.9018 2.5
      vertex -48.746 -42.999 2.5
      vertex -48.9031 -43.0383 2.5
    endloop
  endfacet
  facet normal 0 0 1
    outer loop
      vertex -48.746 -42.999 2.5
      vertex -48.9176 -43.9018 2.5
      vertex -48.573 -43.9529 2.5
    endloop
  endfacet
  facet normal -0 0 1
    outer loop
      vertex -49.0633 -43.0621 2.5
      vertex -48.9176 -43.9018 2.5
      vertex -48.9031 -43.0383 2.5
    endloop
  endfacet
  facet normal 0 0 1
    outer loop
      vertex -49.2555 -43.8171 2.5
      vertex -49.0633 -43.0621 2.5
      vertex -49.225 -43.07 2.5
    endloop
  endfacet
  facet normal 0 0 1
    outer loop
      vertex -49.0633 -43.0621 2.5
      vertex -49.2555 -43.8171 2.5
      vertex -48.9176 -43.9018 2.5
    endloop
  endfacet
  facet normal 0 0 1
    outer loop
      vertex -49.5835 -43.6998 2.5
      vertex -49.225 -43.07 2.5
      vertex -49.3867 -43.0621 2.5
    endloop
  endfacet
  facet normal 0 0 1
    outer loop
      vertex -49.5835 -43.6998 2.5
      vertex -49.3867 -43.0621 2.5
      vertex -49.5469 -43.0383 2.5
    endloop
  endfacet
  facet normal 0 0 1
    outer loop
      vertex -49.225 -43.07 2.5
      vertex -49.5835 -43.6998 2.5
      vertex -49.2555 -43.8171 2.5
    endloop
  endfacet
  facet normal 0 0 1
    outer loop
      vertex -49.8985 -43.5508 2.5
      vertex -49.5469 -43.0383 2.5
      vertex -49.704 -42.999 2.5
    endloop
  endfacet
  facet normal 0 0 1
    outer loop
      vertex -49.8985 -43.5508 2.5
      vertex -49.704 -42.999 2.5
      vertex -49.8564 -42.9444 2.5
    endloop
  endfacet
  facet normal 0 0 1
    outer loop
      vertex -49.5469 -43.0383 2.5
      vertex -49.8985 -43.5508 2.5
      vertex -49.5835 -43.6998 2.5
    endloop
  endfacet
  facet normal 0 0 1
    outer loop
      vertex -50.1973 -43.3717 2.5
      vertex -49.8564 -42.9444 2.5
      vertex -50.0028 -42.8752 2.5
    endloop
  endfacet
  facet normal 0 0 1
    outer loop
      vertex -50.4771 -43.1642 2.5
      vertex -50.0028 -42.8752 2.5
      vertex -50.1417 -42.7919 2.5
    endloop
  endfacet
  facet normal 0 0 1
    outer loop
      vertex -49.8564 -42.9444 2.5
      vertex -50.1973 -43.3717 2.5
      vertex -49.8985 -43.5508 2.5
    endloop
  endfacet
  facet normal 0 0 1
    outer loop
      vertex -50.4771 -43.1642 2.5
      vertex -50.1417 -42.7919 2.5
      vertex -50.2717 -42.6955 2.5
    endloop
  endfacet
  facet normal 0 0 1
    outer loop
      vertex -50.7352 -42.9302 2.5
      vertex -50.2717 -42.6955 2.5
      vertex -50.3917 -42.5867 2.5
    endloop
  endfacet
  facet normal 0 0 1
    outer loop
      vertex -50.0028 -42.8752 2.5
      vertex -50.4771 -43.1642 2.5
      vertex -50.1973 -43.3717 2.5
    endloop
  endfacet
  facet normal 0 0 1
    outer loop
      vertex -50.7352 -42.9302 2.5
      vertex -50.3917 -42.5867 2.5
      vertex -50.5005 -42.4667 2.5
    endloop
  endfacet
  facet normal 0 0 1
    outer loop
      vertex -50.9692 -42.6721 2.5
      vertex -50.5005 -42.4667 2.5
      vertex -50.5969 -42.3367 2.5
    endloop
  endfacet
  facet normal 0 0 1
    outer loop
      vertex -50.9692 -42.6721 2.5
      vertex -50.5969 -42.3367 2.5
      vertex -50.6802 -42.1978 2.5
    endloop
  endfacet
  facet normal 0 0 1
    outer loop
      vertex -50.2717 -42.6955 2.5
      vertex -50.7352 -42.9302 2.5
      vertex -50.4771 -43.1642 2.5
    endloop
  endfacet
  facet normal 0 0 1
    outer loop
      vertex -51.1767 -42.3923 2.5
      vertex -50.6802 -42.1978 2.5
      vertex -50.7494 -42.0514 2.5
    endloop
  endfacet
  facet normal 0 0 1
    outer loop
      vertex -51.3558 -42.0935 2.5
      vertex -50.7494 -42.0514 2.5
      vertex -50.804 -41.899 2.5
    endloop
  endfacet
  facet normal 0 0 1
    outer loop
      vertex -51.3558 -42.0935 2.5
      vertex -50.804 -41.899 2.5
      vertex -50.8433 -41.7419 2.5
    endloop
  endfacet
  facet normal 0 0 1
    outer loop
      vertex -51.5048 -41.7785 2.5
      vertex -50.8433 -41.7419 2.5
      vertex -50.8671 -41.5817 2.5
    endloop
  endfacet
  facet normal 0 0 1
    outer loop
      vertex -50.5005 -42.4667 2.5
      vertex -50.9692 -42.6721 2.5
      vertex -50.7352 -42.9302 2.5
    endloop
  endfacet
  facet normal 0 0 1
    outer loop
      vertex -51.5048 -41.7785 2.5
      vertex -50.8671 -41.5817 2.5
      vertex -50.875 -41.42 2.5
    endloop
  endfacet
  facet normal 0 -0 1
    outer loop
      vertex -51.7068 -41.1126 2.5
      vertex -50.804 -40.941 2.5
      vertex -51.7579 -40.768 2.5
    endloop
  endfacet
  facet normal 0 0 1
    outer loop
      vertex -50.8433 41.7419 2.5
      vertex -51.5048 41.7785 2.5
      vertex -50.8671 41.5817 2.5
    endloop
  endfacet
  facet normal 0 0 1
    outer loop
      vertex -50.804 -40.941 2.5
      vertex -51.7068 -41.1126 2.5
      vertex -50.8433 -41.0981 2.5
    endloop
  endfacet
  facet normal 0 0 1
    outer loop
      vertex -50.8671 41.5817 2.5
      vertex -51.5048 41.7785 2.5
      vertex -50.875 41.42 2.5
    endloop
  endfacet
  facet normal 0 0 1
    outer loop
      vertex -50.8433 -41.0981 2.5
      vertex -51.7068 -41.1126 2.5
      vertex -50.8671 -41.2583 2.5
    endloop
  endfacet
  facet normal -0 0 1
    outer loop
      vertex -51.6221 41.4505 2.5
      vertex -50.875 41.42 2.5
      vertex -51.5048 41.7785 2.5
    endloop
  endfacet
  facet normal 0 0 1
    outer loop
      vertex -50.6802 -42.1978 2.5
      vertex -51.1767 -42.3923 2.5
      vertex -50.9692 -42.6721 2.5
    endloop
  endfacet
  facet normal 0 0 1
    outer loop
      vertex -50.8671 41.2583 2.5
      vertex -51.6221 41.4505 2.5
      vertex -51.7068 41.1126 2.5
    endloop
  endfacet
  facet normal 0 0 1
    outer loop
      vertex -50.7494 -42.0514 2.5
      vertex -51.3558 -42.0935 2.5
      vertex -51.1767 -42.3923 2.5
    endloop
  endfacet
  facet normal 0 0 1
    outer loop
      vertex -50.804 40.941 2.5
      vertex -51.7068 41.1126 2.5
      vertex -51.7579 40.768 2.5
    endloop
  endfacet
  facet normal 0 0 1
    outer loop
      vertex -50.8433 -41.7419 2.5
      vertex -51.5048 -41.7785 2.5
      vertex -51.3558 -42.0935 2.5
    endloop
  endfacet
  facet normal 0 0 1
    outer loop
      vertex -50.7494 40.7886 2.5
      vertex -51.7579 40.768 2.5
      vertex -51.775 40.42 2.5
    endloop
  endfacet
  facet normal 0 0 1
    outer loop
      vertex -50.875 -41.42 2.5
      vertex -51.6221 -41.4505 2.5
      vertex -51.5048 -41.7785 2.5
    endloop
  endfacet
  facet normal 0 0 1
    outer loop
      vertex -50.8671 -41.2583 2.5
      vertex -51.6221 -41.4505 2.5
      vertex -50.875 -41.42 2.5
    endloop
  endfacet
  facet normal 0 -0 1
    outer loop
      vertex -51.6221 -41.4505 2.5
      vertex -50.8671 -41.2583 2.5
      vertex -51.7068 -41.1126 2.5
    endloop
  endfacet
  facet normal -1 0 0
    outer loop
      vertex -56.225 -40.42 0
      vertex -56.225 40.42 2.5
      vertex -56.225 40.42 0
    endloop
  endfacet
  facet normal -1 -0 0
    outer loop
      vertex -56.225 40.42 2.5
      vertex -56.225 -40.42 0
      vertex -56.225 -40.42 2.5
    endloop
  endfacet
  facet normal 0 -1 0
    outer loop
      vertex -48.225 -48.42 0
      vertex 48.225 -48.42 2.5
      vertex -48.225 -48.42 2.5
    endloop
  endfacet
  facet normal 0 -1 -0
    outer loop
      vertex 48.225 -48.42 2.5
      vertex -48.225 -48.42 0
      vertex 48.225 -48.42 0
    endloop
  endfacet
  facet normal 0.0490418 0.998797 -0
    outer loop
      vertex 49.0091 48.3815 0
      vertex 48.225 48.42 2.5
      vertex 49.0091 48.3815 2.5
    endloop
  endfacet
  facet normal 0.0490418 0.998797 0
    outer loop
      vertex 48.225 48.42 2.5
      vertex 49.0091 48.3815 0
      vertex 48.225 48.42 0
    endloop
  endfacet
  facet normal 0.595773 0.803153 -0
    outer loop
      vertex 53.3001 46.6041 0
      vertex 52.6696 47.0718 2.5
      vertex 53.3001 46.6041 2.5
    endloop
  endfacet
  facet normal 0.595773 0.803153 0
    outer loop
      vertex 52.6696 47.0718 2.5
      vertex 53.3001 46.6041 0
      vertex 52.6696 47.0718 0
    endloop
  endfacet
  facet normal 0 1 -0
    outer loop
      vertex 48.225 48.42 0
      vertex -48.225 48.42 2.5
      vertex 48.225 48.42 2.5
    endloop
  endfacet
  facet normal 0 1 0
    outer loop
      vertex -48.225 48.42 2.5
      vertex 48.225 48.42 0
      vertex -48.225 48.42 0
    endloop
  endfacet
  facet normal 1 -0 0
    outer loop
      vertex 56.225 -40.42 2.5
      vertex 56.225 40.42 0
      vertex 56.225 40.42 2.5
    endloop
  endfacet
  facet normal 1 0 0
    outer loop
      vertex 56.225 40.42 0
      vertex 56.225 -40.42 2.5
      vertex 56.225 -40.42 0
    endloop
  endfacet
  facet normal -0.595773 0.803153 0
    outer loop
      vertex -52.6696 47.0718 0
      vertex -53.3001 46.6041 2.5
      vertex -52.6696 47.0718 2.5
    endloop
  endfacet
  facet normal -0.595773 0.803153 0
    outer loop
      vertex -53.3001 46.6041 2.5
      vertex -52.6696 47.0718 0
      vertex -53.3001 46.6041 0
    endloop
  endfacet
  facet normal -0.514084 -0.85774 0
    outer loop
      vertex -52.6696 -47.0718 0
      vertex -51.9962 -47.4754 2.5
      vertex -52.6696 -47.0718 2.5
    endloop
  endfacet
  facet normal -0.514084 -0.85774 -0
    outer loop
      vertex -51.9962 -47.4754 2.5
      vertex -52.6696 -47.0718 0
      vertex -51.9962 -47.4754 0
    endloop
  endfacet
  facet normal -0.0490418 -0.998797 0
    outer loop
      vertex -49.0091 -48.3815 0
      vertex -48.225 -48.42 2.5
      vertex -49.0091 -48.3815 2.5
    endloop
  endfacet
  facet normal -0.0490418 -0.998797 -0
    outer loop
      vertex -48.225 -48.42 2.5
      vertex -49.0091 -48.3815 0
      vertex -48.225 -48.42 0
    endloop
  endfacet
  facet normal 0.514084 0.85774 -0
    outer loop
      vertex 52.6696 47.0718 0
      vertex 51.9962 47.4754 2.5
      vertex 52.6696 47.0718 2.5
    endloop
  endfacet
  facet normal 0.514084 0.85774 0
    outer loop
      vertex 51.9962 47.4754 2.5
      vertex 52.6696 47.0718 0
      vertex 51.9962 47.4754 0
    endloop
  endfacet
  facet normal -0.0490418 0.998797 0
    outer loop
      vertex -48.225 48.42 0
      vertex -49.0091 48.3815 2.5
      vertex -48.225 48.42 2.5
    endloop
  endfacet
  facet normal -0.0490418 0.998797 0
    outer loop
      vertex -49.0091 48.3815 2.5
      vertex -48.225 48.42 0
      vertex -49.0091 48.3815 0
    endloop
  endfacet
  facet normal 0.989176 -0.146733 0
    outer loop
      vertex 56.0713 -41.9807 2.5
      vertex 56.1865 -41.2041 0
      vertex 56.1865 -41.2041 2.5
    endloop
  endfacet
  facet normal 0.989176 -0.146733 0
    outer loop
      vertex 56.1865 -41.2041 0
      vertex 56.0713 -41.9807 2.5
      vertex 56.0713 -41.9807 0
    endloop
  endfacet
  facet normal 0.970023 -0.243015 0
    outer loop
      vertex 55.8805 -42.7423 2.5
      vertex 56.0713 -41.9807 0
      vertex 56.0713 -41.9807 2.5
    endloop
  endfacet
  facet normal 0.970023 -0.243015 0
    outer loop
      vertex 56.0713 -41.9807 0
      vertex 55.8805 -42.7423 2.5
      vertex 55.8805 -42.7423 0
    endloop
  endfacet
  facet normal -0.741023 0.67148 0
    outer loop
      vertex -54.4091 45.4951 0
      vertex -53.8819 46.0769 2.5
      vertex -53.8819 46.0769 0
    endloop
  endfacet
  facet normal -0.741023 0.67148 0
    outer loop
      vertex -53.8819 46.0769 2.5
      vertex -54.4091 45.4951 0
      vertex -54.4091 45.4951 2.5
    endloop
  endfacet
  facet normal -0.803153 0.595773 0
    outer loop
      vertex -54.8768 44.8646 0
      vertex -54.4091 45.4951 2.5
      vertex -54.4091 45.4951 0
    endloop
  endfacet
  facet normal -0.803153 0.595773 0
    outer loop
      vertex -54.4091 45.4951 2.5
      vertex -54.8768 44.8646 0
      vertex -54.8768 44.8646 2.5
    endloop
  endfacet
  facet normal -0.970023 0.243015 0
    outer loop
      vertex -56.0713 41.9807 0
      vertex -55.8805 42.7423 2.5
      vertex -55.8805 42.7423 0
    endloop
  endfacet
  facet normal -0.970023 0.243015 0
    outer loop
      vertex -55.8805 42.7423 2.5
      vertex -56.0713 41.9807 0
      vertex -56.0713 41.9807 2.5
    endloop
  endfacet
  facet normal -0.67148 -0.741023 0
    outer loop
      vertex -53.8819 -46.0769 0
      vertex -53.3001 -46.6041 2.5
      vertex -53.8819 -46.0769 2.5
    endloop
  endfacet
  facet normal -0.67148 -0.741023 -0
    outer loop
      vertex -53.3001 -46.6041 2.5
      vertex -53.8819 -46.0769 0
      vertex -53.3001 -46.6041 0
    endloop
  endfacet
  facet normal -0.336901 -0.94154 0
    outer loop
      vertex -51.2865 -47.811 0
      vertex -50.5473 -48.0755 2.5
      vertex -51.2865 -47.811 2.5
    endloop
  endfacet
  facet normal -0.336901 -0.94154 -0
    outer loop
      vertex -50.5473 -48.0755 2.5
      vertex -51.2865 -47.811 0
      vertex -50.5473 -48.0755 0
    endloop
  endfacet
  facet normal -0.146733 -0.989176 0
    outer loop
      vertex -49.7857 -48.2663 0
      vertex -49.0091 -48.3815 2.5
      vertex -49.7857 -48.2663 2.5
    endloop
  endfacet
  facet normal -0.146733 -0.989176 -0
    outer loop
      vertex -49.0091 -48.3815 2.5
      vertex -49.7857 -48.2663 0
      vertex -49.0091 -48.3815 0
    endloop
  endfacet
  facet normal -0.243015 -0.970023 0
    outer loop
      vertex -50.5473 -48.0755 0
      vertex -49.7857 -48.2663 2.5
      vertex -50.5473 -48.0755 2.5
    endloop
  endfacet
  facet normal -0.243015 -0.970023 -0
    outer loop
      vertex -49.7857 -48.2663 2.5
      vertex -50.5473 -48.0755 0
      vertex -49.7857 -48.2663 0
    endloop
  endfacet
  facet normal 0.427489 0.90402 -0
    outer loop
      vertex 51.9962 47.4754 0
      vertex 51.2865 47.811 2.5
      vertex 51.9962 47.4754 2.5
    endloop
  endfacet
  facet normal 0.427489 0.90402 0
    outer loop
      vertex 51.2865 47.811 2.5
      vertex 51.9962 47.4754 0
      vertex 51.2865 47.811 0
    endloop
  endfacet
  facet normal 0.336901 0.94154 -0
    outer loop
      vertex 51.2865 47.811 0
      vertex 50.5473 48.0755 2.5
      vertex 51.2865 47.811 2.5
    endloop
  endfacet
  facet normal 0.336901 0.94154 0
    outer loop
      vertex 50.5473 48.0755 2.5
      vertex 51.2865 47.811 0
      vertex 50.5473 48.0755 0
    endloop
  endfacet
  facet normal 0.243015 0.970023 -0
    outer loop
      vertex 50.5473 48.0755 0
      vertex 49.7857 48.2663 2.5
      vertex 50.5473 48.0755 2.5
    endloop
  endfacet
  facet normal 0.243015 0.970023 0
    outer loop
      vertex 49.7857 48.2663 2.5
      vertex 50.5473 48.0755 0
      vertex 49.7857 48.2663 0
    endloop
  endfacet
  facet normal 0.94154 0.336901 0
    outer loop
      vertex 55.8805 42.7423 2.5
      vertex 55.616 43.4815 0
      vertex 55.616 43.4815 2.5
    endloop
  endfacet
  facet normal 0.94154 0.336901 0
    outer loop
      vertex 55.616 43.4815 0
      vertex 55.8805 42.7423 2.5
      vertex 55.8805 42.7423 0
    endloop
  endfacet
  facet normal 0.85774 0.514084 0
    outer loop
      vertex 55.2804 44.1912 2.5
      vertex 54.8768 44.8646 0
      vertex 54.8768 44.8646 2.5
    endloop
  endfacet
  facet normal 0.85774 0.514084 0
    outer loop
      vertex 54.8768 44.8646 0
      vertex 55.2804 44.1912 2.5
      vertex 55.2804 44.1912 0
    endloop
  endfacet
  facet normal 0.85774 -0.514084 0
    outer loop
      vertex 54.8768 -44.8646 2.5
      vertex 55.2804 -44.1912 0
      vertex 55.2804 -44.1912 2.5
    endloop
  endfacet
  facet normal 0.85774 -0.514084 0
    outer loop
      vertex 55.2804 -44.1912 0
      vertex 54.8768 -44.8646 2.5
      vertex 54.8768 -44.8646 0
    endloop
  endfacet
  facet normal -0.336901 0.94154 0
    outer loop
      vertex -50.5473 48.0755 0
      vertex -51.2865 47.811 2.5
      vertex -50.5473 48.0755 2.5
    endloop
  endfacet
  facet normal -0.336901 0.94154 0
    outer loop
      vertex -51.2865 47.811 2.5
      vertex -50.5473 48.0755 0
      vertex -51.2865 47.811 0
    endloop
  endfacet
  facet normal -0.243015 0.970023 0
    outer loop
      vertex -49.7857 48.2663 0
      vertex -50.5473 48.0755 2.5
      vertex -49.7857 48.2663 2.5
    endloop
  endfacet
  facet normal -0.243015 0.970023 0
    outer loop
      vertex -50.5473 48.0755 2.5
      vertex -49.7857 48.2663 0
      vertex -50.5473 48.0755 0
    endloop
  endfacet
  facet normal -0.514084 0.85774 0
    outer loop
      vertex -51.9962 47.4754 0
      vertex -52.6696 47.0718 2.5
      vertex -51.9962 47.4754 2.5
    endloop
  endfacet
  facet normal -0.514084 0.85774 0
    outer loop
      vertex -52.6696 47.0718 2.5
      vertex -51.9962 47.4754 0
      vertex -52.6696 47.0718 0
    endloop
  endfacet
  facet normal -0.427489 0.90402 0
    outer loop
      vertex -51.2865 47.811 0
      vertex -51.9962 47.4754 2.5
      vertex -51.2865 47.811 2.5
    endloop
  endfacet
  facet normal -0.427489 0.90402 0
    outer loop
      vertex -51.9962 47.4754 2.5
      vertex -51.2865 47.811 0
      vertex -51.9962 47.4754 0
    endloop
  endfacet
  facet normal -0.67148 0.741023 0
    outer loop
      vertex -53.3001 46.6041 0
      vertex -53.8819 46.0769 2.5
      vertex -53.3001 46.6041 2.5
    endloop
  endfacet
  facet normal -0.67148 0.741023 0
    outer loop
      vertex -53.8819 46.0769 2.5
      vertex -53.3001 46.6041 0
      vertex -53.8819 46.0769 0
    endloop
  endfacet
  facet normal -0.94154 0.336901 0
    outer loop
      vertex -55.8805 42.7423 0
      vertex -55.616 43.4815 2.5
      vertex -55.616 43.4815 0
    endloop
  endfacet
  facet normal -0.94154 0.336901 0
    outer loop
      vertex -55.616 43.4815 2.5
      vertex -55.8805 42.7423 0
      vertex -55.8805 42.7423 2.5
    endloop
  endfacet
  facet normal -0.85774 0.514084 0
    outer loop
      vertex -55.2804 44.1912 0
      vertex -54.8768 44.8646 2.5
      vertex -54.8768 44.8646 0
    endloop
  endfacet
  facet normal -0.85774 0.514084 0
    outer loop
      vertex -54.8768 44.8646 2.5
      vertex -55.2804 44.1912 0
      vertex -55.2804 44.1912 2.5
    endloop
  endfacet
  facet normal -0.90402 0.427489 0
    outer loop
      vertex -55.616 43.4815 0
      vertex -55.2804 44.1912 2.5
      vertex -55.2804 44.1912 0
    endloop
  endfacet
  facet normal -0.90402 0.427489 0
    outer loop
      vertex -55.2804 44.1912 2.5
      vertex -55.616 43.4815 0
      vertex -55.616 43.4815 2.5
    endloop
  endfacet
  facet normal -0.998797 -0.0490418 0
    outer loop
      vertex -56.1865 -41.2041 0
      vertex -56.225 -40.42 2.5
      vertex -56.225 -40.42 0
    endloop
  endfacet
  facet normal -0.998797 -0.0490418 0
    outer loop
      vertex -56.225 -40.42 2.5
      vertex -56.1865 -41.2041 0
      vertex -56.1865 -41.2041 2.5
    endloop
  endfacet
  facet normal 0 0 -1
    outer loop
      vertex -46.1943 -40.8161 0
      vertex -15 -7 0
      vertex -46.194 -40.8171 0
    endloop
  endfacet
  facet normal 0 0 -1
    outer loop
      vertex -22 4 0
      vertex -46.1495 41.1182 0
      vertex -46.1347 41.42 0
    endloop
  endfacet
  facet normal 0 0 -1
    outer loop
      vertex -46.2677 -40.5229 0
      vertex -15 -7 0
      vertex -46.1943 -40.8161 0
    endloop
  endfacet
  facet normal 0 0 -1
    outer loop
      vertex -22 4 0
      vertex -46.1495 41.1171 0
      vertex -46.1495 41.1182 0
    endloop
  endfacet
  facet normal 0 0 -1
    outer loop
      vertex -46.3695 -40.2384 0
      vertex -15 -7 0
      vertex -46.2677 -40.5229 0
    endloop
  endfacet
  facet normal 0 0 -1
    outer loop
      vertex -22 4 0
      vertex -46.1497 41.116 0
      vertex -46.1495 41.1171 0
    endloop
  endfacet
  facet normal 0 0 -1
    outer loop
      vertex -46.3699 -40.2374 0
      vertex -15 -7 0
      vertex -46.3695 -40.2384 0
    endloop
  endfacet
  facet normal 0 0 -1
    outer loop
      vertex -22 4 0
      vertex -46.194 40.8171 0
      vertex -46.1497 41.116 0
    endloop
  endfacet
  facet normal 0 0 -1
    outer loop
      vertex -46.3704 -40.2364 0
      vertex -15 -7 0
      vertex -46.3699 -40.2374 0
    endloop
  endfacet
  facet normal 0 0 -1
    outer loop
      vertex -22 4 0
      vertex -46.1943 40.8161 0
      vertex -46.194 40.8171 0
    endloop
  endfacet
  facet normal 0 0 -1
    outer loop
      vertex -46.4996 -39.9632 0
      vertex -15 -7 0
      vertex -46.3704 -40.2364 0
    endloop
  endfacet
  facet normal 0 0 -1
    outer loop
      vertex -22 4 0
      vertex -46.2677 40.5229 0
      vertex -46.1943 40.8161 0
    endloop
  endfacet
  facet normal 0 0 -1
    outer loop
      vertex -46.6549 -39.704 0
      vertex -15 -7 0
      vertex -46.4996 -39.9632 0
    endloop
  endfacet
  facet normal 0 0 -1
    outer loop
      vertex -22 4 0
      vertex -46.3695 40.2384 0
      vertex -46.2677 40.5229 0
    endloop
  endfacet
  facet normal 0 0 -1
    outer loop
      vertex -46.6555 -39.7031 0
      vertex -15 -7 0
      vertex -46.6549 -39.704 0
    endloop
  endfacet
  facet normal 0 0 -1
    outer loop
      vertex -22 4 0
      vertex -46.3699 40.2374 0
      vertex -46.3695 40.2384 0
    endloop
  endfacet
  facet normal -0 0 -1
    outer loop
      vertex -15 -7 0
      vertex -46.6555 -39.7031 0
      vertex -19 -5 0
    endloop
  endfacet
  facet normal 0 0 -1
    outer loop
      vertex -22 4 0
      vertex -46.3704 40.2364 0
      vertex -46.3699 40.2374 0
    endloop
  endfacet
  facet normal 0 0 -1
    outer loop
      vertex -46.8355 -39.4604 0
      vertex -19 -5 0
      vertex -46.6555 -39.7031 0
    endloop
  endfacet
  facet normal 0 0 -1
    outer loop
      vertex -22 4 0
      vertex -46.4996 39.9632 0
      vertex -46.3704 40.2364 0
    endloop
  endfacet
  facet normal 0 0 -1
    outer loop
      vertex -46.8361 -39.4595 0
      vertex -19 -5 0
      vertex -46.8355 -39.4604 0
    endloop
  endfacet
  facet normal 0 0 -1
    outer loop
      vertex -22 4 0
      vertex -46.6549 39.704 0
      vertex -46.4996 39.9632 0
    endloop
  endfacet
  facet normal 0 0 -1
    outer loop
      vertex -46.8369 -39.4587 0
      vertex -19 -5 0
      vertex -46.8361 -39.4595 0
    endloop
  endfacet
  facet normal 0 0 -1
    outer loop
      vertex -22 4 0
      vertex -46.6555 39.7031 0
      vertex -46.6549 39.704 0
    endloop
  endfacet
  facet normal 0 0 -1
    outer loop
      vertex -47.0398 -39.2348 0
      vertex -19 -5 0
      vertex -46.8369 -39.4587 0
    endloop
  endfacet
  facet normal 0 0 -1
    outer loop
      vertex -22 4 0
      vertex -46.8355 39.4604 0
      vertex -46.6555 39.7031 0
    endloop
  endfacet
  facet normal 0 0 -1
    outer loop
      vertex -47.0406 -39.2341 0
      vertex -19 -5 0
      vertex -47.0398 -39.2348 0
    endloop
  endfacet
  facet normal 0 0 -1
    outer loop
      vertex -22 4 0
      vertex -46.8361 39.4595 0
      vertex -46.8355 39.4604 0
    endloop
  endfacet
  facet normal 0 0 -1
    outer loop
      vertex -47.2645 -39.0311 0
      vertex -19 -5 0
      vertex -47.0406 -39.2341 0
    endloop
  endfacet
  facet normal 0 0 -1
    outer loop
      vertex -22 4 0
      vertex -46.8369 39.4587 0
      vertex -46.8361 39.4595 0
    endloop
  endfacet
  facet normal 0 0 -1
    outer loop
      vertex -47.5072 -38.8511 0
      vertex -19 -5 0
      vertex -47.2645 -39.0311 0
    endloop
  endfacet
  facet normal 0 0 -1
    outer loop
      vertex -22 4 0
      vertex -47.0398 39.2348 0
      vertex -46.8369 39.4587 0
    endloop
  endfacet
  facet normal 0 0 -1
    outer loop
      vertex -47.5081 -38.8505 0
      vertex -19 -5 0
      vertex -47.5072 -38.8511 0
    endloop
  endfacet
  facet normal 0 0 -1
    outer loop
      vertex -22 4 0
      vertex -47.0406 39.2341 0
      vertex -47.0398 39.2348 0
    endloop
  endfacet
  facet normal 0 0 -1
    outer loop
      vertex -47.509 -38.8499 0
      vertex -19 -5 0
      vertex -47.5081 -38.8505 0
    endloop
  endfacet
  facet normal 0 0 -1
    outer loop
      vertex -22 4 0
      vertex -47.2645 39.0311 0
      vertex -47.0406 39.2341 0
    endloop
  endfacet
  facet normal 0 0 -1
    outer loop
      vertex -47.7682 -38.6946 0
      vertex -19 -5 0
      vertex -47.509 -38.8499 0
    endloop
  endfacet
  facet normal 0 0 -1
    outer loop
      vertex -22 4 0
      vertex -47.5072 38.8511 0
      vertex -47.2645 39.0311 0
    endloop
  endfacet
  facet normal 0 0 -1
    outer loop
      vertex -48.0414 -38.5654 0
      vertex -19 -5 0
      vertex -47.7682 -38.6946 0
    endloop
  endfacet
  facet normal 0 0 -1
    outer loop
      vertex -22 4 0
      vertex -47.5081 38.8505 0
      vertex -47.5072 38.8511 0
    endloop
  endfacet
  facet normal 0 0 -1
    outer loop
      vertex -48.0424 -38.5649 0
      vertex -19 -5 0
      vertex -48.0414 -38.5654 0
    endloop
  endfacet
  facet normal 0 0 -1
    outer loop
      vertex -22 4 0
      vertex -47.509 38.8499 0
      vertex -47.5081 38.8505 0
    endloop
  endfacet
  facet normal -0 0 -1
    outer loop
      vertex -19 -5 0
      vertex -48.0424 -38.5649 0
      vertex -21.6 -1 0
    endloop
  endfacet
  facet normal 0 0 -1
    outer loop
      vertex -22 4 0
      vertex -47.7682 38.6946 0
      vertex -47.509 38.8499 0
    endloop
  endfacet
  facet normal 0 0 -1
    outer loop
      vertex -48.3269 -38.4631 0
      vertex -21.6 -1 0
      vertex -48.0424 -38.5649 0
    endloop
  endfacet
  facet normal 0 0 -1
    outer loop
      vertex -22 4 0
      vertex -48.0414 38.5654 0
      vertex -47.7682 38.6946 0
    endloop
  endfacet
  facet normal 0 0 -1
    outer loop
      vertex -48.3279 -38.4627 0
      vertex -21.6 -1 0
      vertex -48.3269 -38.4631 0
    endloop
  endfacet
  facet normal 0 0 -1
    outer loop
      vertex -22 4 0
      vertex -48.0424 38.5649 0
      vertex -48.0414 38.5654 0
    endloop
  endfacet
  facet normal 0 0 -1
    outer loop
      vertex -48.329 -38.4625 0
      vertex -21.6 -1 0
      vertex -48.3279 -38.4627 0
    endloop
  endfacet
  facet normal 0 0 -1
    outer loop
      vertex -22 4 0
      vertex -48.3269 38.4631 0
      vertex -48.0424 38.5649 0
    endloop
  endfacet
  facet normal 0 0 -1
    outer loop
      vertex -48.6221 -38.389 0
      vertex -21.6 -1 0
      vertex -48.329 -38.4625 0
    endloop
  endfacet
  facet normal 0 0 -1
    outer loop
      vertex -22 4 0
      vertex -48.3279 38.4627 0
      vertex -48.3269 38.4631 0
    endloop
  endfacet
  facet normal 0 0 -1
    outer loop
      vertex -48.921 -38.3447 0
      vertex -21.6 -1 0
      vertex -48.6221 -38.389 0
    endloop
  endfacet
  facet normal 0 0 -1
    outer loop
      vertex -22 4 0
      vertex -48.329 38.4625 0
      vertex -48.3279 38.4627 0
    endloop
  endfacet
  facet normal 0 0 -1
    outer loop
      vertex -48.9221 -38.3445 0
      vertex -21.6 -1 0
      vertex -48.921 -38.3447 0
    endloop
  endfacet
  facet normal 0 0 -1
    outer loop
      vertex -22 4 0
      vertex -48.6221 38.389 0
      vertex -48.329 38.4625 0
    endloop
  endfacet
  facet normal 0 0 -1
    outer loop
      vertex -48.9232 -38.3445 0
      vertex -21.6 -1 0
      vertex -48.9221 -38.3445 0
    endloop
  endfacet
  facet normal 0 0 -1
    outer loop
      vertex -22 4 0
      vertex -48.921 38.3447 0
      vertex -48.6221 38.389 0
    endloop
  endfacet
  facet normal 0 0 -1
    outer loop
      vertex -49.225 -38.3297 0
      vertex -21.6 -1 0
      vertex -48.9232 -38.3445 0
    endloop
  endfacet
  facet normal 0 0 -1
    outer loop
      vertex -22 4 0
      vertex -48.9221 38.3445 0
      vertex -48.921 38.3447 0
    endloop
  endfacet
  facet normal 0 0 -1
    outer loop
      vertex -49.5268 -38.3445 0
      vertex -21.6 -1 0
      vertex -49.225 -38.3297 0
    endloop
  endfacet
  facet normal 0 0 -1
    outer loop
      vertex -22 4 0
      vertex -48.9232 38.3445 0
      vertex -48.9221 38.3445 0
    endloop
  endfacet
  facet normal 0 0 -1
    outer loop
      vertex -49.5279 -38.3445 0
      vertex -21.6 -1 0
      vertex -49.5268 -38.3445 0
    endloop
  endfacet
  facet normal 0 0 -1
    outer loop
      vertex -22 4 0
      vertex -49.225 38.3297 0
      vertex -48.9232 38.3445 0
    endloop
  endfacet
  facet normal 0 0 -1
    outer loop
      vertex -49.529 -38.3447 0
      vertex -21.6 -1 0
      vertex -49.5279 -38.3445 0
    endloop
  endfacet
  facet normal 0 0 -1
    outer loop
      vertex -22 4 0
      vertex -49.5268 38.3445 0
      vertex -49.225 38.3297 0
    endloop
  endfacet
  facet normal 0 0 -1
    outer loop
      vertex -49.8279 -38.389 0
      vertex -21.6 -1 0
      vertex -49.529 -38.3447 0
    endloop
  endfacet
  facet normal 0 0 -1
    outer loop
      vertex -22 4 0
      vertex -49.5279 38.3445 0
      vertex -49.5268 38.3445 0
    endloop
  endfacet
  facet normal 0 0 -1
    outer loop
      vertex -50.121 -38.4625 0
      vertex -21.6 -1 0
      vertex -49.8279 -38.389 0
    endloop
  endfacet
  facet normal 0 0 -1
    outer loop
      vertex -22 4 0
      vertex -49.529 38.3447 0
      vertex -49.5279 38.3445 0
    endloop
  endfacet
  facet normal -0 0 -1
    outer loop
      vertex -21.6 -1 0
      vertex -50.121 -38.4625 0
      vertex -22 4 0
    endloop
  endfacet
  facet normal 0 0 -1
    outer loop
      vertex -22 4 0
      vertex -49.8279 38.389 0
      vertex -49.529 38.3447 0
    endloop
  endfacet
  facet normal 0 0 -1
    outer loop
      vertex -50.1221 -38.4627 0
      vertex -22 4 0
      vertex -50.121 -38.4625 0
    endloop
  endfacet
  facet normal 0 0 -1
    outer loop
      vertex -22 4 0
      vertex -50.121 38.4625 0
      vertex -49.8279 38.389 0
    endloop
  endfacet
  facet normal 0 0 -1
    outer loop
      vertex -50.1221 38.4627 0
      vertex -22 4 0
      vertex -50.1221 -38.4627 0
    endloop
  endfacet
  facet normal 0 0 -1
    outer loop
      vertex -22 4 0
      vertex -50.1221 38.4627 0
      vertex -50.121 38.4625 0
    endloop
  endfacet
  facet normal 0 0 -1
    outer loop
      vertex -50.1231 -38.4631 0
      vertex -50.1221 38.4627 0
      vertex -50.1221 -38.4627 0
    endloop
  endfacet
  facet normal 0 0 -1
    outer loop
      vertex -50.1231 -38.4631 0
      vertex -50.1231 38.4631 0
      vertex -50.1221 38.4627 0
    endloop
  endfacet
  facet normal 0 0 -1
    outer loop
      vertex -50.4076 -38.5649 0
      vertex -50.1231 38.4631 0
      vertex -50.1231 -38.4631 0
    endloop
  endfacet
  facet normal 0 0 -1
    outer loop
      vertex -50.4076 -38.5649 0
      vertex -50.4076 38.5649 0
      vertex -50.1231 38.4631 0
    endloop
  endfacet
  facet normal 0 0 -1
    outer loop
      vertex -56.225 -40.42 0
      vertex -50.4076 -38.5649 0
      vertex -50.6808 -38.6941 0
    endloop
  endfacet
  facet normal -0 0 -1
    outer loop
      vertex -50.4076 -38.5649 0
      vertex -56.225 -40.42 0
      vertex -50.4076 38.5649 0
    endloop
  endfacet
  facet normal 0 0 -1
    outer loop
      vertex -56.225 -40.42 0
      vertex -50.6808 -38.6941 0
      vertex -50.6818 -38.6946 0
    endloop
  endfacet
  facet normal 0 0 -1
    outer loop
      vertex -56.225 40.42 0
      vertex -50.4076 38.5649 0
      vertex -56.225 -40.42 0
    endloop
  endfacet
  facet normal 0 0 -1
    outer loop
      vertex -56.225 -40.42 0
      vertex -50.6818 -38.6946 0
      vertex -50.941 -38.8499 0
    endloop
  endfacet
  facet normal 0 0 -1
    outer loop
      vertex -50.4076 38.5649 0
      vertex -56.225 40.42 0
      vertex -50.6808 38.6941 0
    endloop
  endfacet
  facet normal 0 0 -1
    outer loop
      vertex -56.225 -40.42 0
      vertex -50.941 -38.8499 0
      vertex -50.9419 -38.8505 0
    endloop
  endfacet
  facet normal 0 0 -1
    outer loop
      vertex -50.6808 38.6941 0
      vertex -56.225 40.42 0
      vertex -50.6818 38.6946 0
    endloop
  endfacet
  facet normal 0 0 -1
    outer loop
      vertex -56.225 -40.42 0
      vertex -50.9419 -38.8505 0
      vertex -50.9428 -38.8511 0
    endloop
  endfacet
  facet normal 0 0 -1
    outer loop
      vertex -50.6818 38.6946 0
      vertex -56.225 40.42 0
      vertex -50.941 38.8499 0
    endloop
  endfacet
  facet normal 0 0 -1
    outer loop
      vertex -56.225 -40.42 0
      vertex -50.9428 -38.8511 0
      vertex -51.1855 -39.0311 0
    endloop
  endfacet
  facet normal 0 0 -1
    outer loop
      vertex -50.941 38.8499 0
      vertex -56.225 40.42 0
      vertex -50.9419 38.8505 0
    endloop
  endfacet
  facet normal 0 0 -1
    outer loop
      vertex -56.225 -40.42 0
      vertex -51.1855 -39.0311 0
      vertex -51.4094 -39.2341 0
    endloop
  endfacet
  facet normal 0 0 -1
    outer loop
      vertex -50.9419 38.8505 0
      vertex -56.225 40.42 0
      vertex -50.9428 38.8511 0
    endloop
  endfacet
  facet normal 0 0 -1
    outer loop
      vertex -56.225 -40.42 0
      vertex -51.4094 -39.2341 0
      vertex -51.4102 -39.2348 0
    endloop
  endfacet
  facet normal 0 0 -1
    outer loop
      vertex -50.9428 38.8511 0
      vertex -56.225 40.42 0
      vertex -51.1855 39.0311 0
    endloop
  endfacet
  facet normal 0 0 -1
    outer loop
      vertex -56.225 -40.42 0
      vertex -51.4102 -39.2348 0
      vertex -51.6131 -39.4587 0
    endloop
  endfacet
  facet normal 0 0 -1
    outer loop
      vertex -51.1855 39.0311 0
      vertex -56.225 40.42 0
      vertex -51.4094 39.2341 0
    endloop
  endfacet
  facet normal 0 0 -1
    outer loop
      vertex -56.225 -40.42 0
      vertex -51.6131 -39.4587 0
      vertex -51.6139 -39.4595 0
    endloop
  endfacet
  facet normal 0 0 -1
    outer loop
      vertex -51.4094 39.2341 0
      vertex -56.225 40.42 0
      vertex -51.4102 39.2348 0
    endloop
  endfacet
  facet normal 0 0 -1
    outer loop
      vertex -56.225 -40.42 0
      vertex -51.6139 -39.4595 0
      vertex -51.6145 -39.4604 0
    endloop
  endfacet
  facet normal 0 0 -1
    outer loop
      vertex -51.4102 39.2348 0
      vertex -56.225 40.42 0
      vertex -51.6131 39.4587 0
    endloop
  endfacet
  facet normal 0 0 -1
    outer loop
      vertex -56.225 -40.42 0
      vertex -51.6145 -39.4604 0
      vertex -51.7945 -39.7031 0
    endloop
  endfacet
  facet normal 0 0 -1
    outer loop
      vertex -51.6131 39.4587 0
      vertex -56.225 40.42 0
      vertex -51.6139 39.4595 0
    endloop
  endfacet
  facet normal 0 0 -1
    outer loop
      vertex -56.225 -40.42 0
      vertex -51.7945 -39.7031 0
      vertex -51.9499 -39.9623 0
    endloop
  endfacet
  facet normal 0 0 -1
    outer loop
      vertex -51.6139 39.4595 0
      vertex -56.225 40.42 0
      vertex -51.6145 39.4604 0
    endloop
  endfacet
  facet normal 0 0 -1
    outer loop
      vertex -56.225 -40.42 0
      vertex -51.9499 -39.9623 0
      vertex -51.9504 -39.9632 0
    endloop
  endfacet
  facet normal 0 0 -1
    outer loop
      vertex -51.6145 39.4604 0
      vertex -56.225 40.42 0
      vertex -51.7945 39.7031 0
    endloop
  endfacet
  facet normal 0 0 -1
    outer loop
      vertex -56.225 -40.42 0
      vertex -51.9504 -39.9632 0
      vertex -52.0796 -40.2364 0
    endloop
  endfacet
  facet normal 0 0 -1
    outer loop
      vertex -51.7945 39.7031 0
      vertex -56.225 40.42 0
      vertex -51.9499 39.9623 0
    endloop
  endfacet
  facet normal 0 0 -1
    outer loop
      vertex -56.225 -40.42 0
      vertex -52.0796 -40.2364 0
      vertex -52.0801 -40.2374 0
    endloop
  endfacet
  facet normal 0 0 -1
    outer loop
      vertex -51.9499 39.9623 0
      vertex -56.225 40.42 0
      vertex -51.9504 39.9632 0
    endloop
  endfacet
  facet normal 0 0 -1
    outer loop
      vertex -56.225 -40.42 0
      vertex -52.0801 -40.2374 0
      vertex -52.0805 -40.2384 0
    endloop
  endfacet
  facet normal 0 0 -1
    outer loop
      vertex -51.9504 39.9632 0
      vertex -56.225 40.42 0
      vertex -52.0796 40.2364 0
    endloop
  endfacet
  facet normal 0 0 -1
    outer loop
      vertex -56.225 -40.42 0
      vertex -52.0805 -40.2384 0
      vertex -52.1823 -40.5229 0
    endloop
  endfacet
  facet normal 0 0 -1
    outer loop
      vertex -52.0796 40.2364 0
      vertex -56.225 40.42 0
      vertex -52.0801 40.2374 0
    endloop
  endfacet
  facet normal 0 0 -1
    outer loop
      vertex -56.225 -40.42 0
      vertex -52.1823 -40.5229 0
      vertex -52.2557 -40.8161 0
    endloop
  endfacet
  facet normal 0 0 -1
    outer loop
      vertex -52.0801 40.2374 0
      vertex -56.225 40.42 0
      vertex -52.0805 40.2384 0
    endloop
  endfacet
  facet normal 0 0 -1
    outer loop
      vertex -56.225 -40.42 0
      vertex -52.2557 -40.8161 0
      vertex -52.256 -40.8171 0
    endloop
  endfacet
  facet normal 0 0 -1
    outer loop
      vertex -52.0805 40.2384 0
      vertex -56.225 40.42 0
      vertex -52.1823 40.5229 0
    endloop
  endfacet
  facet normal 0 0 -1
    outer loop
      vertex -56.225 -40.42 0
      vertex -52.256 -40.8171 0
      vertex -52.2561 -40.8182 0
    endloop
  endfacet
  facet normal -0 0 -1
    outer loop
      vertex -52.1823 40.5229 0
      vertex -56.225 40.42 0
      vertex -52.2557 40.8161 0
    endloop
  endfacet
  facet normal 0 0 -1
    outer loop
      vertex -56.225 -40.42 0
      vertex -52.2561 -40.8182 0
      vertex -52.3005 -41.1171 0
    endloop
  endfacet
  facet normal -0 0 -1
    outer loop
      vertex -52.2557 40.8161 0
      vertex -56.225 40.42 0
      vertex -52.256 40.8171 0
    endloop
  endfacet
  facet normal 0 0 -1
    outer loop
      vertex -56.1865 -41.2041 0
      vertex -52.3005 -41.1171 0
      vertex -52.3005 -41.1182 0
    endloop
  endfacet
  facet normal -0 0 -1
    outer loop
      vertex -52.256 40.8171 0
      vertex -56.225 40.42 0
      vertex -52.2561 40.8182 0
    endloop
  endfacet
  facet normal 0 0 -1
    outer loop
      vertex -56.1865 -41.2041 0
      vertex -52.3005 -41.1182 0
      vertex -52.3153 -41.42 0
    endloop
  endfacet
  facet normal -0 0 -1
    outer loop
      vertex -52.2561 40.8182 0
      vertex -56.225 40.42 0
      vertex -52.3005 41.1171 0
    endloop
  endfacet
  facet normal 0 0 -1
    outer loop
      vertex 52.2561 -40.8182 0
      vertex 56.225 -40.42 0
      vertex 52.3005 -41.1171 0
    endloop
  endfacet
  facet normal 0 0 -1
    outer loop
      vertex 56.225 40.42 0
      vertex 52.3005 41.1182 0
      vertex 52.3153 41.42 0
    endloop
  endfacet
  facet normal 0 0 -1
    outer loop
      vertex 52.256 -40.8171 0
      vertex 56.225 -40.42 0
      vertex 52.2561 -40.8182 0
    endloop
  endfacet
  facet normal 0 0 -1
    outer loop
      vertex 56.225 40.42 0
      vertex 52.3005 41.1171 0
      vertex 52.3005 41.1182 0
    endloop
  endfacet
  facet normal 0 0 -1
    outer loop
      vertex 52.2557 -40.8161 0
      vertex 56.225 -40.42 0
      vertex 52.256 -40.8171 0
    endloop
  endfacet
  facet normal 0 0 -1
    outer loop
      vertex 56.225 40.42 0
      vertex 52.2561 40.8182 0
      vertex 52.3005 41.1171 0
    endloop
  endfacet
  facet normal 0 0 -1
    outer loop
      vertex 52.1823 -40.5229 0
      vertex 56.225 -40.42 0
      vertex 52.2557 -40.8161 0
    endloop
  endfacet
  facet normal 0 0 -1
    outer loop
      vertex 56.225 40.42 0
      vertex 52.256 40.8171 0
      vertex 52.2561 40.8182 0
    endloop
  endfacet
  facet normal 0 0 -1
    outer loop
      vertex 52.0805 -40.2384 0
      vertex 56.225 -40.42 0
      vertex 52.1823 -40.5229 0
    endloop
  endfacet
  facet normal 0 0 -1
    outer loop
      vertex 56.225 40.42 0
      vertex 52.2557 40.8161 0
      vertex 52.256 40.8171 0
    endloop
  endfacet
  facet normal 0 0 -1
    outer loop
      vertex 52.0801 -40.2374 0
      vertex 56.225 -40.42 0
      vertex 52.0805 -40.2384 0
    endloop
  endfacet
  facet normal 0 0 -1
    outer loop
      vertex 56.225 40.42 0
      vertex 52.1823 40.5229 0
      vertex 52.2557 40.8161 0
    endloop
  endfacet
  facet normal 0 0 -1
    outer loop
      vertex 52.0796 -40.2364 0
      vertex 56.225 -40.42 0
      vertex 52.0801 -40.2374 0
    endloop
  endfacet
  facet normal -0 0 -1
    outer loop
      vertex 56.225 40.42 0
      vertex 52.0805 40.2384 0
      vertex 52.1823 40.5229 0
    endloop
  endfacet
  facet normal 0 0 -1
    outer loop
      vertex 51.9504 -39.9632 0
      vertex 56.225 -40.42 0
      vertex 52.0796 -40.2364 0
    endloop
  endfacet
  facet normal 0 0 -1
    outer loop
      vertex 56.225 40.42 0
      vertex 52.0801 40.2374 0
      vertex 52.0805 40.2384 0
    endloop
  endfacet
  facet normal 0 0 -1
    outer loop
      vertex 51.9499 -39.9623 0
      vertex 56.225 -40.42 0
      vertex 51.9504 -39.9632 0
    endloop
  endfacet
  facet normal 0 0 -1
    outer loop
      vertex 56.225 40.42 0
      vertex 52.0796 40.2364 0
      vertex 52.0801 40.2374 0
    endloop
  endfacet
  facet normal 0 0 -1
    outer loop
      vertex 51.7945 -39.7031 0
      vertex 56.225 -40.42 0
      vertex 51.9499 -39.9623 0
    endloop
  endfacet
  facet normal 0 0 -1
    outer loop
      vertex 56.225 40.42 0
      vertex 51.9504 39.9632 0
      vertex 52.0796 40.2364 0
    endloop
  endfacet
  facet normal 0 0 -1
    outer loop
      vertex 51.6145 -39.4604 0
      vertex 56.225 -40.42 0
      vertex 51.7945 -39.7031 0
    endloop
  endfacet
  facet normal 0 0 -1
    outer loop
      vertex 56.225 40.42 0
      vertex 51.9499 39.9623 0
      vertex 51.9504 39.9632 0
    endloop
  endfacet
  facet normal 0 0 -1
    outer loop
      vertex 44.3812 -26.7272 0
      vertex 56.225 -40.42 0
      vertex 44.4945 -26.9668 0
    endloop
  endfacet
  facet normal 0 0 -1
    outer loop
      vertex 56.225 40.42 0
      vertex 51.7945 39.7031 0
      vertex 51.9499 39.9623 0
    endloop
  endfacet
  facet normal 0 0 -1
    outer loop
      vertex 51.6139 -39.4595 0
      vertex 56.225 -40.42 0
      vertex 51.6145 -39.4604 0
    endloop
  endfacet
  facet normal 0 0 -1
    outer loop
      vertex 56.225 -40.42 0
      vertex 44.3812 -26.7272 0
      vertex 56.225 40.42 0
    endloop
  endfacet
  facet normal 0 0 -1
    outer loop
      vertex 51.6131 -39.4587 0
      vertex 56.225 -40.42 0
      vertex 51.6139 -39.4595 0
    endloop
  endfacet
  facet normal 0 0 -1
    outer loop
      vertex 56.225 40.42 0
      vertex 51.6145 39.4604 0
      vertex 51.7945 39.7031 0
    endloop
  endfacet
  facet normal 0 0 -1
    outer loop
      vertex 51.4102 -39.2348 0
      vertex 56.225 -40.42 0
      vertex 51.6131 -39.4587 0
    endloop
  endfacet
  facet normal 0 0 -1
    outer loop
      vertex 56.225 40.42 0
      vertex 51.6139 39.4595 0
      vertex 51.6145 39.4604 0
    endloop
  endfacet
  facet normal 0 0 -1
    outer loop
      vertex 51.4094 -39.2341 0
      vertex 56.225 -40.42 0
      vertex 51.4102 -39.2348 0
    endloop
  endfacet
  facet normal 0 0 -1
    outer loop
      vertex 44.245 -26.5 0
      vertex 56.225 40.42 0
      vertex 44.3812 -26.7272 0
    endloop
  endfacet
  facet normal 0 0 -1
    outer loop
      vertex 51.1855 -39.0311 0
      vertex 56.225 -40.42 0
      vertex 51.4094 -39.2341 0
    endloop
  endfacet
  facet normal 0 0 -1
    outer loop
      vertex 56.225 40.42 0
      vertex 51.6131 39.4587 0
      vertex 51.6139 39.4595 0
    endloop
  endfacet
  facet normal 0 0 -1
    outer loop
      vertex 50.9428 -38.8511 0
      vertex 56.225 -40.42 0
      vertex 51.1855 -39.0311 0
    endloop
  endfacet
  facet normal 0 0 -1
    outer loop
      vertex 56.225 40.42 0
      vertex 51.4102 39.2348 0
      vertex 51.6131 39.4587 0
    endloop
  endfacet
  facet normal 0 0 -1
    outer loop
      vertex 50.9419 -38.8505 0
      vertex 56.225 -40.42 0
      vertex 50.9428 -38.8511 0
    endloop
  endfacet
  facet normal 0 0 -1
    outer loop
      vertex 44.0871 -26.2871 0
      vertex 56.225 40.42 0
      vertex 44.245 -26.5 0
    endloop
  endfacet
  facet normal 0 0 -1
    outer loop
      vertex 50.941 -38.8499 0
      vertex 56.225 -40.42 0
      vertex 50.9419 -38.8505 0
    endloop
  endfacet
  facet normal 0 0 -1
    outer loop
      vertex 56.225 40.42 0
      vertex 51.4094 39.2341 0
      vertex 51.4102 39.2348 0
    endloop
  endfacet
  facet normal 0 0 -1
    outer loop
      vertex 50.6818 -38.6946 0
      vertex 56.225 -40.42 0
      vertex 50.941 -38.8499 0
    endloop
  endfacet
  facet normal 0 0 -1
    outer loop
      vertex 56.225 40.42 0
      vertex 51.1855 39.0311 0
      vertex 51.4094 39.2341 0
    endloop
  endfacet
  facet normal 0 0 -1
    outer loop
      vertex 56.225 -40.42 0
      vertex 50.6818 -38.6946 0
      vertex 44.7 -28 0
    endloop
  endfacet
  facet normal 0 0 -1
    outer loop
      vertex 43.9092 -26.0908 0
      vertex 56.225 40.42 0
      vertex 44.0871 -26.2871 0
    endloop
  endfacet
  facet normal 0 0 -1
    outer loop
      vertex 44.687 -28.2646 0
      vertex 50.6818 -38.6946 0
      vertex 50.6808 -38.6941 0
    endloop
  endfacet
  facet normal 0 0 -1
    outer loop
      vertex 56.225 40.42 0
      vertex 50.9428 38.8511 0
      vertex 51.1855 39.0311 0
    endloop
  endfacet
  facet normal 0 0 -1
    outer loop
      vertex 44.687 -28.2646 0
      vertex 50.6808 -38.6941 0
      vertex 50.4076 -38.5649 0
    endloop
  endfacet
  facet normal 0 0 -1
    outer loop
      vertex 56.225 40.42 0
      vertex 50.9419 38.8505 0
      vertex 50.9428 38.8511 0
    endloop
  endfacet
  facet normal 0 0 -1
    outer loop
      vertex 44.6481 -28.5267 0
      vertex 50.4076 -38.5649 0
      vertex 50.1231 -38.4631 0
    endloop
  endfacet
  facet normal 0 0 -1
    outer loop
      vertex 43.7129 -25.9129 0
      vertex 56.225 40.42 0
      vertex 43.9092 -26.0908 0
    endloop
  endfacet
  facet normal 0 0 -1
    outer loop
      vertex 44.6481 -28.5267 0
      vertex 50.1231 -38.4631 0
      vertex 50.1221 -38.4627 0
    endloop
  endfacet
  facet normal 0 0 -1
    outer loop
      vertex 56.225 40.42 0
      vertex 50.941 38.8499 0
      vertex 50.9419 38.8505 0
    endloop
  endfacet
  facet normal 0 0 -1
    outer loop
      vertex 44.5837 -28.7838 0
      vertex 50.1221 -38.4627 0
      vertex 50.121 -38.4625 0
    endloop
  endfacet
  facet normal 0 0 -1
    outer loop
      vertex 56.225 40.42 0
      vertex 50.6818 38.6946 0
      vertex 50.941 38.8499 0
    endloop
  endfacet
  facet normal 0 0 -1
    outer loop
      vertex 44.5837 -28.7838 0
      vertex 50.121 -38.4625 0
      vertex 49.8279 -38.389 0
    endloop
  endfacet
  facet normal 0 0 -1
    outer loop
      vertex 43.5 -25.755 0
      vertex 56.225 40.42 0
      vertex 43.7129 -25.9129 0
    endloop
  endfacet
  facet normal 0 0 -1
    outer loop
      vertex 44.4945 -29.0332 0
      vertex 49.8279 -38.389 0
      vertex 49.529 -38.3447 0
    endloop
  endfacet
  facet normal 0 0 -1
    outer loop
      vertex 56.225 -40.42 0
      vertex 44.5837 -27.2162 0
      vertex 44.4945 -26.9668 0
    endloop
  endfacet
  facet normal 0 0 -1
    outer loop
      vertex 44.4945 -29.0332 0
      vertex 49.529 -38.3447 0
      vertex 49.5279 -38.3445 0
    endloop
  endfacet
  facet normal 0 0 -1
    outer loop
      vertex 56.225 40.42 0
      vertex 50.6808 38.6941 0
      vertex 50.6818 38.6946 0
    endloop
  endfacet
  facet normal 0 0 -1
    outer loop
      vertex 44.3812 -29.2728 0
      vertex 49.5279 -38.3445 0
      vertex 49.5268 -38.3445 0
    endloop
  endfacet
  facet normal 0 0 -1
    outer loop
      vertex 56.225 40.42 0
      vertex 50.4076 38.5649 0
      vertex 50.6808 38.6941 0
    endloop
  endfacet
  facet normal 0 0 -1
    outer loop
      vertex 44.3812 -29.2728 0
      vertex 49.5268 -38.3445 0
      vertex 49.225 -38.3297 0
    endloop
  endfacet
  facet normal 0 0 -1
    outer loop
      vertex 56.225 40.42 0
      vertex 43.5 -25.755 0
      vertex 50.4076 38.5649 0
    endloop
  endfacet
  facet normal 0 0 -1
    outer loop
      vertex 44.245 -29.5 0
      vertex 49.225 -38.3297 0
      vertex 48.9232 -38.3445 0
    endloop
  endfacet
  facet normal 0 0 -1
    outer loop
      vertex 50.4076 38.5649 0
      vertex 43.5 -25.755 0
      vertex 50.1231 38.4631 0
    endloop
  endfacet
  facet normal 0 0 -1
    outer loop
      vertex 44.245 -29.5 0
      vertex 48.9232 -38.3445 0
      vertex 48.9221 -38.3445 0
    endloop
  endfacet
  facet normal 0 0 -1
    outer loop
      vertex 50.1231 38.4631 0
      vertex 43.5 -25.755 0
      vertex 50.1221 38.4627 0
    endloop
  endfacet
  facet normal 0 0 -1
    outer loop
      vertex 44.0871 -29.7129 0
      vertex 48.9221 -38.3445 0
      vertex 48.921 -38.3447 0
    endloop
  endfacet
  facet normal 0 0 -1
    outer loop
      vertex 43.2728 -25.6188 0
      vertex 50.1221 38.4627 0
      vertex 43.5 -25.755 0
    endloop
  endfacet
  facet normal 0 0 -1
    outer loop
      vertex 44.0871 -29.7129 0
      vertex 48.921 -38.3447 0
      vertex 48.6221 -38.389 0
    endloop
  endfacet
  facet normal 0 0 -1
    outer loop
      vertex 50.1221 38.4627 0
      vertex 43.2728 -25.6188 0
      vertex 50.121 38.4625 0
    endloop
  endfacet
  facet normal 0 0 -1
    outer loop
      vertex 43.9092 -29.9092 0
      vertex 48.6221 -38.389 0
      vertex 48.329 -38.4625 0
    endloop
  endfacet
  facet normal 0 0 -1
    outer loop
      vertex 50.121 38.4625 0
      vertex 43.2728 -25.6188 0
      vertex 49.8279 38.389 0
    endloop
  endfacet
  facet normal 0 0 -1
    outer loop
      vertex 43.9092 -29.9092 0
      vertex 48.329 -38.4625 0
      vertex 48.3279 -38.4627 0
    endloop
  endfacet
  facet normal 0 0 -1
    outer loop
      vertex 43.0332 -25.5055 0
      vertex 49.8279 38.389 0
      vertex 43.2728 -25.6188 0
    endloop
  endfacet
  facet normal 0 0 -1
    outer loop
      vertex 43.7129 -30.0871 0
      vertex 48.3279 -38.4627 0
      vertex 48.3269 -38.4631 0
    endloop
  endfacet
  facet normal 0 0 -1
    outer loop
      vertex 49.8279 38.389 0
      vertex 43.0332 -25.5055 0
      vertex 49.529 38.3447 0
    endloop
  endfacet
  facet normal 0 0 -1
    outer loop
      vertex 43.7129 -30.0871 0
      vertex 48.3269 -38.4631 0
      vertex 48.0424 -38.5649 0
    endloop
  endfacet
  facet normal 0 0 -1
    outer loop
      vertex 56.225 -40.42 0
      vertex 44.6481 -27.4733 0
      vertex 44.5837 -27.2162 0
    endloop
  endfacet
  facet normal 0 0 -1
    outer loop
      vertex 43.5 -30.245 0
      vertex 48.0424 -38.5649 0
      vertex 48.0414 -38.5654 0
    endloop
  endfacet
  facet normal 0 0 -1
    outer loop
      vertex 49.529 38.3447 0
      vertex 43.0332 -25.5055 0
      vertex 49.5279 38.3445 0
    endloop
  endfacet
  facet normal 0 0 -1
    outer loop
      vertex 43.5 -30.245 0
      vertex 48.0414 -38.5654 0
      vertex 47.7682 -38.6946 0
    endloop
  endfacet
  facet normal 0 0 -1
    outer loop
      vertex 36 -22 0
      vertex 49.5279 38.3445 0
      vertex 43.0332 -25.5055 0
    endloop
  endfacet
  facet normal 0 0 -1
    outer loop
      vertex 43.2728 -30.3812 0
      vertex 47.7682 -38.6946 0
      vertex 47.509 -38.8499 0
    endloop
  endfacet
  facet normal -0 0 -1
    outer loop
      vertex 49.5279 38.3445 0
      vertex 36 -22 0
      vertex 49.5268 38.3445 0
    endloop
  endfacet
  facet normal 0 0 -1
    outer loop
      vertex 43.0332 -30.4945 0
      vertex 47.509 -38.8499 0
      vertex 47.5081 -38.8505 0
    endloop
  endfacet
  facet normal 0 0 -1
    outer loop
      vertex 49.5268 38.3445 0
      vertex 36 -22 0
      vertex 49.225 38.3297 0
    endloop
  endfacet
  facet normal 0 0 -1
    outer loop
      vertex 43.0332 -30.4945 0
      vertex 47.5081 -38.8505 0
      vertex 47.5072 -38.8511 0
    endloop
  endfacet
  facet normal -0 0 -1
    outer loop
      vertex 49.225 38.3297 0
      vertex 36 -22 0
      vertex 48.9232 38.3445 0
    endloop
  endfacet
  facet normal 0 0 -1
    outer loop
      vertex 43.0332 -30.4945 0
      vertex 47.5072 -38.8511 0
      vertex 47.2645 -39.0311 0
    endloop
  endfacet
  facet normal -0 0 -1
    outer loop
      vertex 48.9232 38.3445 0
      vertex 36 -22 0
      vertex 48.9221 38.3445 0
    endloop
  endfacet
  facet normal 0 0 -1
    outer loop
      vertex 42.5267 -30.6481 0
      vertex 47.2645 -39.0311 0
      vertex 47.0406 -39.2341 0
    endloop
  endfacet
  facet normal -0 0 -1
    outer loop
      vertex 48.9221 38.3445 0
      vertex 36 -22 0
      vertex 48.921 38.3447 0
    endloop
  endfacet
  facet normal 0 0 -1
    outer loop
      vertex 42.5267 -30.6481 0
      vertex 47.0406 -39.2341 0
      vertex 47.0398 -39.2348 0
    endloop
  endfacet
  facet normal -0 0 -1
    outer loop
      vertex 48.921 38.3447 0
      vertex 36 -22 0
      vertex 48.6221 38.389 0
    endloop
  endfacet
  facet normal 0 0 -1
    outer loop
      vertex 42.2646 -30.687 0
      vertex 47.0398 -39.2348 0
      vertex 46.8369 -39.4587 0
    endloop
  endfacet
  facet normal 0 0 -1
    outer loop
      vertex 56.225 -40.42 0
      vertex 44.687 -27.7354 0
      vertex 44.6481 -27.4733 0
    endloop
  endfacet
  facet normal 0 0 -1
    outer loop
      vertex 42.2646 -30.687 0
      vertex 46.8369 -39.4587 0
      vertex 46.8361 -39.4595 0
    endloop
  endfacet
  facet normal -0 0 -1
    outer loop
      vertex 48.6221 38.389 0
      vertex 36 -22 0
      vertex 48.329 38.4625 0
    endloop
  endfacet
  facet normal 0 0 -1
    outer loop
      vertex 42.2646 -30.687 0
      vertex 46.8361 -39.4595 0
      vertex 46.8355 -39.4604 0
    endloop
  endfacet
  facet normal -0 0 -1
    outer loop
      vertex 48.329 38.4625 0
      vertex 36 -22 0
      vertex 48.3279 38.4627 0
    endloop
  endfacet
  facet normal 0 0 -1
    outer loop
      vertex 42 -30.7 0
      vertex 46.8355 -39.4604 0
      vertex 46.6555 -39.7031 0
    endloop
  endfacet
  facet normal -0 0 -1
    outer loop
      vertex 48.3279 38.4627 0
      vertex 36 -22 0
      vertex 48.3269 38.4631 0
    endloop
  endfacet
  facet normal 0 0 -1
    outer loop
      vertex 42 -30.7 0
      vertex 46.6555 -39.7031 0
      vertex 46.6549 -39.704 0
    endloop
  endfacet
  facet normal -0 0 -1
    outer loop
      vertex 48.3269 38.4631 0
      vertex 36 -22 0
      vertex 48.0424 38.5649 0
    endloop
  endfacet
  facet normal 0 0 -1
    outer loop
      vertex 41.7354 -30.687 0
      vertex 46.6549 -39.704 0
      vertex 46.4996 -39.9632 0
    endloop
  endfacet
  facet normal -0 0 -1
    outer loop
      vertex 48.0424 38.5649 0
      vertex 36 -22 0
      vertex 48.0414 38.5654 0
    endloop
  endfacet
  facet normal 0 0 -1
    outer loop
      vertex 41.4733 -30.6481 0
      vertex 46.4996 -39.9632 0
      vertex 46.3704 -40.2364 0
    endloop
  endfacet
  facet normal -0 0 -1
    outer loop
      vertex 48.0414 38.5654 0
      vertex 36 -22 0
      vertex 47.7682 38.6946 0
    endloop
  endfacet
  facet normal 0 0 -1
    outer loop
      vertex 41.4733 -30.6481 0
      vertex 46.3704 -40.2364 0
      vertex 46.3699 -40.2374 0
    endloop
  endfacet
  facet normal -0 0 -1
    outer loop
      vertex 47.7682 38.6946 0
      vertex 36 -22 0
      vertex 47.509 38.8499 0
    endloop
  endfacet
  facet normal 0 0 -1
    outer loop
      vertex 41.2162 -30.5837 0
      vertex 46.3699 -40.2374 0
      vertex 46.3695 -40.2384 0
    endloop
  endfacet
  facet normal -0 0 -1
    outer loop
      vertex 47.509 38.8499 0
      vertex 36 -22 0
      vertex 47.5081 38.8505 0
    endloop
  endfacet
  facet normal 0 0 -1
    outer loop
      vertex 41.2162 -30.5837 0
      vertex 46.3695 -40.2384 0
      vertex 46.2677 -40.5229 0
    endloop
  endfacet
  facet normal 0 0 -1
    outer loop
      vertex 24 -22 0
      vertex 47.5081 38.8505 0
      vertex 36 -22 0
    endloop
  endfacet
  facet normal 0 0 -1
    outer loop
      vertex 40.9668 -30.4945 0
      vertex 46.2677 -40.5229 0
      vertex 46.1943 -40.8161 0
    endloop
  endfacet
  facet normal -0 0 -1
    outer loop
      vertex 47.5081 38.8505 0
      vertex 24 -22 0
      vertex 47.5072 38.8511 0
    endloop
  endfacet
  facet normal 0 0 -1
    outer loop
      vertex 40.9668 -30.4945 0
      vertex 46.1943 -40.8161 0
      vertex 46.194 -40.8171 0
    endloop
  endfacet
  facet normal -0 0 -1
    outer loop
      vertex 47.5072 38.8511 0
      vertex 24 -22 0
      vertex 47.2645 39.0311 0
    endloop
  endfacet
  facet normal 0 0 -1
    outer loop
      vertex 40.7272 -30.3812 0
      vertex 46.194 -40.8171 0
      vertex 46.1497 -41.116 0
    endloop
  endfacet
  facet normal 0 0 -1
    outer loop
      vertex -8 4 0
      vertex 47.2645 39.0311 0
      vertex 24 -22 0
    endloop
  endfacet
  facet normal 0 0 -1
    outer loop
      vertex 40.7272 -30.3812 0
      vertex 46.1497 -41.116 0
      vertex 46.1495 -41.1171 0
    endloop
  endfacet
  facet normal -0 0 -1
    outer loop
      vertex 47.2645 39.0311 0
      vertex -8 4 0
      vertex 47.0406 39.2341 0
    endloop
  endfacet
  facet normal 0 0 -1
    outer loop
      vertex 40.5 -30.245 0
      vertex 46.1495 -41.1171 0
      vertex 46.1495 -41.1182 0
    endloop
  endfacet
  facet normal -0 0 -1
    outer loop
      vertex 47.0406 39.2341 0
      vertex -8 4 0
      vertex 47.0398 39.2348 0
    endloop
  endfacet
  facet normal 0 0 -1
    outer loop
      vertex 40.5 -30.245 0
      vertex 46.1495 -41.1182 0
      vertex 46.1347 -41.42 0
    endloop
  endfacet
  facet normal -0 0 -1
    outer loop
      vertex 47.0398 39.2348 0
      vertex -8 4 0
      vertex 46.8369 39.4587 0
    endloop
  endfacet
  facet normal 0 0 -1
    outer loop
      vertex 52.3005 -41.1182 0
      vertex 56.1865 -41.2041 0
      vertex 52.3153 -41.42 0
    endloop
  endfacet
  facet normal 0 0 -1
    outer loop
      vertex 52.3005 -41.1171 0
      vertex 56.1865 -41.2041 0
      vertex 52.3005 -41.1182 0
    endloop
  endfacet
  facet normal 0 0 -1
    outer loop
      vertex 52.3153 -41.42 0
      vertex 56.1865 -41.2041 0
      vertex 56.0713 -41.9807 0
    endloop
  endfacet
  facet normal 0 0 -1
    outer loop
      vertex 56.1865 -41.2041 0
      vertex 52.3005 -41.1171 0
      vertex 56.225 -40.42 0
    endloop
  endfacet
  facet normal 0 0 -1
    outer loop
      vertex 52.3005 -41.7229 0
      vertex 56.0713 -41.9807 0
      vertex 55.8805 -42.7423 0
    endloop
  endfacet
  facet normal 0 0 -1
    outer loop
      vertex 56.225 40.42 0
      vertex 52.3153 41.42 0
      vertex 56.1865 41.2041 0
    endloop
  endfacet
  facet normal 0 0 -1
    outer loop
      vertex 52.2557 -42.0239 0
      vertex 55.8805 -42.7423 0
      vertex 55.616 -43.4815 0
    endloop
  endfacet
  facet normal 0 0 -1
    outer loop
      vertex 56.1865 41.2041 0
      vertex 52.3153 41.42 0
      vertex 56.0713 41.9807 0
    endloop
  endfacet
  facet normal 0 0 -1
    outer loop
      vertex 52.1823 -42.3171 0
      vertex 55.616 -43.4815 0
      vertex 55.2804 -44.1912 0
    endloop
  endfacet
  facet normal 0 0 -1
    outer loop
      vertex 52.3005 41.7218 0
      vertex 56.0713 41.9807 0
      vertex 52.3153 41.42 0
    endloop
  endfacet
  facet normal 0 0 -1
    outer loop
      vertex 51.9504 -42.8768 0
      vertex 55.2804 -44.1912 0
      vertex 54.8768 -44.8646 0
    endloop
  endfacet
  facet normal 0 0 -1
    outer loop
      vertex 52.3005 41.7229 0
      vertex 56.0713 41.9807 0
      vertex 52.3005 41.7218 0
    endloop
  endfacet
  facet normal 0 0 -1
    outer loop
      vertex 51.7945 -43.1369 0
      vertex 54.8768 -44.8646 0
      vertex 54.4091 -45.4951 0
    endloop
  endfacet
  facet normal -0 0 -1
    outer loop
      vertex 56.0713 41.9807 0
      vertex 52.3005 41.7229 0
      vertex 55.8805 42.7423 0
    endloop
  endfacet
  facet normal 0 0 -1
    outer loop
      vertex 51.6131 -43.3813 0
      vertex 54.4091 -45.4951 0
      vertex 53.8819 -46.0769 0
    endloop
  endfacet
  facet normal 0 0 -1
    outer loop
      vertex 52.2561 42.0218 0
      vertex 55.8805 42.7423 0
      vertex 52.3005 41.7229 0
    endloop
  endfacet
  facet normal 0 0 -1
    outer loop
      vertex 51.1855 -43.8089 0
      vertex 53.8819 -46.0769 0
      vertex 53.3001 -46.6041 0
    endloop
  endfacet
  facet normal 0 0 -1
    outer loop
      vertex 52.256 42.0229 0
      vertex 55.8805 42.7423 0
      vertex 52.2561 42.0218 0
    endloop
  endfacet
  facet normal 0 0 -1
    outer loop
      vertex 50.9419 -43.9895 0
      vertex 53.3001 -46.6041 0
      vertex 52.6696 -47.0718 0
    endloop
  endfacet
  facet normal 0 0 -1
    outer loop
      vertex 52.2557 42.0239 0
      vertex 55.8805 42.7423 0
      vertex 52.256 42.0229 0
    endloop
  endfacet
  facet normal -0 0 -1
    outer loop
      vertex 55.8805 42.7423 0
      vertex 52.2557 42.0239 0
      vertex 55.616 43.4815 0
    endloop
  endfacet
  facet normal 0 0 -1
    outer loop
      vertex 56.0713 -41.9807 0
      vertex 52.3005 -41.7218 0
      vertex 52.3153 -41.42 0
    endloop
  endfacet
  facet normal 0 0 -1
    outer loop
      vertex 56.0713 -41.9807 0
      vertex 52.3005 -41.7229 0
      vertex 52.3005 -41.7218 0
    endloop
  endfacet
  facet normal 0 0 -1
    outer loop
      vertex 55.8805 -42.7423 0
      vertex 52.2561 -42.0218 0
      vertex 52.3005 -41.7229 0
    endloop
  endfacet
  facet normal 0 0 -1
    outer loop
      vertex 55.8805 -42.7423 0
      vertex 52.256 -42.0229 0
      vertex 52.2561 -42.0218 0
    endloop
  endfacet
  facet normal 0 0 -1
    outer loop
      vertex 55.8805 -42.7423 0
      vertex 52.2557 -42.0239 0
      vertex 52.256 -42.0229 0
    endloop
  endfacet
  facet normal 0 0 -1
    outer loop
      vertex 55.616 -43.4815 0
      vertex 52.1823 -42.3171 0
      vertex 52.2557 -42.0239 0
    endloop
  endfacet
  facet normal 0 0 -1
    outer loop
      vertex 55.2804 -44.1912 0
      vertex 52.0805 -42.6016 0
      vertex 52.1823 -42.3171 0
    endloop
  endfacet
  facet normal 0 0 -1
    outer loop
      vertex 55.2804 -44.1912 0
      vertex 52.0801 -42.6026 0
      vertex 52.0805 -42.6016 0
    endloop
  endfacet
  facet normal 0 0 -1
    outer loop
      vertex 55.2804 -44.1912 0
      vertex 52.0796 -42.6036 0
      vertex 52.0801 -42.6026 0
    endloop
  endfacet
  facet normal 0 0 -1
    outer loop
      vertex 50.6818 -44.1454 0
      vertex 52.6696 -47.0718 0
      vertex 51.9962 -47.4754 0
    endloop
  endfacet
  facet normal 0 0 -1
    outer loop
      vertex 55.2804 -44.1912 0
      vertex 51.9504 -42.8768 0
      vertex 52.0796 -42.6036 0
    endloop
  endfacet
  facet normal 0 0 -1
    outer loop
      vertex 54.8768 -44.8646 0
      vertex 51.7951 -43.136 0
      vertex 51.9504 -42.8768 0
    endloop
  endfacet
  facet normal 0 0 -1
    outer loop
      vertex 54.8768 -44.8646 0
      vertex 51.7945 -43.1369 0
      vertex 51.7951 -43.136 0
    endloop
  endfacet
  facet normal 0 0 -1
    outer loop
      vertex 54.4091 -45.4951 0
      vertex 51.6145 -43.3796 0
      vertex 51.7945 -43.1369 0
    endloop
  endfacet
  facet normal 0 0 -1
    outer loop
      vertex 54.4091 -45.4951 0
      vertex 51.6139 -43.3805 0
      vertex 51.6145 -43.3796 0
    endloop
  endfacet
  facet normal 0 0 -1
    outer loop
      vertex 54.4091 -45.4951 0
      vertex 51.6131 -43.3813 0
      vertex 51.6139 -43.3805 0
    endloop
  endfacet
  facet normal 0 0 -1
    outer loop
      vertex 53.8819 -46.0769 0
      vertex 51.4102 -43.6052 0
      vertex 51.6131 -43.3813 0
    endloop
  endfacet
  facet normal 0 0 -1
    outer loop
      vertex 53.8819 -46.0769 0
      vertex 51.4094 -43.6059 0
      vertex 51.4102 -43.6052 0
    endloop
  endfacet
  facet normal 0 0 -1
    outer loop
      vertex 50.4076 -44.2751 0
      vertex 51.9962 -47.4754 0
      vertex 51.2865 -47.811 0
    endloop
  endfacet
  facet normal 0 0 -1
    outer loop
      vertex 53.8819 -46.0769 0
      vertex 51.1855 -43.8089 0
      vertex 51.4094 -43.6059 0
    endloop
  endfacet
  facet normal 0 0 -1
    outer loop
      vertex 53.3001 -46.6041 0
      vertex 50.9428 -43.9889 0
      vertex 51.1855 -43.8089 0
    endloop
  endfacet
  facet normal 0 0 -1
    outer loop
      vertex 53.3001 -46.6041 0
      vertex 50.9419 -43.9895 0
      vertex 50.9428 -43.9889 0
    endloop
  endfacet
  facet normal 0 0 -1
    outer loop
      vertex 52.6696 -47.0718 0
      vertex 50.941 -43.9901 0
      vertex 50.9419 -43.9895 0
    endloop
  endfacet
  facet normal 0 0 -1
    outer loop
      vertex 52.6696 -47.0718 0
      vertex 50.6818 -44.1454 0
      vertex 50.941 -43.9901 0
    endloop
  endfacet
  facet normal 0 0 -1
    outer loop
      vertex 51.9962 -47.4754 0
      vertex 50.6808 -44.1459 0
      vertex 50.6818 -44.1454 0
    endloop
  endfacet
  facet normal 0 0 -1
    outer loop
      vertex 49.8289 -44.4507 0
      vertex 51.2865 -47.811 0
      vertex 50.5473 -48.0755 0
    endloop
  endfacet
  facet normal 0 0 -1
    outer loop
      vertex 51.9962 -47.4754 0
      vertex 50.4076 -44.2751 0
      vertex 50.6808 -44.1459 0
    endloop
  endfacet
  facet normal 0 0 -1
    outer loop
      vertex 51.2865 -47.811 0
      vertex 50.1231 -44.3769 0
      vertex 50.4076 -44.2751 0
    endloop
  endfacet
  facet normal 0 0 -1
    outer loop
      vertex 51.2865 -47.811 0
      vertex 50.1221 -44.3773 0
      vertex 50.1231 -44.3769 0
    endloop
  endfacet
  facet normal 0 0 -1
    outer loop
      vertex 51.2865 -47.811 0
      vertex 49.8289 -44.4507 0
      vertex 50.1221 -44.3773 0
    endloop
  endfacet
  facet normal 0 0 -1
    outer loop
      vertex 50.5473 -48.0755 0
      vertex 49.8279 -44.451 0
      vertex 49.8289 -44.4507 0
    endloop
  endfacet
  facet normal 0 0 -1
    outer loop
      vertex 50.5473 -48.0755 0
      vertex 49.8268 -44.4511 0
      vertex 49.8279 -44.451 0
    endloop
  endfacet
  facet normal 0 0 -1
    outer loop
      vertex 49.5279 -44.4955 0
      vertex 50.5473 -48.0755 0
      vertex 49.7857 -48.2663 0
    endloop
  endfacet
  facet normal 0 0 -1
    outer loop
      vertex 50.5473 -48.0755 0
      vertex 49.5279 -44.4955 0
      vertex 49.8268 -44.4511 0
    endloop
  endfacet
  facet normal 0 0 -1
    outer loop
      vertex 49.7857 -48.2663 0
      vertex 49.5268 -44.4955 0
      vertex 49.5279 -44.4955 0
    endloop
  endfacet
  facet normal 0 0 -1
    outer loop
      vertex 49.7857 -48.2663 0
      vertex 49.225 -44.5103 0
      vertex 49.5268 -44.4955 0
    endloop
  endfacet
  facet normal 0 0 -1
    outer loop
      vertex 49.0091 -48.3815 0
      vertex 49.225 -44.5103 0
      vertex 49.7857 -48.2663 0
    endloop
  endfacet
  facet normal 0 0 -1
    outer loop
      vertex 49.0091 -48.3815 0
      vertex 48.9232 -44.4955 0
      vertex 49.225 -44.5103 0
    endloop
  endfacet
  facet normal 0 0 -1
    outer loop
      vertex 49.0091 -48.3815 0
      vertex 48.9221 -44.4955 0
      vertex 48.9232 -44.4955 0
    endloop
  endfacet
  facet normal 0 0 -1
    outer loop
      vertex 48.225 -48.42 0
      vertex 48.9221 -44.4955 0
      vertex 49.0091 -48.3815 0
    endloop
  endfacet
  facet normal -0 0 -1
    outer loop
      vertex 48.9221 -44.4955 0
      vertex 48.225 -48.42 0
      vertex 48.6232 -44.4511 0
    endloop
  endfacet
  facet normal -0 0 -1
    outer loop
      vertex 48.6232 -44.4511 0
      vertex 48.225 -48.42 0
      vertex 48.6221 -44.451 0
    endloop
  endfacet
  facet normal -0 0 -1
    outer loop
      vertex 48.6221 -44.451 0
      vertex 48.225 -48.42 0
      vertex 48.6211 -44.4507 0
    endloop
  endfacet
  facet normal -0 0 -1
    outer loop
      vertex 48.6211 -44.4507 0
      vertex 48.225 -48.42 0
      vertex 48.3279 -44.3773 0
    endloop
  endfacet
  facet normal -0 0 -1
    outer loop
      vertex 48.3279 -44.3773 0
      vertex 48.225 -48.42 0
      vertex 48.3269 -44.3769 0
    endloop
  endfacet
  facet normal 0 0 -1
    outer loop
      vertex 48.225 -48.42 0
      vertex 48.0424 -44.2751 0
      vertex 48.3269 -44.3769 0
    endloop
  endfacet
  facet normal 0 0 -1
    outer loop
      vertex 48.225 -48.42 0
      vertex 48.0414 -44.2746 0
      vertex 48.0424 -44.2751 0
    endloop
  endfacet
  facet normal 0 0 -1
    outer loop
      vertex 48.225 -48.42 0
      vertex 47.7682 -44.1454 0
      vertex 48.0414 -44.2746 0
    endloop
  endfacet
  facet normal 0 0 -1
    outer loop
      vertex 48.225 -48.42 0
      vertex 47.509 -43.9901 0
      vertex 47.7682 -44.1454 0
    endloop
  endfacet
  facet normal 0 0 -1
    outer loop
      vertex 48.225 -48.42 0
      vertex 47.5081 -43.9895 0
      vertex 47.509 -43.9901 0
    endloop
  endfacet
  facet normal 0 0 -1
    outer loop
      vertex 48.225 -48.42 0
      vertex 47.5072 -43.9889 0
      vertex 47.5081 -43.9895 0
    endloop
  endfacet
  facet normal 0 0 -1
    outer loop
      vertex 48.225 -48.42 0
      vertex 47.2645 -43.8089 0
      vertex 47.5072 -43.9889 0
    endloop
  endfacet
  facet normal 0 0 -1
    outer loop
      vertex 48.225 -48.42 0
      vertex 47.0406 -43.6059 0
      vertex 47.2645 -43.8089 0
    endloop
  endfacet
  facet normal 0 0 -1
    outer loop
      vertex 48.225 -48.42 0
      vertex 47.0398 -43.6052 0
      vertex 47.0406 -43.6059 0
    endloop
  endfacet
  facet normal 0 0 -1
    outer loop
      vertex 48.225 -48.42 0
      vertex 46.8369 -43.3813 0
      vertex 47.0398 -43.6052 0
    endloop
  endfacet
  facet normal 0 0 -1
    outer loop
      vertex 48.225 -48.42 0
      vertex 46.8361 -43.3805 0
      vertex 46.8369 -43.3813 0
    endloop
  endfacet
  facet normal 0 0 -1
    outer loop
      vertex 48.225 -48.42 0
      vertex 46.6561 -43.1378 0
      vertex 46.8361 -43.3805 0
    endloop
  endfacet
  facet normal 0 0 -1
    outer loop
      vertex 48.225 -48.42 0
      vertex 46.6555 -43.1369 0
      vertex 46.6561 -43.1378 0
    endloop
  endfacet
  facet normal 0 0 -1
    outer loop
      vertex 48.225 -48.42 0
      vertex 46.6549 -43.136 0
      vertex 46.6555 -43.1369 0
    endloop
  endfacet
  facet normal 0 0 -1
    outer loop
      vertex 48.225 -48.42 0
      vertex 46.4996 -42.8768 0
      vertex 46.6549 -43.136 0
    endloop
  endfacet
  facet normal 0 0 -1
    outer loop
      vertex 48.225 -48.42 0
      vertex 46.3704 -42.6036 0
      vertex 46.4996 -42.8768 0
    endloop
  endfacet
  facet normal 0 0 -1
    outer loop
      vertex 48.225 -48.42 0
      vertex 46.3699 -42.6026 0
      vertex 46.3704 -42.6036 0
    endloop
  endfacet
  facet normal 0 0 -1
    outer loop
      vertex 24 -28 0
      vertex 46.3699 -42.6026 0
      vertex 48.225 -48.42 0
    endloop
  endfacet
  facet normal 0 0 -1
    outer loop
      vertex 46.3699 -42.6026 0
      vertex 24 -28 0
      vertex 46.3695 -42.6016 0
    endloop
  endfacet
  facet normal 0 0 -1
    outer loop
      vertex 46.2677 -42.3171 0
      vertex 46.194 -42.0229 0
      vertex 46.1943 -42.0239 0
    endloop
  endfacet
  facet normal 0 0 -1
    outer loop
      vertex 56.225 -40.42 0
      vertex 44.7 -28 0
      vertex 44.687 -27.7354 0
    endloop
  endfacet
  facet normal 0 0 -1
    outer loop
      vertex 36 -28 0
      vertex 46.1347 -41.42 0
      vertex 46.1495 -41.7218 0
    endloop
  endfacet
  facet normal 0 0 -1
    outer loop
      vertex 36 -28 0
      vertex 46.1495 -41.7218 0
      vertex 46.1495 -41.7229 0
    endloop
  endfacet
  facet normal 0 0 -1
    outer loop
      vertex 50.6818 -38.6946 0
      vertex 44.687 -28.2646 0
      vertex 44.7 -28 0
    endloop
  endfacet
  facet normal 0 0 -1
    outer loop
      vertex 50.4076 -38.5649 0
      vertex 44.6481 -28.5267 0
      vertex 44.687 -28.2646 0
    endloop
  endfacet
  facet normal 0 0 -1
    outer loop
      vertex 50.1221 -38.4627 0
      vertex 44.5837 -28.7838 0
      vertex 44.6481 -28.5267 0
    endloop
  endfacet
  facet normal 0 0 -1
    outer loop
      vertex 49.8279 -38.389 0
      vertex 44.4945 -29.0332 0
      vertex 44.5837 -28.7838 0
    endloop
  endfacet
  facet normal 0 0 -1
    outer loop
      vertex 49.5279 -38.3445 0
      vertex 44.3812 -29.2728 0
      vertex 44.4945 -29.0332 0
    endloop
  endfacet
  facet normal 0 0 -1
    outer loop
      vertex 49.225 -38.3297 0
      vertex 44.245 -29.5 0
      vertex 44.3812 -29.2728 0
    endloop
  endfacet
  facet normal 0 0 -1
    outer loop
      vertex 24 -28 0
      vertex 46.1495 -41.7229 0
      vertex 46.1497 -41.724 0
    endloop
  endfacet
  facet normal 0 0 -1
    outer loop
      vertex 24 -28 0
      vertex 46.1497 -41.724 0
      vertex 46.194 -42.0229 0
    endloop
  endfacet
  facet normal 0 0 -1
    outer loop
      vertex 48.9221 -38.3445 0
      vertex 44.0871 -29.7129 0
      vertex 44.245 -29.5 0
    endloop
  endfacet
  facet normal 0 0 -1
    outer loop
      vertex 48.6221 -38.389 0
      vertex 43.9092 -29.9092 0
      vertex 44.0871 -29.7129 0
    endloop
  endfacet
  facet normal 0 0 -1
    outer loop
      vertex 48.3279 -38.4627 0
      vertex 43.7129 -30.0871 0
      vertex 43.9092 -29.9092 0
    endloop
  endfacet
  facet normal 0 0 -1
    outer loop
      vertex 48.0424 -38.5649 0
      vertex 43.5 -30.245 0
      vertex 43.7129 -30.0871 0
    endloop
  endfacet
  facet normal 0 0 -1
    outer loop
      vertex 47.7682 -38.6946 0
      vertex 43.2728 -30.3812 0
      vertex 43.5 -30.245 0
    endloop
  endfacet
  facet normal 0 0 -1
    outer loop
      vertex 24 -28 0
      vertex 46.194 -42.0229 0
      vertex 46.2677 -42.3171 0
    endloop
  endfacet
  facet normal 0 0 -1
    outer loop
      vertex 47.509 -38.8499 0
      vertex 43.0332 -30.4945 0
      vertex 43.2728 -30.3812 0
    endloop
  endfacet
  facet normal 0 0 -1
    outer loop
      vertex 47.2645 -39.0311 0
      vertex 42.7838 -30.5837 0
      vertex 43.0332 -30.4945 0
    endloop
  endfacet
  facet normal 0 0 -1
    outer loop
      vertex 47.2645 -39.0311 0
      vertex 42.5267 -30.6481 0
      vertex 42.7838 -30.5837 0
    endloop
  endfacet
  facet normal 0 0 -1
    outer loop
      vertex 47.0398 -39.2348 0
      vertex 42.2646 -30.687 0
      vertex 42.5267 -30.6481 0
    endloop
  endfacet
  facet normal 0 0 -1
    outer loop
      vertex 46.3695 -42.6016 0
      vertex 24 -28 0
      vertex 46.2677 -42.3171 0
    endloop
  endfacet
  facet normal 0 0 -1
    outer loop
      vertex 46.8355 -39.4604 0
      vertex 42 -30.7 0
      vertex 42.2646 -30.687 0
    endloop
  endfacet
  facet normal 0 0 -1
    outer loop
      vertex 46.6549 -39.704 0
      vertex 41.7354 -30.687 0
      vertex 42 -30.7 0
    endloop
  endfacet
  facet normal 0 0 -1
    outer loop
      vertex 46.4996 -39.9632 0
      vertex 41.4733 -30.6481 0
      vertex 41.7354 -30.687 0
    endloop
  endfacet
  facet normal 0 0 -1
    outer loop
      vertex 46.3699 -40.2374 0
      vertex 41.2162 -30.5837 0
      vertex 41.4733 -30.6481 0
    endloop
  endfacet
  facet normal 0 0 -1
    outer loop
      vertex 46.2677 -40.5229 0
      vertex 40.9668 -30.4945 0
      vertex 41.2162 -30.5837 0
    endloop
  endfacet
  facet normal 0 0 -1
    outer loop
      vertex 46.194 -40.8171 0
      vertex 40.7272 -30.3812 0
      vertex 40.9668 -30.4945 0
    endloop
  endfacet
  facet normal 0 0 -1
    outer loop
      vertex 46.1495 -41.1171 0
      vertex 40.5 -30.245 0
      vertex 40.7272 -30.3812 0
    endloop
  endfacet
  facet normal 0 0 -1
    outer loop
      vertex 46.1347 -41.42 0
      vertex 36 -28 0
      vertex 40.5 -30.245 0
    endloop
  endfacet
  facet normal 0 0 -1
    outer loop
      vertex 40.5 -30.245 0
      vertex 36 -28 0
      vertex 40.2871 -30.0871 0
    endloop
  endfacet
  facet normal 0 0 -1
    outer loop
      vertex 40.2871 -30.0871 0
      vertex 36 -28 0
      vertex 40.0908 -29.9092 0
    endloop
  endfacet
  facet normal 0 0 -1
    outer loop
      vertex 40.0908 -29.9092 0
      vertex 36 -28 0
      vertex 39.9129 -29.7129 0
    endloop
  endfacet
  facet normal 0 0 -1
    outer loop
      vertex 39.9129 -29.7129 0
      vertex 36 -28 0
      vertex 39.755 -29.5 0
    endloop
  endfacet
  facet normal 0 0 -1
    outer loop
      vertex 39.755 -29.5 0
      vertex 36 -28 0
      vertex 39.6188 -29.2728 0
    endloop
  endfacet
  facet normal 0 0 -1
    outer loop
      vertex 39.313 -28.2646 0
      vertex 36 -28 0
      vertex 39.3 -28 0
    endloop
  endfacet
  facet normal 0 0 -1
    outer loop
      vertex 39.3519 -28.5267 0
      vertex 36 -28 0
      vertex 39.313 -28.2646 0
    endloop
  endfacet
  facet normal 0 0 -1
    outer loop
      vertex 39.4163 -28.7838 0
      vertex 36 -28 0
      vertex 39.3519 -28.5267 0
    endloop
  endfacet
  facet normal 0 0 -1
    outer loop
      vertex 39.5055 -29.0332 0
      vertex 36 -28 0
      vertex 39.4163 -28.7838 0
    endloop
  endfacet
  facet normal 0 0 -1
    outer loop
      vertex 39.6188 -29.2728 0
      vertex 36 -28 0
      vertex 39.5055 -29.0332 0
    endloop
  endfacet
  facet normal 0 0 -1
    outer loop
      vertex 46.1495 -41.7229 0
      vertex 24 -28 0
      vertex 36 -28 0
    endloop
  endfacet
  facet normal 0 0 -1
    outer loop
      vertex -11 -5 0
      vertex 24 -22 0
      vertex 24 -28 0
    endloop
  endfacet
  facet normal 0 0 -1
    outer loop
      vertex 24 -22 0
      vertex -8.40001 -1 0
      vertex -8 4 0
    endloop
  endfacet
  facet normal 0 0 -1
    outer loop
      vertex -48.225 -48.42 0
      vertex 24 -28 0
      vertex 48.225 -48.42 0
    endloop
  endfacet
  facet normal 0 0 -1
    outer loop
      vertex 24 -22 0
      vertex -11 -5 0
      vertex -8.40001 -1 0
    endloop
  endfacet
  facet normal 0 0 -1
    outer loop
      vertex 24 -28 0
      vertex -15 -7 0
      vertex -11 -5 0
    endloop
  endfacet
  facet normal 0 -0 -1
    outer loop
      vertex -46.1497 -41.724 0
      vertex 24 -28 0
      vertex -46.194 -42.0229 0
    endloop
  endfacet
  facet normal 0 0 -1
    outer loop
      vertex -46.1497 -41.116 0
      vertex -15 -7 0
      vertex -46.1495 -41.1171 0
    endloop
  endfacet
  facet normal 0 0 -1
    outer loop
      vertex -46.1495 -41.1171 0
      vertex -15 -7 0
      vertex -46.1495 -41.1182 0
    endloop
  endfacet
  facet normal 0 0 -1
    outer loop
      vertex -46.1495 -41.7218 0
      vertex -15 -7 0
      vertex -46.1495 -41.7229 0
    endloop
  endfacet
  facet normal 0 0 -1
    outer loop
      vertex -46.1495 -41.1182 0
      vertex -15 -7 0
      vertex -46.1347 -41.42 0
    endloop
  endfacet
  facet normal 0 -0 -1
    outer loop
      vertex -46.1347 -41.42 0
      vertex -15 -7 0
      vertex -46.1495 -41.7218 0
    endloop
  endfacet
  facet normal -0 0 -1
    outer loop
      vertex 24 -28 0
      vertex -46.1495 -41.7229 0
      vertex -15 -7 0
    endloop
  endfacet
  facet normal 0 -0 -1
    outer loop
      vertex -46.1495 -41.7229 0
      vertex 24 -28 0
      vertex -46.1497 -41.724 0
    endloop
  endfacet
  facet normal 0 0 -1
    outer loop
      vertex 24 -28 0
      vertex -46.1943 -42.0239 0
      vertex -46.194 -42.0229 0
    endloop
  endfacet
  facet normal 0 0 -1
    outer loop
      vertex 24 -28 0
      vertex -46.2677 -42.3171 0
      vertex -46.1943 -42.0239 0
    endloop
  endfacet
  facet normal 0 0 -1
    outer loop
      vertex 24 -28 0
      vertex -46.3695 -42.6016 0
      vertex -46.2677 -42.3171 0
    endloop
  endfacet
  facet normal 0 0 -1
    outer loop
      vertex 24 -28 0
      vertex -46.3699 -42.6026 0
      vertex -46.3695 -42.6016 0
    endloop
  endfacet
  facet normal 0 0 -1
    outer loop
      vertex 24 -28 0
      vertex -48.225 -48.42 0
      vertex -46.3699 -42.6026 0
    endloop
  endfacet
  facet normal 0 0 -1
    outer loop
      vertex -46.3699 -42.6026 0
      vertex -48.225 -48.42 0
      vertex -46.3704 -42.6036 0
    endloop
  endfacet
  facet normal 0 0 -1
    outer loop
      vertex -46.3704 -42.6036 0
      vertex -48.225 -48.42 0
      vertex -46.4996 -42.8768 0
    endloop
  endfacet
  facet normal 0 0 -1
    outer loop
      vertex -46.4996 -42.8768 0
      vertex -48.225 -48.42 0
      vertex -46.6549 -43.136 0
    endloop
  endfacet
  facet normal 0 0 -1
    outer loop
      vertex -46.6549 -43.136 0
      vertex -48.225 -48.42 0
      vertex -46.6555 -43.1369 0
    endloop
  endfacet
  facet normal 0 0 -1
    outer loop
      vertex -46.6555 -43.1369 0
      vertex -48.225 -48.42 0
      vertex -46.6561 -43.1378 0
    endloop
  endfacet
  facet normal 0 0 -1
    outer loop
      vertex -46.6561 -43.1378 0
      vertex -48.225 -48.42 0
      vertex -46.8361 -43.3805 0
    endloop
  endfacet
  facet normal 0 0 -1
    outer loop
      vertex -46.8361 -43.3805 0
      vertex -48.225 -48.42 0
      vertex -46.8369 -43.3813 0
    endloop
  endfacet
  facet normal 0 0 -1
    outer loop
      vertex -46.8369 -43.3813 0
      vertex -48.225 -48.42 0
      vertex -47.0398 -43.6052 0
    endloop
  endfacet
  facet normal 0 0 -1
    outer loop
      vertex -47.0398 -43.6052 0
      vertex -48.225 -48.42 0
      vertex -47.0406 -43.6059 0
    endloop
  endfacet
  facet normal 0 0 -1
    outer loop
      vertex -47.0406 -43.6059 0
      vertex -48.225 -48.42 0
      vertex -47.2645 -43.8089 0
    endloop
  endfacet
  facet normal 0 0 -1
    outer loop
      vertex -47.2645 -43.8089 0
      vertex -48.225 -48.42 0
      vertex -47.5072 -43.9889 0
    endloop
  endfacet
  facet normal 0 0 -1
    outer loop
      vertex -47.5072 -43.9889 0
      vertex -48.225 -48.42 0
      vertex -47.5081 -43.9895 0
    endloop
  endfacet
  facet normal 0 0 -1
    outer loop
      vertex -47.5081 -43.9895 0
      vertex -48.225 -48.42 0
      vertex -47.509 -43.9901 0
    endloop
  endfacet
  facet normal 0 0 -1
    outer loop
      vertex -47.509 -43.9901 0
      vertex -48.225 -48.42 0
      vertex -47.7682 -44.1454 0
    endloop
  endfacet
  facet normal 0 0 -1
    outer loop
      vertex -47.7682 -44.1454 0
      vertex -48.225 -48.42 0
      vertex -48.0414 -44.2746 0
    endloop
  endfacet
  facet normal 0 0 -1
    outer loop
      vertex -48.0414 -44.2746 0
      vertex -48.225 -48.42 0
      vertex -48.0424 -44.2751 0
    endloop
  endfacet
  facet normal 0 0 -1
    outer loop
      vertex -48.225 -48.42 0
      vertex -48.3269 -44.3769 0
      vertex -48.0424 -44.2751 0
    endloop
  endfacet
  facet normal 0 0 -1
    outer loop
      vertex -48.225 -48.42 0
      vertex -48.3279 -44.3773 0
      vertex -48.3269 -44.3769 0
    endloop
  endfacet
  facet normal 0 0 -1
    outer loop
      vertex -48.225 -48.42 0
      vertex -48.6211 -44.4507 0
      vertex -48.3279 -44.3773 0
    endloop
  endfacet
  facet normal 0 0 -1
    outer loop
      vertex -48.225 -48.42 0
      vertex -48.6221 -44.451 0
      vertex -48.6211 -44.4507 0
    endloop
  endfacet
  facet normal 0 0 -1
    outer loop
      vertex -48.225 -48.42 0
      vertex -48.6232 -44.4511 0
      vertex -48.6221 -44.451 0
    endloop
  endfacet
  facet normal 0 0 -1
    outer loop
      vertex -48.225 -48.42 0
      vertex -48.9221 -44.4955 0
      vertex -48.6232 -44.4511 0
    endloop
  endfacet
  facet normal 0 0 -1
    outer loop
      vertex -49.0091 -48.3815 0
      vertex -48.9221 -44.4955 0
      vertex -48.225 -48.42 0
    endloop
  endfacet
  facet normal -0 0 -1
    outer loop
      vertex -48.9221 -44.4955 0
      vertex -49.0091 -48.3815 0
      vertex -48.9232 -44.4955 0
    endloop
  endfacet
  facet normal 0 0 -1
    outer loop
      vertex -49.0091 -48.3815 0
      vertex -49.225 -44.5103 0
      vertex -48.9232 -44.4955 0
    endloop
  endfacet
  facet normal 0 0 -1
    outer loop
      vertex -49.7857 -48.2663 0
      vertex -49.225 -44.5103 0
      vertex -49.0091 -48.3815 0
    endloop
  endfacet
  facet normal -0 0 -1
    outer loop
      vertex -49.225 -44.5103 0
      vertex -49.7857 -48.2663 0
      vertex -49.5268 -44.4955 0
    endloop
  endfacet
  facet normal -0 0 -1
    outer loop
      vertex -49.5268 -44.4955 0
      vertex -49.7857 -48.2663 0
      vertex -49.5279 -44.4955 0
    endloop
  endfacet
  facet normal 0 0 -1
    outer loop
      vertex -50.5473 -48.0755 0
      vertex -49.5279 -44.4955 0
      vertex -49.7857 -48.2663 0
    endloop
  endfacet
  facet normal -0 0 -1
    outer loop
      vertex -49.5279 -44.4955 0
      vertex -50.5473 -48.0755 0
      vertex -49.8268 -44.4511 0
    endloop
  endfacet
  facet normal -0 0 -1
    outer loop
      vertex -49.8268 -44.4511 0
      vertex -50.5473 -48.0755 0
      vertex -49.8279 -44.451 0
    endloop
  endfacet
  facet normal -0 0 -1
    outer loop
      vertex -49.8279 -44.451 0
      vertex -50.5473 -48.0755 0
      vertex -49.8289 -44.4507 0
    endloop
  endfacet
  facet normal 0 0 -1
    outer loop
      vertex -51.2865 -47.811 0
      vertex -49.8289 -44.4507 0
      vertex -50.5473 -48.0755 0
    endloop
  endfacet
  facet normal -0 0 -1
    outer loop
      vertex -49.8289 -44.4507 0
      vertex -51.2865 -47.811 0
      vertex -50.1221 -44.3773 0
    endloop
  endfacet
  facet normal -0 0 -1
    outer loop
      vertex -50.1221 -44.3773 0
      vertex -51.2865 -47.811 0
      vertex -50.1231 -44.3769 0
    endloop
  endfacet
  facet normal -0 0 -1
    outer loop
      vertex -50.1231 -44.3769 0
      vertex -51.2865 -47.811 0
      vertex -50.4076 -44.2751 0
    endloop
  endfacet
  facet normal 0 0 -1
    outer loop
      vertex -51.9962 -47.4754 0
      vertex -50.4076 -44.2751 0
      vertex -51.2865 -47.811 0
    endloop
  endfacet
  facet normal -0 0 -1
    outer loop
      vertex -50.4076 -44.2751 0
      vertex -51.9962 -47.4754 0
      vertex -50.6808 -44.1459 0
    endloop
  endfacet
  facet normal -0 0 -1
    outer loop
      vertex -50.6808 -44.1459 0
      vertex -51.9962 -47.4754 0
      vertex -50.6818 -44.1454 0
    endloop
  endfacet
  facet normal 0 0 -1
    outer loop
      vertex -52.6696 -47.0718 0
      vertex -50.6818 -44.1454 0
      vertex -51.9962 -47.4754 0
    endloop
  endfacet
  facet normal -0 0 -1
    outer loop
      vertex -50.6818 -44.1454 0
      vertex -52.6696 -47.0718 0
      vertex -50.941 -43.9901 0
    endloop
  endfacet
  facet normal -0 0 -1
    outer loop
      vertex -50.941 -43.9901 0
      vertex -52.6696 -47.0718 0
      vertex -50.9419 -43.9895 0
    endloop
  endfacet
  facet normal 0 0 -1
    outer loop
      vertex -53.3001 -46.6041 0
      vertex -50.9419 -43.9895 0
      vertex -52.6696 -47.0718 0
    endloop
  endfacet
  facet normal -0 0 -1
    outer loop
      vertex -50.9419 -43.9895 0
      vertex -53.3001 -46.6041 0
      vertex -50.9428 -43.9889 0
    endloop
  endfacet
  facet normal -0 0 -1
    outer loop
      vertex -50.9428 -43.9889 0
      vertex -53.3001 -46.6041 0
      vertex -51.1855 -43.8089 0
    endloop
  endfacet
  facet normal 0 0 -1
    outer loop
      vertex -53.8819 -46.0769 0
      vertex -51.1855 -43.8089 0
      vertex -53.3001 -46.6041 0
    endloop
  endfacet
  facet normal -0 0 -1
    outer loop
      vertex -51.1855 -43.8089 0
      vertex -53.8819 -46.0769 0
      vertex -51.4094 -43.6059 0
    endloop
  endfacet
  facet normal -0 0 -1
    outer loop
      vertex -51.4094 -43.6059 0
      vertex -53.8819 -46.0769 0
      vertex -51.4102 -43.6052 0
    endloop
  endfacet
  facet normal -0 0 -1
    outer loop
      vertex -51.4102 -43.6052 0
      vertex -53.8819 -46.0769 0
      vertex -51.6131 -43.3813 0
    endloop
  endfacet
  facet normal 0 0 -1
    outer loop
      vertex -54.4091 -45.4951 0
      vertex -51.6131 -43.3813 0
      vertex -53.8819 -46.0769 0
    endloop
  endfacet
  facet normal -0 0 -1
    outer loop
      vertex -51.6131 -43.3813 0
      vertex -54.4091 -45.4951 0
      vertex -51.6139 -43.3805 0
    endloop
  endfacet
  facet normal -0 0 -1
    outer loop
      vertex -51.6139 -43.3805 0
      vertex -54.4091 -45.4951 0
      vertex -51.6145 -43.3796 0
    endloop
  endfacet
  facet normal -0 0 -1
    outer loop
      vertex -51.6145 -43.3796 0
      vertex -54.4091 -45.4951 0
      vertex -51.7945 -43.1369 0
    endloop
  endfacet
  facet normal 0 0 -1
    outer loop
      vertex -54.8768 -44.8646 0
      vertex -51.7945 -43.1369 0
      vertex -54.4091 -45.4951 0
    endloop
  endfacet
  facet normal -0 0 -1
    outer loop
      vertex -51.7945 -43.1369 0
      vertex -54.8768 -44.8646 0
      vertex -51.7951 -43.136 0
    endloop
  endfacet
  facet normal -0 0 -1
    outer loop
      vertex -51.7951 -43.136 0
      vertex -54.8768 -44.8646 0
      vertex -51.9504 -42.8768 0
    endloop
  endfacet
  facet normal 0 0 -1
    outer loop
      vertex -55.2804 -44.1912 0
      vertex -51.9504 -42.8768 0
      vertex -54.8768 -44.8646 0
    endloop
  endfacet
  facet normal -0 0 -1
    outer loop
      vertex -51.9504 -42.8768 0
      vertex -55.2804 -44.1912 0
      vertex -52.0796 -42.6036 0
    endloop
  endfacet
  facet normal -0 0 -1
    outer loop
      vertex -52.0796 -42.6036 0
      vertex -55.2804 -44.1912 0
      vertex -52.0801 -42.6026 0
    endloop
  endfacet
  facet normal -0 0 -1
    outer loop
      vertex -52.1823 -42.3171 0
      vertex -55.616 -43.4815 0
      vertex -52.2557 -42.0239 0
    endloop
  endfacet
  facet normal 0 0 -1
    outer loop
      vertex -55.616 -43.4815 0
      vertex -52.1823 -42.3171 0
      vertex -55.2804 -44.1912 0
    endloop
  endfacet
  facet normal -0 0 -1
    outer loop
      vertex -52.0805 -42.6016 0
      vertex -55.2804 -44.1912 0
      vertex -52.1823 -42.3171 0
    endloop
  endfacet
  facet normal -0 0 -1
    outer loop
      vertex -52.0801 -42.6026 0
      vertex -55.2804 -44.1912 0
      vertex -52.0805 -42.6016 0
    endloop
  endfacet
  facet normal 0 0 -1
    outer loop
      vertex 52.1823 42.3171 0
      vertex 55.616 43.4815 0
      vertex 52.2557 42.0239 0
    endloop
  endfacet
  facet normal -0 0 -1
    outer loop
      vertex 55.616 43.4815 0
      vertex 52.1823 42.3171 0
      vertex 55.2804 44.1912 0
    endloop
  endfacet
  facet normal 0 0 -1
    outer loop
      vertex 52.0805 42.6016 0
      vertex 55.2804 44.1912 0
      vertex 52.1823 42.3171 0
    endloop
  endfacet
  facet normal 0 0 -1
    outer loop
      vertex 52.0801 42.6026 0
      vertex 55.2804 44.1912 0
      vertex 52.0805 42.6016 0
    endloop
  endfacet
  facet normal 0 0 -1
    outer loop
      vertex 52.0796 42.6036 0
      vertex 55.2804 44.1912 0
      vertex 52.0801 42.6026 0
    endloop
  endfacet
  facet normal 0 0 -1
    outer loop
      vertex 51.9504 42.8768 0
      vertex 55.2804 44.1912 0
      vertex 52.0796 42.6036 0
    endloop
  endfacet
  facet normal -0 0 -1
    outer loop
      vertex 55.2804 44.1912 0
      vertex 51.9504 42.8768 0
      vertex 54.8768 44.8646 0
    endloop
  endfacet
  facet normal 0 0 -1
    outer loop
      vertex 51.7951 43.136 0
      vertex 54.8768 44.8646 0
      vertex 51.9504 42.8768 0
    endloop
  endfacet
  facet normal 0 0 -1
    outer loop
      vertex 51.7945 43.1369 0
      vertex 54.8768 44.8646 0
      vertex 51.7951 43.136 0
    endloop
  endfacet
  facet normal -0 0 -1
    outer loop
      vertex 54.8768 44.8646 0
      vertex 51.7945 43.1369 0
      vertex 54.4091 45.4951 0
    endloop
  endfacet
  facet normal 0 0 -1
    outer loop
      vertex 51.6145 43.3796 0
      vertex 54.4091 45.4951 0
      vertex 51.7945 43.1369 0
    endloop
  endfacet
  facet normal 0 0 -1
    outer loop
      vertex 51.6139 43.3805 0
      vertex 54.4091 45.4951 0
      vertex 51.6145 43.3796 0
    endloop
  endfacet
  facet normal 0 0 -1
    outer loop
      vertex 51.6131 43.3813 0
      vertex 54.4091 45.4951 0
      vertex 51.6139 43.3805 0
    endloop
  endfacet
  facet normal -0 0 -1
    outer loop
      vertex 54.4091 45.4951 0
      vertex 51.6131 43.3813 0
      vertex 53.8819 46.0769 0
    endloop
  endfacet
  facet normal 0 0 -1
    outer loop
      vertex 51.4102 43.6052 0
      vertex 53.8819 46.0769 0
      vertex 51.6131 43.3813 0
    endloop
  endfacet
  facet normal 0 0 -1
    outer loop
      vertex 51.4094 43.6059 0
      vertex 53.8819 46.0769 0
      vertex 51.4102 43.6052 0
    endloop
  endfacet
  facet normal 0 0 -1
    outer loop
      vertex 51.1855 43.8089 0
      vertex 53.8819 46.0769 0
      vertex 51.4094 43.6059 0
    endloop
  endfacet
  facet normal -0 0 -1
    outer loop
      vertex 53.8819 46.0769 0
      vertex 51.1855 43.8089 0
      vertex 53.3001 46.6041 0
    endloop
  endfacet
  facet normal 0 0 -1
    outer loop
      vertex 50.9428 43.9889 0
      vertex 53.3001 46.6041 0
      vertex 51.1855 43.8089 0
    endloop
  endfacet
  facet normal 0 0 -1
    outer loop
      vertex 50.9419 43.9895 0
      vertex 53.3001 46.6041 0
      vertex 50.9428 43.9889 0
    endloop
  endfacet
  facet normal -0 0 -1
    outer loop
      vertex 53.3001 46.6041 0
      vertex 50.9419 43.9895 0
      vertex 52.6696 47.0718 0
    endloop
  endfacet
  facet normal 0 0 -1
    outer loop
      vertex 50.941 43.9901 0
      vertex 52.6696 47.0718 0
      vertex 50.9419 43.9895 0
    endloop
  endfacet
  facet normal 0 0 -1
    outer loop
      vertex 50.6818 44.1454 0
      vertex 52.6696 47.0718 0
      vertex 50.941 43.9901 0
    endloop
  endfacet
  facet normal -0 0 -1
    outer loop
      vertex 52.6696 47.0718 0
      vertex 50.6818 44.1454 0
      vertex 51.9962 47.4754 0
    endloop
  endfacet
  facet normal 0 0 -1
    outer loop
      vertex 50.6808 44.1459 0
      vertex 51.9962 47.4754 0
      vertex 50.6818 44.1454 0
    endloop
  endfacet
  facet normal 0 0 -1
    outer loop
      vertex 50.4076 44.2751 0
      vertex 51.9962 47.4754 0
      vertex 50.6808 44.1459 0
    endloop
  endfacet
  facet normal -0 0 -1
    outer loop
      vertex 51.9962 47.4754 0
      vertex 50.4076 44.2751 0
      vertex 51.2865 47.811 0
    endloop
  endfacet
  facet normal 0 0 -1
    outer loop
      vertex 50.1231 44.3769 0
      vertex 51.2865 47.811 0
      vertex 50.4076 44.2751 0
    endloop
  endfacet
  facet normal 0 0 -1
    outer loop
      vertex 50.1221 44.3773 0
      vertex 51.2865 47.811 0
      vertex 50.1231 44.3769 0
    endloop
  endfacet
  facet normal 0 0 -1
    outer loop
      vertex 49.8289 44.4507 0
      vertex 51.2865 47.811 0
      vertex 50.1221 44.3773 0
    endloop
  endfacet
  facet normal -0 0 -1
    outer loop
      vertex 51.2865 47.811 0
      vertex 49.8289 44.4507 0
      vertex 50.5473 48.0755 0
    endloop
  endfacet
  facet normal 0 0 -1
    outer loop
      vertex 49.8279 44.451 0
      vertex 50.5473 48.0755 0
      vertex 49.8289 44.4507 0
    endloop
  endfacet
  facet normal 0 0 -1
    outer loop
      vertex 49.8268 44.4511 0
      vertex 50.5473 48.0755 0
      vertex 49.8279 44.451 0
    endloop
  endfacet
  facet normal 0 0 -1
    outer loop
      vertex 49.5279 44.4955 0
      vertex 50.5473 48.0755 0
      vertex 49.8268 44.4511 0
    endloop
  endfacet
  facet normal -0 0 -1
    outer loop
      vertex 50.5473 48.0755 0
      vertex 49.5279 44.4955 0
      vertex 49.7857 48.2663 0
    endloop
  endfacet
  facet normal 0 0 -1
    outer loop
      vertex 49.5268 44.4955 0
      vertex 49.7857 48.2663 0
      vertex 49.5279 44.4955 0
    endloop
  endfacet
  facet normal 0 0 -1
    outer loop
      vertex 49.225 44.5103 0
      vertex 49.7857 48.2663 0
      vertex 49.5268 44.4955 0
    endloop
  endfacet
  facet normal 0 0 -1
    outer loop
      vertex 49.225 44.5103 0
      vertex 49.0091 48.3815 0
      vertex 49.7857 48.2663 0
    endloop
  endfacet
  facet normal 0 0 -1
    outer loop
      vertex 48.9232 44.4955 0
      vertex 49.0091 48.3815 0
      vertex 49.225 44.5103 0
    endloop
  endfacet
  facet normal 0 0 -1
    outer loop
      vertex 48.9221 44.4955 0
      vertex 49.0091 48.3815 0
      vertex 48.9232 44.4955 0
    endloop
  endfacet
  facet normal 0 0 -1
    outer loop
      vertex 48.225 48.42 0
      vertex 48.9221 44.4955 0
      vertex 48.6232 44.4511 0
    endloop
  endfacet
  facet normal 0 0 -1
    outer loop
      vertex 48.225 48.42 0
      vertex 48.6232 44.4511 0
      vertex 48.6221 44.451 0
    endloop
  endfacet
  facet normal 0 0 -1
    outer loop
      vertex 48.225 48.42 0
      vertex 48.6221 44.451 0
      vertex 48.6211 44.4507 0
    endloop
  endfacet
  facet normal 0 0 -1
    outer loop
      vertex 48.225 48.42 0
      vertex 48.6211 44.4507 0
      vertex 48.3279 44.3773 0
    endloop
  endfacet
  facet normal 0 0 -1
    outer loop
      vertex 48.225 48.42 0
      vertex 48.3279 44.3773 0
      vertex 48.3269 44.3769 0
    endloop
  endfacet
  facet normal 0 0 -1
    outer loop
      vertex 48.9221 44.4955 0
      vertex 48.225 48.42 0
      vertex 49.0091 48.3815 0
    endloop
  endfacet
  facet normal 0 0 -1
    outer loop
      vertex 48.0424 44.2751 0
      vertex 48.225 48.42 0
      vertex 48.3269 44.3769 0
    endloop
  endfacet
  facet normal 0 0 -1
    outer loop
      vertex 48.0414 44.2746 0
      vertex 48.225 48.42 0
      vertex 48.0424 44.2751 0
    endloop
  endfacet
  facet normal 0 0 -1
    outer loop
      vertex 47.7682 44.1454 0
      vertex 48.225 48.42 0
      vertex 48.0414 44.2746 0
    endloop
  endfacet
  facet normal 0 0 -1
    outer loop
      vertex 47.509 43.9901 0
      vertex 48.225 48.42 0
      vertex 47.7682 44.1454 0
    endloop
  endfacet
  facet normal 0 0 -1
    outer loop
      vertex 47.5081 43.9895 0
      vertex 48.225 48.42 0
      vertex 47.509 43.9901 0
    endloop
  endfacet
  facet normal 0 0 -1
    outer loop
      vertex 47.5072 43.9889 0
      vertex 48.225 48.42 0
      vertex 47.5081 43.9895 0
    endloop
  endfacet
  facet normal 0 0 -1
    outer loop
      vertex 47.2645 43.8089 0
      vertex 48.225 48.42 0
      vertex 47.5072 43.9889 0
    endloop
  endfacet
  facet normal 0 0 -1
    outer loop
      vertex 47.0406 43.6059 0
      vertex 48.225 48.42 0
      vertex 47.2645 43.8089 0
    endloop
  endfacet
  facet normal 0 0 -1
    outer loop
      vertex 47.0398 43.6052 0
      vertex 48.225 48.42 0
      vertex 47.0406 43.6059 0
    endloop
  endfacet
  facet normal 0 0 -1
    outer loop
      vertex 46.8369 43.3813 0
      vertex 48.225 48.42 0
      vertex 47.0398 43.6052 0
    endloop
  endfacet
  facet normal 0 0 -1
    outer loop
      vertex 46.8361 43.3805 0
      vertex 48.225 48.42 0
      vertex 46.8369 43.3813 0
    endloop
  endfacet
  facet normal 0 0 -1
    outer loop
      vertex 46.6561 43.1378 0
      vertex 48.225 48.42 0
      vertex 46.8361 43.3805 0
    endloop
  endfacet
  facet normal 0 0 -1
    outer loop
      vertex 46.6555 43.1369 0
      vertex 48.225 48.42 0
      vertex 46.6561 43.1378 0
    endloop
  endfacet
  facet normal 0 0 -1
    outer loop
      vertex 46.6549 43.136 0
      vertex 48.225 48.42 0
      vertex 46.6555 43.1369 0
    endloop
  endfacet
  facet normal 0 0 -1
    outer loop
      vertex 46.4996 42.8768 0
      vertex 48.225 48.42 0
      vertex 46.6549 43.136 0
    endloop
  endfacet
  facet normal 0 0 -1
    outer loop
      vertex 46.3704 42.6036 0
      vertex 48.225 48.42 0
      vertex 46.4996 42.8768 0
    endloop
  endfacet
  facet normal 0 0 -1
    outer loop
      vertex 46.3699 42.6026 0
      vertex 48.225 48.42 0
      vertex 46.3704 42.6036 0
    endloop
  endfacet
  facet normal 0 0 -1
    outer loop
      vertex -15 17 0
      vertex 46.3699 42.6026 0
      vertex 46.3695 42.6016 0
    endloop
  endfacet
  facet normal 0 0 -1
    outer loop
      vertex -15 17 0
      vertex 46.3695 42.6016 0
      vertex 46.2677 42.3171 0
    endloop
  endfacet
  facet normal 0 0 -1
    outer loop
      vertex 46.194 42.0229 0
      vertex 46.2677 42.3171 0
      vertex 46.1943 42.0239 0
    endloop
  endfacet
  facet normal -0 0 -1
    outer loop
      vertex 46.8369 39.4587 0
      vertex -8 4 0
      vertex 46.8361 39.4595 0
    endloop
  endfacet
  facet normal 0 0 -1
    outer loop
      vertex -10.5 10 0
      vertex 46.8361 39.4595 0
      vertex -8 4 0
    endloop
  endfacet
  facet normal -0 0 -1
    outer loop
      vertex 46.8361 39.4595 0
      vertex -10.5 10 0
      vertex 46.8355 39.4604 0
    endloop
  endfacet
  facet normal -0 0 -1
    outer loop
      vertex 46.8355 39.4604 0
      vertex -10.5 10 0
      vertex 46.6555 39.7031 0
    endloop
  endfacet
  facet normal -0 0 -1
    outer loop
      vertex 46.6555 39.7031 0
      vertex -10.5 10 0
      vertex 46.6549 39.704 0
    endloop
  endfacet
  facet normal -0 0 -1
    outer loop
      vertex 46.6549 39.704 0
      vertex -10.5 10 0
      vertex 46.4996 39.9632 0
    endloop
  endfacet
  facet normal -0 0 -1
    outer loop
      vertex 46.4996 39.9632 0
      vertex -10.5 10 0
      vertex 46.3704 40.2364 0
    endloop
  endfacet
  facet normal -0 0 -1
    outer loop
      vertex 46.3704 40.2364 0
      vertex -10.5 10 0
      vertex 46.3699 40.2374 0
    endloop
  endfacet
  facet normal -0 0 -1
    outer loop
      vertex 46.3699 40.2374 0
      vertex -10.5 10 0
      vertex 46.3695 40.2384 0
    endloop
  endfacet
  facet normal -0 0 -1
    outer loop
      vertex 46.3695 40.2384 0
      vertex -10.5 10 0
      vertex 46.2677 40.5229 0
    endloop
  endfacet
  facet normal 0 0 -1
    outer loop
      vertex -15 17 0
      vertex 46.2677 40.5229 0
      vertex -10.5 10 0
    endloop
  endfacet
  facet normal -0 0 -1
    outer loop
      vertex 46.2677 40.5229 0
      vertex -15 17 0
      vertex 46.1943 40.8161 0
    endloop
  endfacet
  facet normal 0 0 -1
    outer loop
      vertex 36 -22 0
      vertex 43.0332 -25.5055 0
      vertex 42.7838 -25.4163 0
    endloop
  endfacet
  facet normal -0 0 -1
    outer loop
      vertex 46.1943 40.8161 0
      vertex -15 17 0
      vertex 46.194 40.8171 0
    endloop
  endfacet
  facet normal -0 0 -1
    outer loop
      vertex 46.194 40.8171 0
      vertex -15 17 0
      vertex 46.1497 41.116 0
    endloop
  endfacet
  facet normal 0 0 -1
    outer loop
      vertex 36 -22 0
      vertex 42.7838 -25.4163 0
      vertex 42.5267 -25.3519 0
    endloop
  endfacet
  facet normal 0 0 -1
    outer loop
      vertex 36 -22 0
      vertex 42.5267 -25.3519 0
      vertex 42.2646 -25.313 0
    endloop
  endfacet
  facet normal 0 0 -1
    outer loop
      vertex 36 -22 0
      vertex 42.2646 -25.313 0
      vertex 42 -25.3 0
    endloop
  endfacet
  facet normal 0 0 -1
    outer loop
      vertex 36 -22 0
      vertex 42 -25.3 0
      vertex 41.7354 -25.313 0
    endloop
  endfacet
  facet normal 0 0 -1
    outer loop
      vertex 36 -22 0
      vertex 41.7354 -25.313 0
      vertex 41.4733 -25.3519 0
    endloop
  endfacet
  facet normal 0 0 -1
    outer loop
      vertex 36 -22 0
      vertex 41.4733 -25.3519 0
      vertex 41.2162 -25.4163 0
    endloop
  endfacet
  facet normal 0 0 -1
    outer loop
      vertex 36 -22 0
      vertex 41.2162 -25.4163 0
      vertex 40.9668 -25.5055 0
    endloop
  endfacet
  facet normal 0 0 -1
    outer loop
      vertex 36 -22 0
      vertex 40.9668 -25.5055 0
      vertex 40.7272 -25.6188 0
    endloop
  endfacet
  facet normal 0 0 -1
    outer loop
      vertex 36 -22 0
      vertex 40.7272 -25.6188 0
      vertex 40.5 -25.755 0
    endloop
  endfacet
  facet normal 0 0 -1
    outer loop
      vertex 36 -22 0
      vertex 40.5 -25.755 0
      vertex 40.2871 -25.9129 0
    endloop
  endfacet
  facet normal 0 0 -1
    outer loop
      vertex 36 -22 0
      vertex 40.2871 -25.9129 0
      vertex 40.0908 -26.0908 0
    endloop
  endfacet
  facet normal 0 0 -1
    outer loop
      vertex 36 -22 0
      vertex 40.0908 -26.0908 0
      vertex 39.9129 -26.2871 0
    endloop
  endfacet
  facet normal 0 0 -1
    outer loop
      vertex 36 -22 0
      vertex 39.9129 -26.2871 0
      vertex 39.755 -26.5 0
    endloop
  endfacet
  facet normal 0 0 -1
    outer loop
      vertex 36 -22 0
      vertex 39.755 -26.5 0
      vertex 39.6188 -26.7272 0
    endloop
  endfacet
  facet normal 0 0 -1
    outer loop
      vertex 36 -28 0
      vertex 39.6188 -26.7272 0
      vertex 39.5055 -26.9668 0
    endloop
  endfacet
  facet normal 0 0 -1
    outer loop
      vertex 36 -28 0
      vertex 39.5055 -26.9668 0
      vertex 39.4163 -27.2162 0
    endloop
  endfacet
  facet normal 0 0 -1
    outer loop
      vertex 36 -28 0
      vertex 39.4163 -27.2162 0
      vertex 39.3519 -27.4733 0
    endloop
  endfacet
  facet normal 0 0 -1
    outer loop
      vertex 36 -28 0
      vertex 39.3519 -27.4733 0
      vertex 39.313 -27.7354 0
    endloop
  endfacet
  facet normal 0 0 -1
    outer loop
      vertex 36 -28 0
      vertex 39.313 -27.7354 0
      vertex 39.3 -28 0
    endloop
  endfacet
  facet normal -0 0 -1
    outer loop
      vertex 39.6188 -26.7272 0
      vertex 36 -28 0
      vertex 36 -22 0
    endloop
  endfacet
  facet normal -0 0 -1
    outer loop
      vertex 46.1497 41.116 0
      vertex -15 17 0
      vertex 46.1495 41.1171 0
    endloop
  endfacet
  facet normal -0 0 -1
    outer loop
      vertex 46.1495 41.1171 0
      vertex -15 17 0
      vertex 46.1495 41.1182 0
    endloop
  endfacet
  facet normal -0 0 -1
    outer loop
      vertex 46.1495 41.1182 0
      vertex -15 17 0
      vertex 46.1347 41.42 0
    endloop
  endfacet
  facet normal -0 0 -1
    outer loop
      vertex 46.1347 41.42 0
      vertex -15 17 0
      vertex 46.1495 41.7218 0
    endloop
  endfacet
  facet normal -0 0 -1
    outer loop
      vertex 46.1495 41.7218 0
      vertex -15 17 0
      vertex 46.1495 41.7229 0
    endloop
  endfacet
  facet normal -0 0 -1
    outer loop
      vertex 46.1495 41.7229 0
      vertex -15 17 0
      vertex 46.1497 41.724 0
    endloop
  endfacet
  facet normal -0 0 -1
    outer loop
      vertex 46.1497 41.724 0
      vertex -15 17 0
      vertex 46.194 42.0229 0
    endloop
  endfacet
  facet normal -0 0 -1
    outer loop
      vertex 46.194 42.0229 0
      vertex -15 17 0
      vertex 46.2677 42.3171 0
    endloop
  endfacet
  facet normal -0 0 -1
    outer loop
      vertex 46.3699 42.6026 0
      vertex -15 17 0
      vertex 48.225 48.42 0
    endloop
  endfacet
  facet normal 0 0 -1
    outer loop
      vertex -46.194 -40.8171 0
      vertex -15 -7 0
      vertex -46.1497 -41.116 0
    endloop
  endfacet
  facet normal 0 0 -1
    outer loop
      vertex -22 4 0
      vertex -46.1347 41.42 0
      vertex -19.5 10 0
    endloop
  endfacet
  facet normal 0 0 -1
    outer loop
      vertex -46.1347 41.42 0
      vertex -15 17 0
      vertex -19.5 10 0
    endloop
  endfacet
  facet normal 0 0 -1
    outer loop
      vertex -46.1495 41.7218 0
      vertex -15 17 0
      vertex -46.1347 41.42 0
    endloop
  endfacet
  facet normal 0 0 -1
    outer loop
      vertex -46.1495 41.7229 0
      vertex -15 17 0
      vertex -46.1495 41.7218 0
    endloop
  endfacet
  facet normal 0 0 -1
    outer loop
      vertex -46.1497 41.724 0
      vertex -15 17 0
      vertex -46.1495 41.7229 0
    endloop
  endfacet
  facet normal 0 0 -1
    outer loop
      vertex -46.194 42.0229 0
      vertex -15 17 0
      vertex -46.1497 41.724 0
    endloop
  endfacet
  facet normal 0 0 -1
    outer loop
      vertex -46.1943 42.0239 0
      vertex -15 17 0
      vertex -46.194 42.0229 0
    endloop
  endfacet
  facet normal 0 0 -1
    outer loop
      vertex -46.2677 42.3171 0
      vertex -15 17 0
      vertex -46.1943 42.0239 0
    endloop
  endfacet
  facet normal 0 0 -1
    outer loop
      vertex -46.3695 42.6016 0
      vertex -15 17 0
      vertex -46.2677 42.3171 0
    endloop
  endfacet
  facet normal 0 0 -1
    outer loop
      vertex -46.3699 42.6026 0
      vertex -15 17 0
      vertex -46.3695 42.6016 0
    endloop
  endfacet
  facet normal 0 0 -1
    outer loop
      vertex -48.225 48.42 0
      vertex -15 17 0
      vertex -46.3699 42.6026 0
    endloop
  endfacet
  facet normal 0 0 -1
    outer loop
      vertex -48.225 48.42 0
      vertex -46.3699 42.6026 0
      vertex -46.3704 42.6036 0
    endloop
  endfacet
  facet normal 0 0 -1
    outer loop
      vertex -48.225 48.42 0
      vertex -46.3704 42.6036 0
      vertex -46.4996 42.8768 0
    endloop
  endfacet
  facet normal 0 0 -1
    outer loop
      vertex -48.225 48.42 0
      vertex -46.4996 42.8768 0
      vertex -46.6549 43.136 0
    endloop
  endfacet
  facet normal 0 0 -1
    outer loop
      vertex -48.225 48.42 0
      vertex -46.6549 43.136 0
      vertex -46.6555 43.1369 0
    endloop
  endfacet
  facet normal 0 0 -1
    outer loop
      vertex -48.225 48.42 0
      vertex -46.6555 43.1369 0
      vertex -46.6561 43.1378 0
    endloop
  endfacet
  facet normal 0 0 -1
    outer loop
      vertex -48.225 48.42 0
      vertex -46.6561 43.1378 0
      vertex -46.8361 43.3805 0
    endloop
  endfacet
  facet normal 0 0 -1
    outer loop
      vertex -48.225 48.42 0
      vertex -46.8361 43.3805 0
      vertex -46.8369 43.3813 0
    endloop
  endfacet
  facet normal 0 0 -1
    outer loop
      vertex -48.225 48.42 0
      vertex -46.8369 43.3813 0
      vertex -47.0398 43.6052 0
    endloop
  endfacet
  facet normal 0 0 -1
    outer loop
      vertex -48.225 48.42 0
      vertex -47.0398 43.6052 0
      vertex -47.0406 43.6059 0
    endloop
  endfacet
  facet normal 0 0 -1
    outer loop
      vertex -48.225 48.42 0
      vertex -47.0406 43.6059 0
      vertex -47.2645 43.8089 0
    endloop
  endfacet
  facet normal 0 0 -1
    outer loop
      vertex -48.225 48.42 0
      vertex -47.2645 43.8089 0
      vertex -47.5072 43.9889 0
    endloop
  endfacet
  facet normal 0 0 -1
    outer loop
      vertex -48.225 48.42 0
      vertex -47.5072 43.9889 0
      vertex -47.5081 43.9895 0
    endloop
  endfacet
  facet normal 0 0 -1
    outer loop
      vertex -48.225 48.42 0
      vertex -47.5081 43.9895 0
      vertex -47.509 43.9901 0
    endloop
  endfacet
  facet normal 0 0 -1
    outer loop
      vertex -48.225 48.42 0
      vertex -47.509 43.9901 0
      vertex -47.7682 44.1454 0
    endloop
  endfacet
  facet normal 0 0 -1
    outer loop
      vertex -48.225 48.42 0
      vertex -47.7682 44.1454 0
      vertex -48.0414 44.2746 0
    endloop
  endfacet
  facet normal 0 0 -1
    outer loop
      vertex -48.225 48.42 0
      vertex -48.0414 44.2746 0
      vertex -48.0424 44.2751 0
    endloop
  endfacet
  facet normal 0 0 -1
    outer loop
      vertex -15 17 0
      vertex -48.225 48.42 0
      vertex 48.225 48.42 0
    endloop
  endfacet
  facet normal 0 0 -1
    outer loop
      vertex -48.3269 44.3769 0
      vertex -48.225 48.42 0
      vertex -48.0424 44.2751 0
    endloop
  endfacet
  facet normal 0 0 -1
    outer loop
      vertex -48.3279 44.3773 0
      vertex -48.225 48.42 0
      vertex -48.3269 44.3769 0
    endloop
  endfacet
  facet normal 0 0 -1
    outer loop
      vertex -48.6211 44.4507 0
      vertex -48.225 48.42 0
      vertex -48.3279 44.3773 0
    endloop
  endfacet
  facet normal 0 0 -1
    outer loop
      vertex -48.6221 44.451 0
      vertex -48.225 48.42 0
      vertex -48.6211 44.4507 0
    endloop
  endfacet
  facet normal 0 0 -1
    outer loop
      vertex -48.6232 44.4511 0
      vertex -48.225 48.42 0
      vertex -48.6221 44.451 0
    endloop
  endfacet
  facet normal 0 0 -1
    outer loop
      vertex -48.9221 44.4955 0
      vertex -48.225 48.42 0
      vertex -48.6232 44.4511 0
    endloop
  endfacet
  facet normal 0 0 -1
    outer loop
      vertex -49.0091 48.3815 0
      vertex -48.9221 44.4955 0
      vertex -48.9232 44.4955 0
    endloop
  endfacet
  facet normal 0 0 -1
    outer loop
      vertex -48.9221 44.4955 0
      vertex -49.0091 48.3815 0
      vertex -48.225 48.42 0
    endloop
  endfacet
  facet normal 0 0 -1
    outer loop
      vertex -49.225 44.5103 0
      vertex -49.0091 48.3815 0
      vertex -48.9232 44.4955 0
    endloop
  endfacet
  facet normal 0 0 -1
    outer loop
      vertex -49.7857 48.2663 0
      vertex -49.225 44.5103 0
      vertex -49.5268 44.4955 0
    endloop
  endfacet
  facet normal 0 0 -1
    outer loop
      vertex -49.7857 48.2663 0
      vertex -49.5268 44.4955 0
      vertex -49.5279 44.4955 0
    endloop
  endfacet
  facet normal 0 0 -1
    outer loop
      vertex -49.225 44.5103 0
      vertex -49.7857 48.2663 0
      vertex -49.0091 48.3815 0
    endloop
  endfacet
  facet normal 0 0 -1
    outer loop
      vertex -50.5473 48.0755 0
      vertex -49.5279 44.4955 0
      vertex -49.8268 44.4511 0
    endloop
  endfacet
  facet normal 0 0 -1
    outer loop
      vertex -50.5473 48.0755 0
      vertex -49.8268 44.4511 0
      vertex -49.8279 44.451 0
    endloop
  endfacet
  facet normal 0 0 -1
    outer loop
      vertex -50.5473 48.0755 0
      vertex -49.8279 44.451 0
      vertex -49.8289 44.4507 0
    endloop
  endfacet
  facet normal 0 0 -1
    outer loop
      vertex -51.2865 47.811 0
      vertex -49.8289 44.4507 0
      vertex -50.1221 44.3773 0
    endloop
  endfacet
  facet normal 0 0 -1
    outer loop
      vertex -51.2865 47.811 0
      vertex -50.1221 44.3773 0
      vertex -50.1231 44.3769 0
    endloop
  endfacet
  facet normal 0 0 -1
    outer loop
      vertex -51.2865 47.811 0
      vertex -50.1231 44.3769 0
      vertex -50.4076 44.2751 0
    endloop
  endfacet
  facet normal 0 0 -1
    outer loop
      vertex -49.5279 44.4955 0
      vertex -50.5473 48.0755 0
      vertex -49.7857 48.2663 0
    endloop
  endfacet
  facet normal 0 0 -1
    outer loop
      vertex -51.9962 47.4754 0
      vertex -50.4076 44.2751 0
      vertex -50.6808 44.1459 0
    endloop
  endfacet
  facet normal 0 0 -1
    outer loop
      vertex -51.9962 47.4754 0
      vertex -50.6808 44.1459 0
      vertex -50.6818 44.1454 0
    endloop
  endfacet
  facet normal 0 0 -1
    outer loop
      vertex -52.6696 47.0718 0
      vertex -50.6818 44.1454 0
      vertex -50.941 43.9901 0
    endloop
  endfacet
  facet normal 0 0 -1
    outer loop
      vertex -52.6696 47.0718 0
      vertex -50.941 43.9901 0
      vertex -50.9419 43.9895 0
    endloop
  endfacet
  facet normal 0 0 -1
    outer loop
      vertex -53.3001 46.6041 0
      vertex -50.9419 43.9895 0
      vertex -50.9428 43.9889 0
    endloop
  endfacet
  facet normal 0 0 -1
    outer loop
      vertex -53.3001 46.6041 0
      vertex -50.9428 43.9889 0
      vertex -51.1855 43.8089 0
    endloop
  endfacet
  facet normal 0 0 -1
    outer loop
      vertex -49.8289 44.4507 0
      vertex -51.2865 47.811 0
      vertex -50.5473 48.0755 0
    endloop
  endfacet
  facet normal 0 0 -1
    outer loop
      vertex -53.8819 46.0769 0
      vertex -51.1855 43.8089 0
      vertex -51.4094 43.6059 0
    endloop
  endfacet
  facet normal 0 0 -1
    outer loop
      vertex -53.8819 46.0769 0
      vertex -51.4094 43.6059 0
      vertex -51.4102 43.6052 0
    endloop
  endfacet
  facet normal 0 0 -1
    outer loop
      vertex -53.8819 46.0769 0
      vertex -51.4102 43.6052 0
      vertex -51.6131 43.3813 0
    endloop
  endfacet
  facet normal 0 0 -1
    outer loop
      vertex -54.4091 45.4951 0
      vertex -51.6131 43.3813 0
      vertex -51.6139 43.3805 0
    endloop
  endfacet
  facet normal 0 0 -1
    outer loop
      vertex -54.4091 45.4951 0
      vertex -51.6139 43.3805 0
      vertex -51.6145 43.3796 0
    endloop
  endfacet
  facet normal 0 0 -1
    outer loop
      vertex -54.4091 45.4951 0
      vertex -51.6145 43.3796 0
      vertex -51.7945 43.1369 0
    endloop
  endfacet
  facet normal 0 0 -1
    outer loop
      vertex -54.8768 44.8646 0
      vertex -51.7945 43.1369 0
      vertex -51.7951 43.136 0
    endloop
  endfacet
  facet normal 0 0 -1
    outer loop
      vertex -54.8768 44.8646 0
      vertex -51.7951 43.136 0
      vertex -51.9504 42.8768 0
    endloop
  endfacet
  facet normal 0 0 -1
    outer loop
      vertex -50.4076 44.2751 0
      vertex -51.9962 47.4754 0
      vertex -51.2865 47.811 0
    endloop
  endfacet
  facet normal 0 0 -1
    outer loop
      vertex -55.2804 44.1912 0
      vertex -51.9504 42.8768 0
      vertex -52.0796 42.6036 0
    endloop
  endfacet
  facet normal 0 0 -1
    outer loop
      vertex -55.2804 44.1912 0
      vertex -52.0796 42.6036 0
      vertex -52.0801 42.6026 0
    endloop
  endfacet
  facet normal 0 0 -1
    outer loop
      vertex -55.2804 44.1912 0
      vertex -52.0801 42.6026 0
      vertex -52.0805 42.6016 0
    endloop
  endfacet
  facet normal 0 0 -1
    outer loop
      vertex -55.2804 44.1912 0
      vertex -52.0805 42.6016 0
      vertex -52.1823 42.3171 0
    endloop
  endfacet
  facet normal 0 0 -1
    outer loop
      vertex -55.616 43.4815 0
      vertex -52.1823 42.3171 0
      vertex -52.2557 42.0239 0
    endloop
  endfacet
  facet normal 0 0 -1
    outer loop
      vertex -55.8805 42.7423 0
      vertex -52.2557 42.0239 0
      vertex -52.256 42.0229 0
    endloop
  endfacet
  facet normal 0 0 -1
    outer loop
      vertex -55.8805 42.7423 0
      vertex -52.256 42.0229 0
      vertex -52.2561 42.0218 0
    endloop
  endfacet
  facet normal 0 0 -1
    outer loop
      vertex -55.8805 42.7423 0
      vertex -52.2561 42.0218 0
      vertex -52.3005 41.7229 0
    endloop
  endfacet
  facet normal 0 0 -1
    outer loop
      vertex -50.6818 44.1454 0
      vertex -52.6696 47.0718 0
      vertex -51.9962 47.4754 0
    endloop
  endfacet
  facet normal 0 0 -1
    outer loop
      vertex -56.0713 41.9807 0
      vertex -52.3005 41.7229 0
      vertex -52.3005 41.7218 0
    endloop
  endfacet
  facet normal 0 0 -1
    outer loop
      vertex -56.0713 41.9807 0
      vertex -52.3005 41.7218 0
      vertex -52.3153 41.42 0
    endloop
  endfacet
  facet normal 0 -0 -1
    outer loop
      vertex -56.1865 41.2041 0
      vertex -52.3005 41.1171 0
      vertex -56.225 40.42 0
    endloop
  endfacet
  facet normal 0 0 -1
    outer loop
      vertex -55.8805 -42.7423 0
      vertex -52.2557 -42.0239 0
      vertex -55.616 -43.4815 0
    endloop
  endfacet
  facet normal 0 0 -1
    outer loop
      vertex -52.3005 41.1171 0
      vertex -56.1865 41.2041 0
      vertex -52.3005 41.1182 0
    endloop
  endfacet
  facet normal -0 0 -1
    outer loop
      vertex -52.2557 -42.0239 0
      vertex -55.8805 -42.7423 0
      vertex -52.256 -42.0229 0
    endloop
  endfacet
  facet normal 0 0 -1
    outer loop
      vertex -52.3005 41.1182 0
      vertex -56.1865 41.2041 0
      vertex -52.3153 41.42 0
    endloop
  endfacet
  facet normal -0 0 -1
    outer loop
      vertex -52.256 -42.0229 0
      vertex -55.8805 -42.7423 0
      vertex -52.2561 -42.0218 0
    endloop
  endfacet
  facet normal 0 0 -1
    outer loop
      vertex -50.9419 43.9895 0
      vertex -53.3001 46.6041 0
      vertex -52.6696 47.0718 0
    endloop
  endfacet
  facet normal -0 0 -1
    outer loop
      vertex -52.2561 -42.0218 0
      vertex -55.8805 -42.7423 0
      vertex -52.3005 -41.7229 0
    endloop
  endfacet
  facet normal 0 0 -1
    outer loop
      vertex -51.1855 43.8089 0
      vertex -53.8819 46.0769 0
      vertex -53.3001 46.6041 0
    endloop
  endfacet
  facet normal 0 0 -1
    outer loop
      vertex -56.0713 -41.9807 0
      vertex -52.3005 -41.7229 0
      vertex -55.8805 -42.7423 0
    endloop
  endfacet
  facet normal 0 0 -1
    outer loop
      vertex -51.6131 43.3813 0
      vertex -54.4091 45.4951 0
      vertex -53.8819 46.0769 0
    endloop
  endfacet
  facet normal -0 0 -1
    outer loop
      vertex -52.3005 -41.7229 0
      vertex -56.0713 -41.9807 0
      vertex -52.3005 -41.7218 0
    endloop
  endfacet
  facet normal 0 0 -1
    outer loop
      vertex -51.7945 43.1369 0
      vertex -54.8768 44.8646 0
      vertex -54.4091 45.4951 0
    endloop
  endfacet
  facet normal -0 0 -1
    outer loop
      vertex -52.3005 -41.7218 0
      vertex -56.0713 -41.9807 0
      vertex -52.3153 -41.42 0
    endloop
  endfacet
  facet normal 0 0 -1
    outer loop
      vertex -51.9504 42.8768 0
      vertex -55.2804 44.1912 0
      vertex -54.8768 44.8646 0
    endloop
  endfacet
  facet normal 0 0 -1
    outer loop
      vertex -56.1865 -41.2041 0
      vertex -52.3153 -41.42 0
      vertex -56.0713 -41.9807 0
    endloop
  endfacet
  facet normal 0 0 -1
    outer loop
      vertex -52.1823 42.3171 0
      vertex -55.616 43.4815 0
      vertex -55.2804 44.1912 0
    endloop
  endfacet
  facet normal -0 0 -1
    outer loop
      vertex -52.3005 -41.1171 0
      vertex -56.1865 -41.2041 0
      vertex -56.225 -40.42 0
    endloop
  endfacet
  facet normal 0 0 -1
    outer loop
      vertex -52.2557 42.0239 0
      vertex -55.8805 42.7423 0
      vertex -55.616 43.4815 0
    endloop
  endfacet
  facet normal 0 0 -1
    outer loop
      vertex -52.3005 41.7229 0
      vertex -56.0713 41.9807 0
      vertex -55.8805 42.7423 0
    endloop
  endfacet
  facet normal -0 0 -1
    outer loop
      vertex -52.3153 41.42 0
      vertex -56.1865 41.2041 0
      vertex -56.0713 41.9807 0
    endloop
  endfacet
  facet normal -0.989176 -0.146733 0
    outer loop
      vertex -56.0713 -41.9807 0
      vertex -56.1865 -41.2041 2.5
      vertex -56.1865 -41.2041 0
    endloop
  endfacet
  facet normal -0.989176 -0.146733 0
    outer loop
      vertex -56.1865 -41.2041 2.5
      vertex -56.0713 -41.9807 0
      vertex -56.0713 -41.9807 2.5
    endloop
  endfacet
  facet normal -0.970023 -0.243015 0
    outer loop
      vertex -55.8805 -42.7423 0
      vertex -56.0713 -41.9807 2.5
      vertex -56.0713 -41.9807 0
    endloop
  endfacet
  facet normal -0.970023 -0.243015 0
    outer loop
      vertex -56.0713 -41.9807 2.5
      vertex -55.8805 -42.7423 0
      vertex -55.8805 -42.7423 2.5
    endloop
  endfacet
  facet normal -0.90402 -0.427489 0
    outer loop
      vertex -55.2804 -44.1912 0
      vertex -55.616 -43.4815 2.5
      vertex -55.616 -43.4815 0
    endloop
  endfacet
  facet normal -0.90402 -0.427489 0
    outer loop
      vertex -55.616 -43.4815 2.5
      vertex -55.2804 -44.1912 0
      vertex -55.2804 -44.1912 2.5
    endloop
  endfacet
  facet normal -0.803153 -0.595773 0
    outer loop
      vertex -54.4091 -45.4951 0
      vertex -54.8768 -44.8646 2.5
      vertex -54.8768 -44.8646 0
    endloop
  endfacet
  facet normal -0.803153 -0.595773 0
    outer loop
      vertex -54.8768 -44.8646 2.5
      vertex -54.4091 -45.4951 0
      vertex -54.4091 -45.4951 2.5
    endloop
  endfacet
  facet normal -0.595773 -0.803153 0
    outer loop
      vertex -53.3001 -46.6041 0
      vertex -52.6696 -47.0718 2.5
      vertex -53.3001 -46.6041 2.5
    endloop
  endfacet
  facet normal -0.595773 -0.803153 -0
    outer loop
      vertex -52.6696 -47.0718 2.5
      vertex -53.3001 -46.6041 0
      vertex -52.6696 -47.0718 0
    endloop
  endfacet
  facet normal -0.427489 -0.90402 0
    outer loop
      vertex -51.9962 -47.4754 0
      vertex -51.2865 -47.811 2.5
      vertex -51.9962 -47.4754 2.5
    endloop
  endfacet
  facet normal -0.427489 -0.90402 -0
    outer loop
      vertex -51.2865 -47.811 2.5
      vertex -51.9962 -47.4754 0
      vertex -51.2865 -47.811 0
    endloop
  endfacet
  facet normal 0.67148 0.741023 -0
    outer loop
      vertex 53.8819 46.0769 0
      vertex 53.3001 46.6041 2.5
      vertex 53.8819 46.0769 2.5
    endloop
  endfacet
  facet normal 0.67148 0.741023 0
    outer loop
      vertex 53.3001 46.6041 2.5
      vertex 53.8819 46.0769 0
      vertex 53.3001 46.6041 0
    endloop
  endfacet
  facet normal 0.146733 0.989176 -0
    outer loop
      vertex 49.7857 48.2663 0
      vertex 49.0091 48.3815 2.5
      vertex 49.7857 48.2663 2.5
    endloop
  endfacet
  facet normal 0.146733 0.989176 0
    outer loop
      vertex 49.0091 48.3815 2.5
      vertex 49.7857 48.2663 0
      vertex 49.0091 48.3815 0
    endloop
  endfacet
  facet normal 0.989176 0.146733 0
    outer loop
      vertex 56.1865 41.2041 2.5
      vertex 56.0713 41.9807 0
      vertex 56.0713 41.9807 2.5
    endloop
  endfacet
  facet normal 0.989176 0.146733 0
    outer loop
      vertex 56.0713 41.9807 0
      vertex 56.1865 41.2041 2.5
      vertex 56.1865 41.2041 0
    endloop
  endfacet
  facet normal 0.970023 0.243015 0
    outer loop
      vertex 56.0713 41.9807 2.5
      vertex 55.8805 42.7423 0
      vertex 55.8805 42.7423 2.5
    endloop
  endfacet
  facet normal 0.970023 0.243015 0
    outer loop
      vertex 55.8805 42.7423 0
      vertex 56.0713 41.9807 2.5
      vertex 56.0713 41.9807 0
    endloop
  endfacet
  facet normal 0.90402 0.427489 0
    outer loop
      vertex 55.616 43.4815 2.5
      vertex 55.2804 44.1912 0
      vertex 55.2804 44.1912 2.5
    endloop
  endfacet
  facet normal 0.90402 0.427489 0
    outer loop
      vertex 55.2804 44.1912 0
      vertex 55.616 43.4815 2.5
      vertex 55.616 43.4815 0
    endloop
  endfacet
  facet normal 0.998797 -0.0490418 0
    outer loop
      vertex 56.1865 -41.2041 2.5
      vertex 56.225 -40.42 0
      vertex 56.225 -40.42 2.5
    endloop
  endfacet
  facet normal 0.998797 -0.0490418 0
    outer loop
      vertex 56.225 -40.42 0
      vertex 56.1865 -41.2041 2.5
      vertex 56.1865 -41.2041 0
    endloop
  endfacet
  facet normal 0.90402 -0.427489 0
    outer loop
      vertex 55.2804 -44.1912 2.5
      vertex 55.616 -43.4815 0
      vertex 55.616 -43.4815 2.5
    endloop
  endfacet
  facet normal 0.90402 -0.427489 0
    outer loop
      vertex 55.616 -43.4815 0
      vertex 55.2804 -44.1912 2.5
      vertex 55.2804 -44.1912 0
    endloop
  endfacet
  facet normal 0.803153 -0.595773 0
    outer loop
      vertex 54.4091 -45.4951 2.5
      vertex 54.8768 -44.8646 0
      vertex 54.8768 -44.8646 2.5
    endloop
  endfacet
  facet normal 0.803153 -0.595773 0
    outer loop
      vertex 54.8768 -44.8646 0
      vertex 54.4091 -45.4951 2.5
      vertex 54.4091 -45.4951 0
    endloop
  endfacet
  facet normal 0.595773 -0.803153 0
    outer loop
      vertex 52.6696 -47.0718 0
      vertex 53.3001 -46.6041 2.5
      vertex 52.6696 -47.0718 2.5
    endloop
  endfacet
  facet normal 0.595773 -0.803153 0
    outer loop
      vertex 53.3001 -46.6041 2.5
      vertex 52.6696 -47.0718 0
      vertex 53.3001 -46.6041 0
    endloop
  endfacet
  facet normal 0.741023 -0.67148 0
    outer loop
      vertex 53.8819 -46.0769 2.5
      vertex 54.4091 -45.4951 0
      vertex 54.4091 -45.4951 2.5
    endloop
  endfacet
  facet normal 0.741023 -0.67148 0
    outer loop
      vertex 54.4091 -45.4951 0
      vertex 53.8819 -46.0769 2.5
      vertex 53.8819 -46.0769 0
    endloop
  endfacet
  facet normal 0.514084 -0.85774 0
    outer loop
      vertex 51.9962 -47.4754 0
      vertex 52.6696 -47.0718 2.5
      vertex 51.9962 -47.4754 2.5
    endloop
  endfacet
  facet normal 0.514084 -0.85774 0
    outer loop
      vertex 52.6696 -47.0718 2.5
      vertex 51.9962 -47.4754 0
      vertex 52.6696 -47.0718 0
    endloop
  endfacet
  facet normal 0.336901 -0.94154 0
    outer loop
      vertex 50.5473 -48.0755 0
      vertex 51.2865 -47.811 2.5
      vertex 50.5473 -48.0755 2.5
    endloop
  endfacet
  facet normal 0.336901 -0.94154 0
    outer loop
      vertex 51.2865 -47.811 2.5
      vertex 50.5473 -48.0755 0
      vertex 51.2865 -47.811 0
    endloop
  endfacet
  facet normal -0.989176 0.146733 0
    outer loop
      vertex -56.1865 41.2041 0
      vertex -56.0713 41.9807 2.5
      vertex -56.0713 41.9807 0
    endloop
  endfacet
  facet normal -0.989176 0.146733 0
    outer loop
      vertex -56.0713 41.9807 2.5
      vertex -56.1865 41.2041 0
      vertex -56.1865 41.2041 2.5
    endloop
  endfacet
  facet normal -0.94154 -0.336901 0
    outer loop
      vertex -55.616 -43.4815 0
      vertex -55.8805 -42.7423 2.5
      vertex -55.8805 -42.7423 0
    endloop
  endfacet
  facet normal -0.94154 -0.336901 0
    outer loop
      vertex -55.8805 -42.7423 2.5
      vertex -55.616 -43.4815 0
      vertex -55.616 -43.4815 2.5
    endloop
  endfacet
  facet normal -0.85774 -0.514084 0
    outer loop
      vertex -54.8768 -44.8646 0
      vertex -55.2804 -44.1912 2.5
      vertex -55.2804 -44.1912 0
    endloop
  endfacet
  facet normal -0.85774 -0.514084 0
    outer loop
      vertex -55.2804 -44.1912 2.5
      vertex -54.8768 -44.8646 0
      vertex -54.8768 -44.8646 2.5
    endloop
  endfacet
  facet normal -0.741023 -0.67148 0
    outer loop
      vertex -53.8819 -46.0769 0
      vertex -54.4091 -45.4951 2.5
      vertex -54.4091 -45.4951 0
    endloop
  endfacet
  facet normal -0.741023 -0.67148 0
    outer loop
      vertex -54.4091 -45.4951 2.5
      vertex -53.8819 -46.0769 0
      vertex -53.8819 -46.0769 2.5
    endloop
  endfacet
  facet normal 0.803153 0.595773 0
    outer loop
      vertex 54.8768 44.8646 2.5
      vertex 54.4091 45.4951 0
      vertex 54.4091 45.4951 2.5
    endloop
  endfacet
  facet normal 0.803153 0.595773 0
    outer loop
      vertex 54.4091 45.4951 0
      vertex 54.8768 44.8646 2.5
      vertex 54.8768 44.8646 0
    endloop
  endfacet
  facet normal 0.998797 0.0490418 0
    outer loop
      vertex 56.225 40.42 2.5
      vertex 56.1865 41.2041 0
      vertex 56.1865 41.2041 2.5
    endloop
  endfacet
  facet normal 0.998797 0.0490418 0
    outer loop
      vertex 56.1865 41.2041 0
      vertex 56.225 40.42 2.5
      vertex 56.225 40.42 0
    endloop
  endfacet
  facet normal 0.94154 -0.336901 0
    outer loop
      vertex 55.616 -43.4815 2.5
      vertex 55.8805 -42.7423 0
      vertex 55.8805 -42.7423 2.5
    endloop
  endfacet
  facet normal 0.94154 -0.336901 0
    outer loop
      vertex 55.8805 -42.7423 0
      vertex 55.616 -43.4815 2.5
      vertex 55.616 -43.4815 0
    endloop
  endfacet
  facet normal 0.67148 -0.741023 0
    outer loop
      vertex 53.3001 -46.6041 0
      vertex 53.8819 -46.0769 2.5
      vertex 53.3001 -46.6041 2.5
    endloop
  endfacet
  facet normal 0.67148 -0.741023 0
    outer loop
      vertex 53.8819 -46.0769 2.5
      vertex 53.3001 -46.6041 0
      vertex 53.8819 -46.0769 0
    endloop
  endfacet
  facet normal 0.427489 -0.90402 0
    outer loop
      vertex 51.2865 -47.811 0
      vertex 51.9962 -47.4754 2.5
      vertex 51.2865 -47.811 2.5
    endloop
  endfacet
  facet normal 0.427489 -0.90402 0
    outer loop
      vertex 51.9962 -47.4754 2.5
      vertex 51.2865 -47.811 0
      vertex 51.9962 -47.4754 0
    endloop
  endfacet
  facet normal 0 0 1
    outer loop
      vertex 51.775 40.42 5.5
      vertex 53.375 40.42 5.5
      vertex 53.3502 40.9248 5.5
    endloop
  endfacet
  facet normal 0 0 1
    outer loop
      vertex 53.375 40.42 5.5
      vertex 51.775 40.42 5.5
      vertex 53.375 -40.42 5.5
    endloop
  endfacet
  facet normal 0 0 1
    outer loop
      vertex 51.7579 40.768 5.5
      vertex 53.3502 40.9248 5.5
      vertex 53.276 41.4247 5.5
    endloop
  endfacet
  facet normal 0 0 1
    outer loop
      vertex 51.775 -40.42 5.5
      vertex 53.375 -40.42 5.5
      vertex 51.775 40.42 5.5
    endloop
  endfacet
  facet normal 0 0 1
    outer loop
      vertex 51.7068 41.1126 5.5
      vertex 53.276 41.4247 5.5
      vertex 53.1532 41.915 5.5
    endloop
  endfacet
  facet normal 0 0 1
    outer loop
      vertex 53.375 -40.42 5.5
      vertex 51.775 -40.42 5.5
      vertex 53.3502 -40.9248 5.5
    endloop
  endfacet
  facet normal 0 0 1
    outer loop
      vertex 51.6221 41.4505 5.5
      vertex 53.1532 41.915 5.5
      vertex 52.983 42.3908 5.5
    endloop
  endfacet
  facet normal -0 0 1
    outer loop
      vertex 51.7579 -40.768 5.5
      vertex 53.3502 -40.9248 5.5
      vertex 51.775 -40.42 5.5
    endloop
  endfacet
  facet normal 0 0 1
    outer loop
      vertex 51.5048 41.7785 5.5
      vertex 52.983 42.3908 5.5
      vertex 52.7669 42.8477 5.5
    endloop
  endfacet
  facet normal 0 0 1
    outer loop
      vertex 53.3502 -40.9248 5.5
      vertex 51.7579 -40.768 5.5
      vertex 53.276 -41.4247 5.5
    endloop
  endfacet
  facet normal 0 0 1
    outer loop
      vertex 51.3558 42.0935 5.5
      vertex 52.7669 42.8477 5.5
      vertex 52.5071 43.2812 5.5
    endloop
  endfacet
  facet normal -0 0 1
    outer loop
      vertex 51.7068 -41.1126 5.5
      vertex 53.276 -41.4247 5.5
      vertex 51.7579 -40.768 5.5
    endloop
  endfacet
  facet normal 0 0 1
    outer loop
      vertex 51.1767 42.3923 5.5
      vertex 52.5071 43.2812 5.5
      vertex 52.206 43.6871 5.5
    endloop
  endfacet
  facet normal 0 0 1
    outer loop
      vertex 53.276 -41.4247 5.5
      vertex 51.7068 -41.1126 5.5
      vertex 53.1532 -41.915 5.5
    endloop
  endfacet
  facet normal 0 0 1
    outer loop
      vertex 50.9692 42.6721 5.5
      vertex 52.206 43.6871 5.5
      vertex 51.8666 44.0616 5.5
    endloop
  endfacet
  facet normal -0 0 1
    outer loop
      vertex 51.6221 -41.4505 5.5
      vertex 53.1532 -41.915 5.5
      vertex 51.7068 -41.1126 5.5
    endloop
  endfacet
  facet normal 0 0 1
    outer loop
      vertex 53.1532 -41.915 5.5
      vertex 51.6221 -41.4505 5.5
      vertex 52.983 -42.3908 5.5
    endloop
  endfacet
  facet normal 0 0 1
    outer loop
      vertex 53.3502 40.9248 5.5
      vertex 51.7579 40.768 5.5
      vertex 51.775 40.42 5.5
    endloop
  endfacet
  facet normal 0 0 1
    outer loop
      vertex 53.276 41.4247 5.5
      vertex 51.7068 41.1126 5.5
      vertex 51.7579 40.768 5.5
    endloop
  endfacet
  facet normal 0 0 1
    outer loop
      vertex 53.1532 41.915 5.5
      vertex 51.6221 41.4505 5.5
      vertex 51.7068 41.1126 5.5
    endloop
  endfacet
  facet normal 0 0 1
    outer loop
      vertex 52.983 42.3908 5.5
      vertex 51.5048 41.7785 5.5
      vertex 51.6221 41.4505 5.5
    endloop
  endfacet
  facet normal 0 0 1
    outer loop
      vertex 50.7352 42.9302 5.5
      vertex 51.8666 44.0616 5.5
      vertex 51.4921 44.401 5.5
    endloop
  endfacet
  facet normal 0 0 1
    outer loop
      vertex 52.7669 42.8477 5.5
      vertex 51.3558 42.0935 5.5
      vertex 51.5048 41.7785 5.5
    endloop
  endfacet
  facet normal 0 0 1
    outer loop
      vertex 52.5071 43.2812 5.5
      vertex 51.1767 42.3923 5.5
      vertex 51.3558 42.0935 5.5
    endloop
  endfacet
  facet normal 0 0 1
    outer loop
      vertex 50.4771 43.1642 5.5
      vertex 51.4921 44.401 5.5
      vertex 51.0862 44.7021 5.5
    endloop
  endfacet
  facet normal 0 0 1
    outer loop
      vertex 52.206 43.6871 5.5
      vertex 50.9692 42.6721 5.5
      vertex 51.1767 42.3923 5.5
    endloop
  endfacet
  facet normal 0 0 1
    outer loop
      vertex 51.8666 44.0616 5.5
      vertex 50.7352 42.9302 5.5
      vertex 50.9692 42.6721 5.5
    endloop
  endfacet
  facet normal 0 0 1
    outer loop
      vertex 50.1973 43.3717 5.5
      vertex 51.0862 44.7021 5.5
      vertex 50.6527 44.9619 5.5
    endloop
  endfacet
  facet normal 0 0 1
    outer loop
      vertex 51.4921 44.401 5.5
      vertex 50.4771 43.1642 5.5
      vertex 50.7352 42.9302 5.5
    endloop
  endfacet
  facet normal 0 0 1
    outer loop
      vertex 51.0862 44.7021 5.5
      vertex 50.1973 43.3717 5.5
      vertex 50.4771 43.1642 5.5
    endloop
  endfacet
  facet normal 0 0 1
    outer loop
      vertex 49.8985 43.5508 5.5
      vertex 50.6527 44.9619 5.5
      vertex 50.1958 45.178 5.5
    endloop
  endfacet
  facet normal 0 0 1
    outer loop
      vertex 50.6527 44.9619 5.5
      vertex 49.8985 43.5508 5.5
      vertex 50.1973 43.3717 5.5
    endloop
  endfacet
  facet normal 0 0 1
    outer loop
      vertex 49.5835 43.6998 5.5
      vertex 50.1958 45.178 5.5
      vertex 49.72 45.3482 5.5
    endloop
  endfacet
  facet normal 0 0 1
    outer loop
      vertex 50.1958 45.178 5.5
      vertex 49.5835 43.6998 5.5
      vertex 49.8985 43.5508 5.5
    endloop
  endfacet
  facet normal 0 0 1
    outer loop
      vertex 49.72 45.3482 5.5
      vertex 49.2555 43.8171 5.5
      vertex 49.5835 43.6998 5.5
    endloop
  endfacet
  facet normal 0 0 1
    outer loop
      vertex 49.2297 45.471 5.5
      vertex 49.2555 43.8171 5.5
      vertex 49.72 45.3482 5.5
    endloop
  endfacet
  facet normal 0 0 1
    outer loop
      vertex 49.2297 45.471 5.5
      vertex 48.9176 43.9018 5.5
      vertex 49.2555 43.8171 5.5
    endloop
  endfacet
  facet normal 0 0 1
    outer loop
      vertex 48.7298 45.5452 5.5
      vertex 48.9176 43.9018 5.5
      vertex 49.2297 45.471 5.5
    endloop
  endfacet
  facet normal 0 0 1
    outer loop
      vertex 48.7298 45.5452 5.5
      vertex 48.573 43.9529 5.5
      vertex 48.9176 43.9018 5.5
    endloop
  endfacet
  facet normal 0 0 1
    outer loop
      vertex 48.225 45.57 5.5
      vertex 48.573 43.9529 5.5
      vertex 48.7298 45.5452 5.5
    endloop
  endfacet
  facet normal 0 0 1
    outer loop
      vertex 48.225 45.57 5.5
      vertex 48.225 43.97 5.5
      vertex 48.573 43.9529 5.5
    endloop
  endfacet
  facet normal -0 0 1
    outer loop
      vertex -48.225 45.57 5.5
      vertex 48.225 43.97 5.5
      vertex 48.225 45.57 5.5
    endloop
  endfacet
  facet normal 0 0 1
    outer loop
      vertex -48.225 45.57 5.5
      vertex -48.225 43.97 5.5
      vertex 48.225 43.97 5.5
    endloop
  endfacet
  facet normal 0 0 1
    outer loop
      vertex -48.225 45.57 5.5
      vertex -48.573 43.9529 5.5
      vertex -48.225 43.97 5.5
    endloop
  endfacet
  facet normal -0 0 1
    outer loop
      vertex -48.7298 45.5452 5.5
      vertex -48.573 43.9529 5.5
      vertex -48.225 45.57 5.5
    endloop
  endfacet
  facet normal 0 0 1
    outer loop
      vertex -48.7298 45.5452 5.5
      vertex -48.9176 43.9018 5.5
      vertex -48.573 43.9529 5.5
    endloop
  endfacet
  facet normal -0 0 1
    outer loop
      vertex -49.2297 45.471 5.5
      vertex -48.9176 43.9018 5.5
      vertex -48.7298 45.5452 5.5
    endloop
  endfacet
  facet normal 0 0 1
    outer loop
      vertex -49.2297 45.471 5.5
      vertex -49.2555 43.8171 5.5
      vertex -48.9176 43.9018 5.5
    endloop
  endfacet
  facet normal -0 0 1
    outer loop
      vertex -49.72 45.3482 5.5
      vertex -49.2555 43.8171 5.5
      vertex -49.2297 45.471 5.5
    endloop
  endfacet
  facet normal 0 0 1
    outer loop
      vertex -49.2555 43.8171 5.5
      vertex -49.72 45.3482 5.5
      vertex -49.5835 43.6998 5.5
    endloop
  endfacet
  facet normal -0 0 1
    outer loop
      vertex -50.1958 45.178 5.5
      vertex -49.5835 43.6998 5.5
      vertex -49.72 45.3482 5.5
    endloop
  endfacet
  facet normal 0 0 1
    outer loop
      vertex -49.5835 43.6998 5.5
      vertex -50.1958 45.178 5.5
      vertex -49.8985 43.5508 5.5
    endloop
  endfacet
  facet normal -0 0 1
    outer loop
      vertex -50.6527 44.9619 5.5
      vertex -49.8985 43.5508 5.5
      vertex -50.1958 45.178 5.5
    endloop
  endfacet
  facet normal 0 0 1
    outer loop
      vertex -49.8985 43.5508 5.5
      vertex -50.6527 44.9619 5.5
      vertex -50.1973 43.3717 5.5
    endloop
  endfacet
  facet normal -0 0 1
    outer loop
      vertex -51.0862 44.7021 5.5
      vertex -50.1973 43.3717 5.5
      vertex -50.6527 44.9619 5.5
    endloop
  endfacet
  facet normal 0 0 1
    outer loop
      vertex -50.1973 43.3717 5.5
      vertex -51.0862 44.7021 5.5
      vertex -50.4771 43.1642 5.5
    endloop
  endfacet
  facet normal -0 0 1
    outer loop
      vertex -51.4921 44.401 5.5
      vertex -50.4771 43.1642 5.5
      vertex -51.0862 44.7021 5.5
    endloop
  endfacet
  facet normal 0 0 1
    outer loop
      vertex -50.4771 43.1642 5.5
      vertex -51.4921 44.401 5.5
      vertex -50.7352 42.9302 5.5
    endloop
  endfacet
  facet normal -0 0 1
    outer loop
      vertex -51.8666 44.0616 5.5
      vertex -50.7352 42.9302 5.5
      vertex -51.4921 44.401 5.5
    endloop
  endfacet
  facet normal 0 0 1
    outer loop
      vertex -50.7352 42.9302 5.5
      vertex -51.8666 44.0616 5.5
      vertex -50.9692 42.6721 5.5
    endloop
  endfacet
  facet normal -0 0 1
    outer loop
      vertex -52.206 43.6871 5.5
      vertex -50.9692 42.6721 5.5
      vertex -51.8666 44.0616 5.5
    endloop
  endfacet
  facet normal 0 0 1
    outer loop
      vertex -50.9692 42.6721 5.5
      vertex -52.206 43.6871 5.5
      vertex -51.1767 42.3923 5.5
    endloop
  endfacet
  facet normal -0 0 1
    outer loop
      vertex -52.5071 43.2812 5.5
      vertex -51.1767 42.3923 5.5
      vertex -52.206 43.6871 5.5
    endloop
  endfacet
  facet normal 0 0 1
    outer loop
      vertex -51.1767 42.3923 5.5
      vertex -52.5071 43.2812 5.5
      vertex -51.3558 42.0935 5.5
    endloop
  endfacet
  facet normal -0 0 1
    outer loop
      vertex -52.7669 42.8477 5.5
      vertex -51.3558 42.0935 5.5
      vertex -52.5071 43.2812 5.5
    endloop
  endfacet
  facet normal 0 0 1
    outer loop
      vertex -51.5048 41.7785 5.5
      vertex -52.983 42.3908 5.5
      vertex -51.6221 41.4505 5.5
    endloop
  endfacet
  facet normal -0 0 1
    outer loop
      vertex -52.983 42.3908 5.5
      vertex -51.5048 41.7785 5.5
      vertex -52.7669 42.8477 5.5
    endloop
  endfacet
  facet normal 0 0 1
    outer loop
      vertex -51.3558 42.0935 5.5
      vertex -52.7669 42.8477 5.5
      vertex -51.5048 41.7785 5.5
    endloop
  endfacet
  facet normal -0 0 1
    outer loop
      vertex 51.5048 -41.7785 5.5
      vertex 52.983 -42.3908 5.5
      vertex 51.6221 -41.4505 5.5
    endloop
  endfacet
  facet normal 0 0 1
    outer loop
      vertex 52.983 -42.3908 5.5
      vertex 51.5048 -41.7785 5.5
      vertex 52.7669 -42.8477 5.5
    endloop
  endfacet
  facet normal -0 0 1
    outer loop
      vertex 51.3558 -42.0935 5.5
      vertex 52.7669 -42.8477 5.5
      vertex 51.5048 -41.7785 5.5
    endloop
  endfacet
  facet normal 0 0 1
    outer loop
      vertex 52.7669 -42.8477 5.5
      vertex 51.3558 -42.0935 5.5
      vertex 52.5071 -43.2812 5.5
    endloop
  endfacet
  facet normal -0 0 1
    outer loop
      vertex 51.1767 -42.3923 5.5
      vertex 52.5071 -43.2812 5.5
      vertex 51.3558 -42.0935 5.5
    endloop
  endfacet
  facet normal 0 0 1
    outer loop
      vertex 52.5071 -43.2812 5.5
      vertex 51.1767 -42.3923 5.5
      vertex 52.206 -43.6871 5.5
    endloop
  endfacet
  facet normal -0 0 1
    outer loop
      vertex 50.9692 -42.6721 5.5
      vertex 52.206 -43.6871 5.5
      vertex 51.1767 -42.3923 5.5
    endloop
  endfacet
  facet normal 0 0 1
    outer loop
      vertex 52.206 -43.6871 5.5
      vertex 50.9692 -42.6721 5.5
      vertex 51.8666 -44.0616 5.5
    endloop
  endfacet
  facet normal -0 0 1
    outer loop
      vertex 50.7352 -42.9302 5.5
      vertex 51.8666 -44.0616 5.5
      vertex 50.9692 -42.6721 5.5
    endloop
  endfacet
  facet normal 0 0 1
    outer loop
      vertex 51.8666 -44.0616 5.5
      vertex 50.7352 -42.9302 5.5
      vertex 51.4921 -44.401 5.5
    endloop
  endfacet
  facet normal -0 0 1
    outer loop
      vertex 50.4771 -43.1642 5.5
      vertex 51.4921 -44.401 5.5
      vertex 50.7352 -42.9302 5.5
    endloop
  endfacet
  facet normal 0 0 1
    outer loop
      vertex 51.4921 -44.401 5.5
      vertex 50.4771 -43.1642 5.5
      vertex 51.0862 -44.7021 5.5
    endloop
  endfacet
  facet normal -0 0 1
    outer loop
      vertex 50.1973 -43.3717 5.5
      vertex 51.0862 -44.7021 5.5
      vertex 50.4771 -43.1642 5.5
    endloop
  endfacet
  facet normal 0 0 1
    outer loop
      vertex 51.0862 -44.7021 5.5
      vertex 50.1973 -43.3717 5.5
      vertex 50.6527 -44.9619 5.5
    endloop
  endfacet
  facet normal -0 0 1
    outer loop
      vertex 49.8985 -43.5508 5.5
      vertex 50.6527 -44.9619 5.5
      vertex 50.1973 -43.3717 5.5
    endloop
  endfacet
  facet normal 0 0 1
    outer loop
      vertex 50.6527 -44.9619 5.5
      vertex 49.8985 -43.5508 5.5
      vertex 50.1958 -45.178 5.5
    endloop
  endfacet
  facet normal -0 0 1
    outer loop
      vertex 49.5835 -43.6998 5.5
      vertex 50.1958 -45.178 5.5
      vertex 49.8985 -43.5508 5.5
    endloop
  endfacet
  facet normal 0 0 1
    outer loop
      vertex 50.1958 -45.178 5.5
      vertex 49.5835 -43.6998 5.5
      vertex 49.72 -45.3482 5.5
    endloop
  endfacet
  facet normal -0 0 1
    outer loop
      vertex 49.2555 -43.8171 5.5
      vertex 49.72 -45.3482 5.5
      vertex 49.5835 -43.6998 5.5
    endloop
  endfacet
  facet normal 0 0 1
    outer loop
      vertex 49.2555 -43.8171 5.5
      vertex 49.2297 -45.471 5.5
      vertex 49.72 -45.3482 5.5
    endloop
  endfacet
  facet normal -0 0 1
    outer loop
      vertex 48.9176 -43.9018 5.5
      vertex 49.2297 -45.471 5.5
      vertex 49.2555 -43.8171 5.5
    endloop
  endfacet
  facet normal 0 0 1
    outer loop
      vertex 48.9176 -43.9018 5.5
      vertex 48.7298 -45.5452 5.5
      vertex 49.2297 -45.471 5.5
    endloop
  endfacet
  facet normal -0 0 1
    outer loop
      vertex 48.573 -43.9529 5.5
      vertex 48.7298 -45.5452 5.5
      vertex 48.9176 -43.9018 5.5
    endloop
  endfacet
  facet normal -0 0 1
    outer loop
      vertex 48.225 -43.97 5.5
      vertex 48.7298 -45.5452 5.5
      vertex 48.573 -43.9529 5.5
    endloop
  endfacet
  facet normal 0 0 1
    outer loop
      vertex 48.225 -43.97 5.5
      vertex 48.225 -45.57 5.5
      vertex 48.7298 -45.5452 5.5
    endloop
  endfacet
  facet normal -0 0 1
    outer loop
      vertex -48.225 -43.97 5.5
      vertex 48.225 -45.57 5.5
      vertex 48.225 -43.97 5.5
    endloop
  endfacet
  facet normal 0 0 1
    outer loop
      vertex -48.225 -43.97 5.5
      vertex -48.225 -45.57 5.5
      vertex 48.225 -45.57 5.5
    endloop
  endfacet
  facet normal 0 0 1
    outer loop
      vertex -48.573 -43.9529 5.5
      vertex -48.225 -45.57 5.5
      vertex -48.225 -43.97 5.5
    endloop
  endfacet
  facet normal 0 0 1
    outer loop
      vertex -48.573 -43.9529 5.5
      vertex -48.7298 -45.5452 5.5
      vertex -48.225 -45.57 5.5
    endloop
  endfacet
  facet normal 0 0 1
    outer loop
      vertex -48.9176 -43.9018 5.5
      vertex -48.7298 -45.5452 5.5
      vertex -48.573 -43.9529 5.5
    endloop
  endfacet
  facet normal 0 0 1
    outer loop
      vertex -48.9176 -43.9018 5.5
      vertex -49.2297 -45.471 5.5
      vertex -48.7298 -45.5452 5.5
    endloop
  endfacet
  facet normal 0 0 1
    outer loop
      vertex -49.2555 -43.8171 5.5
      vertex -49.2297 -45.471 5.5
      vertex -48.9176 -43.9018 5.5
    endloop
  endfacet
  facet normal 0 0 1
    outer loop
      vertex -49.72 -45.3482 5.5
      vertex -49.2555 -43.8171 5.5
      vertex -49.5835 -43.6998 5.5
    endloop
  endfacet
  facet normal 0 0 1
    outer loop
      vertex -49.2555 -43.8171 5.5
      vertex -49.72 -45.3482 5.5
      vertex -49.2297 -45.471 5.5
    endloop
  endfacet
  facet normal 0 0 1
    outer loop
      vertex -50.1958 -45.178 5.5
      vertex -49.5835 -43.6998 5.5
      vertex -49.8985 -43.5508 5.5
    endloop
  endfacet
  facet normal 0 0 1
    outer loop
      vertex -49.5835 -43.6998 5.5
      vertex -50.1958 -45.178 5.5
      vertex -49.72 -45.3482 5.5
    endloop
  endfacet
  facet normal 0 0 1
    outer loop
      vertex -50.6527 -44.9619 5.5
      vertex -49.8985 -43.5508 5.5
      vertex -50.1973 -43.3717 5.5
    endloop
  endfacet
  facet normal 0 0 1
    outer loop
      vertex -51.0862 -44.7021 5.5
      vertex -50.1973 -43.3717 5.5
      vertex -50.4771 -43.1642 5.5
    endloop
  endfacet
  facet normal 0 0 1
    outer loop
      vertex -49.8985 -43.5508 5.5
      vertex -50.6527 -44.9619 5.5
      vertex -50.1958 -45.178 5.5
    endloop
  endfacet
  facet normal 0 0 1
    outer loop
      vertex -51.4921 -44.401 5.5
      vertex -50.4771 -43.1642 5.5
      vertex -50.7352 -42.9302 5.5
    endloop
  endfacet
  facet normal 0 0 1
    outer loop
      vertex -51.8666 -44.0616 5.5
      vertex -50.7352 -42.9302 5.5
      vertex -50.9692 -42.6721 5.5
    endloop
  endfacet
  facet normal 0 0 1
    outer loop
      vertex -50.1973 -43.3717 5.5
      vertex -51.0862 -44.7021 5.5
      vertex -50.6527 -44.9619 5.5
    endloop
  endfacet
  facet normal 0 0 1
    outer loop
      vertex -52.206 -43.6871 5.5
      vertex -50.9692 -42.6721 5.5
      vertex -51.1767 -42.3923 5.5
    endloop
  endfacet
  facet normal 0 0 1
    outer loop
      vertex -52.5071 -43.2812 5.5
      vertex -51.1767 -42.3923 5.5
      vertex -51.3558 -42.0935 5.5
    endloop
  endfacet
  facet normal 0 0 1
    outer loop
      vertex -50.4771 -43.1642 5.5
      vertex -51.4921 -44.401 5.5
      vertex -51.0862 -44.7021 5.5
    endloop
  endfacet
  facet normal 0 0 1
    outer loop
      vertex -52.7669 -42.8477 5.5
      vertex -51.3558 -42.0935 5.5
      vertex -51.5048 -41.7785 5.5
    endloop
  endfacet
  facet normal 0 0 1
    outer loop
      vertex -52.983 -42.3908 5.5
      vertex -51.5048 -41.7785 5.5
      vertex -51.6221 -41.4505 5.5
    endloop
  endfacet
  facet normal 0 0 1
    outer loop
      vertex -53.1532 -41.915 5.5
      vertex -51.6221 -41.4505 5.5
      vertex -51.7068 -41.1126 5.5
    endloop
  endfacet
  facet normal 0 0 1
    outer loop
      vertex -53.276 -41.4247 5.5
      vertex -51.7068 -41.1126 5.5
      vertex -51.7579 -40.768 5.5
    endloop
  endfacet
  facet normal 0 0 1
    outer loop
      vertex -50.7352 -42.9302 5.5
      vertex -51.8666 -44.0616 5.5
      vertex -51.4921 -44.401 5.5
    endloop
  endfacet
  facet normal 0 0 1
    outer loop
      vertex -53.3502 -40.9248 5.5
      vertex -51.7579 -40.768 5.5
      vertex -51.775 -40.42 5.5
    endloop
  endfacet
  facet normal 0 0 1
    outer loop
      vertex -51.775 40.42 5.5
      vertex -53.375 40.42 5.5
      vertex -51.775 -40.42 5.5
    endloop
  endfacet
  facet normal -0 0 1
    outer loop
      vertex -53.1532 41.915 5.5
      vertex -51.6221 41.4505 5.5
      vertex -52.983 42.3908 5.5
    endloop
  endfacet
  facet normal 0 0 1
    outer loop
      vertex -53.375 -40.42 5.5
      vertex -51.775 -40.42 5.5
      vertex -53.375 40.42 5.5
    endloop
  endfacet
  facet normal 0 0 1
    outer loop
      vertex -51.6221 41.4505 5.5
      vertex -53.1532 41.915 5.5
      vertex -51.7068 41.1126 5.5
    endloop
  endfacet
  facet normal 0 -0 1
    outer loop
      vertex -53.3502 -40.9248 5.5
      vertex -51.775 -40.42 5.5
      vertex -53.375 -40.42 5.5
    endloop
  endfacet
  facet normal -0 0 1
    outer loop
      vertex -53.276 41.4247 5.5
      vertex -51.7068 41.1126 5.5
      vertex -53.1532 41.915 5.5
    endloop
  endfacet
  facet normal 0 0 1
    outer loop
      vertex -50.9692 -42.6721 5.5
      vertex -52.206 -43.6871 5.5
      vertex -51.8666 -44.0616 5.5
    endloop
  endfacet
  facet normal 0 0 1
    outer loop
      vertex -51.7068 41.1126 5.5
      vertex -53.276 41.4247 5.5
      vertex -51.7579 40.768 5.5
    endloop
  endfacet
  facet normal 0 0 1
    outer loop
      vertex -51.1767 -42.3923 5.5
      vertex -52.5071 -43.2812 5.5
      vertex -52.206 -43.6871 5.5
    endloop
  endfacet
  facet normal -0 0 1
    outer loop
      vertex -53.3502 40.9248 5.5
      vertex -51.7579 40.768 5.5
      vertex -53.276 41.4247 5.5
    endloop
  endfacet
  facet normal 0 0 1
    outer loop
      vertex -51.3558 -42.0935 5.5
      vertex -52.7669 -42.8477 5.5
      vertex -52.5071 -43.2812 5.5
    endloop
  endfacet
  facet normal 0 0 1
    outer loop
      vertex -51.7579 40.768 5.5
      vertex -53.3502 40.9248 5.5
      vertex -51.775 40.42 5.5
    endloop
  endfacet
  facet normal 0 0 1
    outer loop
      vertex -51.5048 -41.7785 5.5
      vertex -52.983 -42.3908 5.5
      vertex -52.7669 -42.8477 5.5
    endloop
  endfacet
  facet normal 0 0 1
    outer loop
      vertex -51.775 40.42 5.5
      vertex -53.3502 40.9248 5.5
      vertex -53.375 40.42 5.5
    endloop
  endfacet
  facet normal 0 0 1
    outer loop
      vertex -51.6221 -41.4505 5.5
      vertex -53.1532 -41.915 5.5
      vertex -52.983 -42.3908 5.5
    endloop
  endfacet
  facet normal 0 0 1
    outer loop
      vertex -51.7068 -41.1126 5.5
      vertex -53.276 -41.4247 5.5
      vertex -53.1532 -41.915 5.5
    endloop
  endfacet
  facet normal 0 0 1
    outer loop
      vertex -51.7579 -40.768 5.5
      vertex -53.3502 -40.9248 5.5
      vertex -53.276 -41.4247 5.5
    endloop
  endfacet
  facet normal 0.146821 -0.989163 0
    outer loop
      vertex 48.7298 -45.5452 2.5
      vertex 49.2297 -45.471 5.5
      vertex 48.7298 -45.5452 5.5
    endloop
  endfacet
  facet normal 0.146821 -0.989163 0
    outer loop
      vertex 49.2297 -45.471 5.5
      vertex 48.7298 -45.5452 2.5
      vertex 49.2297 -45.471 2.5
    endloop
  endfacet
  facet normal 0.242955 -0.970038 0
    outer loop
      vertex 49.2297 -45.471 2.5
      vertex 49.72 -45.3482 5.5
      vertex 49.2297 -45.471 5.5
    endloop
  endfacet
  facet normal 0.242955 -0.970038 0
    outer loop
      vertex 49.72 -45.3482 5.5
      vertex 49.2297 -45.471 2.5
      vertex 49.72 -45.3482 2.5
    endloop
  endfacet
  facet normal 0.336813 -0.941572 0
    outer loop
      vertex 49.72 -45.3482 2.5
      vertex 50.1958 -45.178 5.5
      vertex 49.72 -45.3482 5.5
    endloop
  endfacet
  facet normal 0.336813 -0.941572 0
    outer loop
      vertex 50.1958 -45.178 5.5
      vertex 49.72 -45.3482 2.5
      vertex 50.1958 -45.178 2.5
    endloop
  endfacet
  facet normal 0.427559 -0.903987 0
    outer loop
      vertex 50.1958 -45.178 2.5
      vertex 50.6527 -44.9619 5.5
      vertex 50.1958 -45.178 5.5
    endloop
  endfacet
  facet normal 0.427559 -0.903987 0
    outer loop
      vertex 50.6527 -44.9619 5.5
      vertex 50.1958 -45.178 2.5
      vertex 50.6527 -44.9619 2.5
    endloop
  endfacet
  facet normal 0.514059 -0.857755 0
    outer loop
      vertex 50.6527 -44.9619 2.5
      vertex 51.0862 -44.7021 5.5
      vertex 50.6527 -44.9619 5.5
    endloop
  endfacet
  facet normal 0.514059 -0.857755 0
    outer loop
      vertex 51.0862 -44.7021 5.5
      vertex 50.6527 -44.9619 2.5
      vertex 51.0862 -44.7021 2.5
    endloop
  endfacet
  facet normal 0.595781 -0.803147 0
    outer loop
      vertex 51.0862 -44.7021 2.5
      vertex 51.4921 -44.401 5.5
      vertex 51.0862 -44.7021 5.5
    endloop
  endfacet
  facet normal 0.595781 -0.803147 0
    outer loop
      vertex 51.4921 -44.401 5.5
      vertex 51.0862 -44.7021 2.5
      vertex 51.4921 -44.401 2.5
    endloop
  endfacet
  facet normal 0.67153 -0.740978 0
    outer loop
      vertex 51.4921 -44.401 2.5
      vertex 51.8666 -44.0616 5.5
      vertex 51.4921 -44.401 5.5
    endloop
  endfacet
  facet normal 0.67153 -0.740978 0
    outer loop
      vertex 51.8666 -44.0616 5.5
      vertex 51.4921 -44.401 2.5
      vertex 51.8666 -44.0616 2.5
    endloop
  endfacet
  facet normal 0.740978 -0.67153 0
    outer loop
      vertex 51.8666 -44.0616 5.5
      vertex 52.206 -43.6871 2.5
      vertex 52.206 -43.6871 5.5
    endloop
  endfacet
  facet normal 0.740978 -0.67153 0
    outer loop
      vertex 52.206 -43.6871 2.5
      vertex 51.8666 -44.0616 5.5
      vertex 51.8666 -44.0616 2.5
    endloop
  endfacet
  facet normal 0.803147 -0.595781 0
    outer loop
      vertex 52.206 -43.6871 5.5
      vertex 52.5071 -43.2812 2.5
      vertex 52.5071 -43.2812 5.5
    endloop
  endfacet
  facet normal 0.803147 -0.595781 0
    outer loop
      vertex 52.5071 -43.2812 2.5
      vertex 52.206 -43.6871 5.5
      vertex 52.206 -43.6871 2.5
    endloop
  endfacet
  facet normal 0.857755 -0.514059 0
    outer loop
      vertex 52.5071 -43.2812 5.5
      vertex 52.7669 -42.8477 2.5
      vertex 52.7669 -42.8477 5.5
    endloop
  endfacet
  facet normal 0.857755 -0.514059 0
    outer loop
      vertex 52.7669 -42.8477 2.5
      vertex 52.5071 -43.2812 5.5
      vertex 52.5071 -43.2812 2.5
    endloop
  endfacet
  facet normal 0.903987 -0.427559 0
    outer loop
      vertex 52.7669 -42.8477 5.5
      vertex 52.983 -42.3908 2.5
      vertex 52.983 -42.3908 5.5
    endloop
  endfacet
  facet normal 0.903987 -0.427559 0
    outer loop
      vertex 52.983 -42.3908 2.5
      vertex 52.7669 -42.8477 5.5
      vertex 52.7669 -42.8477 2.5
    endloop
  endfacet
  facet normal 0.941572 -0.336813 0
    outer loop
      vertex 52.983 -42.3908 5.5
      vertex 53.1532 -41.915 2.5
      vertex 53.1532 -41.915 5.5
    endloop
  endfacet
  facet normal 0.941572 -0.336813 0
    outer loop
      vertex 53.1532 -41.915 2.5
      vertex 52.983 -42.3908 5.5
      vertex 52.983 -42.3908 2.5
    endloop
  endfacet
  facet normal 0.970038 -0.242955 0
    outer loop
      vertex 53.1532 -41.915 5.5
      vertex 53.276 -41.4247 2.5
      vertex 53.276 -41.4247 5.5
    endloop
  endfacet
  facet normal 0.970038 -0.242955 0
    outer loop
      vertex 53.276 -41.4247 2.5
      vertex 53.1532 -41.915 5.5
      vertex 53.1532 -41.915 2.5
    endloop
  endfacet
  facet normal 0.989163 -0.146821 0
    outer loop
      vertex 53.276 -41.4247 5.5
      vertex 53.3502 -40.9248 2.5
      vertex 53.3502 -40.9248 5.5
    endloop
  endfacet
  facet normal 0.989163 -0.146821 0
    outer loop
      vertex 53.3502 -40.9248 2.5
      vertex 53.276 -41.4247 5.5
      vertex 53.276 -41.4247 2.5
    endloop
  endfacet
  facet normal 0.998795 -0.0490692 0
    outer loop
      vertex 53.3502 -40.9248 5.5
      vertex 53.375 -40.42 2.5
      vertex 53.375 -40.42 5.5
    endloop
  endfacet
  facet normal 0.998795 -0.0490692 0
    outer loop
      vertex 53.375 -40.42 2.5
      vertex 53.3502 -40.9248 5.5
      vertex 53.3502 -40.9248 2.5
    endloop
  endfacet
  facet normal 1 -0 0
    outer loop
      vertex 53.375 -40.42 5.5
      vertex 53.375 40.42 2.5
      vertex 53.375 40.42 5.5
    endloop
  endfacet
  facet normal 1 0 0
    outer loop
      vertex 53.375 40.42 2.5
      vertex 53.375 -40.42 5.5
      vertex 53.375 -40.42 2.5
    endloop
  endfacet
  facet normal 0.998795 0.0490692 0
    outer loop
      vertex 53.375 40.42 5.5
      vertex 53.3502 40.9248 2.5
      vertex 53.3502 40.9248 5.5
    endloop
  endfacet
  facet normal 0.998795 0.0490692 0
    outer loop
      vertex 53.3502 40.9248 2.5
      vertex 53.375 40.42 5.5
      vertex 53.375 40.42 2.5
    endloop
  endfacet
  facet normal 0.989163 0.146821 0
    outer loop
      vertex 53.3502 40.9248 5.5
      vertex 53.276 41.4247 2.5
      vertex 53.276 41.4247 5.5
    endloop
  endfacet
  facet normal 0.989163 0.146821 0
    outer loop
      vertex 53.276 41.4247 2.5
      vertex 53.3502 40.9248 5.5
      vertex 53.3502 40.9248 2.5
    endloop
  endfacet
  facet normal 0.970038 0.242955 0
    outer loop
      vertex 53.276 41.4247 5.5
      vertex 53.1532 41.915 2.5
      vertex 53.1532 41.915 5.5
    endloop
  endfacet
  facet normal 0.970038 0.242955 0
    outer loop
      vertex 53.1532 41.915 2.5
      vertex 53.276 41.4247 5.5
      vertex 53.276 41.4247 2.5
    endloop
  endfacet
  facet normal 0.941572 0.336813 0
    outer loop
      vertex 53.1532 41.915 5.5
      vertex 52.983 42.3908 2.5
      vertex 52.983 42.3908 5.5
    endloop
  endfacet
  facet normal 0.941572 0.336813 0
    outer loop
      vertex 52.983 42.3908 2.5
      vertex 53.1532 41.915 5.5
      vertex 53.1532 41.915 2.5
    endloop
  endfacet
  facet normal 0.903987 0.427559 0
    outer loop
      vertex 52.983 42.3908 5.5
      vertex 52.7669 42.8477 2.5
      vertex 52.7669 42.8477 5.5
    endloop
  endfacet
  facet normal 0.903987 0.427559 0
    outer loop
      vertex 52.7669 42.8477 2.5
      vertex 52.983 42.3908 5.5
      vertex 52.983 42.3908 2.5
    endloop
  endfacet
  facet normal 0.857755 0.514059 0
    outer loop
      vertex 52.7669 42.8477 5.5
      vertex 52.5071 43.2812 2.5
      vertex 52.5071 43.2812 5.5
    endloop
  endfacet
  facet normal 0.857755 0.514059 0
    outer loop
      vertex 52.5071 43.2812 2.5
      vertex 52.7669 42.8477 5.5
      vertex 52.7669 42.8477 2.5
    endloop
  endfacet
  facet normal 0.803147 0.595781 0
    outer loop
      vertex 52.5071 43.2812 5.5
      vertex 52.206 43.6871 2.5
      vertex 52.206 43.6871 5.5
    endloop
  endfacet
  facet normal 0.803147 0.595781 0
    outer loop
      vertex 52.206 43.6871 2.5
      vertex 52.5071 43.2812 5.5
      vertex 52.5071 43.2812 2.5
    endloop
  endfacet
  facet normal 0.740978 0.67153 0
    outer loop
      vertex 52.206 43.6871 5.5
      vertex 51.8666 44.0616 2.5
      vertex 51.8666 44.0616 5.5
    endloop
  endfacet
  facet normal 0.740978 0.67153 0
    outer loop
      vertex 51.8666 44.0616 2.5
      vertex 52.206 43.6871 5.5
      vertex 52.206 43.6871 2.5
    endloop
  endfacet
  facet normal 0.67153 0.740978 -0
    outer loop
      vertex 51.8666 44.0616 2.5
      vertex 51.4921 44.401 5.5
      vertex 51.8666 44.0616 5.5
    endloop
  endfacet
  facet normal 0.67153 0.740978 0
    outer loop
      vertex 51.4921 44.401 5.5
      vertex 51.8666 44.0616 2.5
      vertex 51.4921 44.401 2.5
    endloop
  endfacet
  facet normal 0.595781 0.803147 -0
    outer loop
      vertex 51.4921 44.401 2.5
      vertex 51.0862 44.7021 5.5
      vertex 51.4921 44.401 5.5
    endloop
  endfacet
  facet normal 0.595781 0.803147 0
    outer loop
      vertex 51.0862 44.7021 5.5
      vertex 51.4921 44.401 2.5
      vertex 51.0862 44.7021 2.5
    endloop
  endfacet
  facet normal 0.514059 0.857755 -0
    outer loop
      vertex 51.0862 44.7021 2.5
      vertex 50.6527 44.9619 5.5
      vertex 51.0862 44.7021 5.5
    endloop
  endfacet
  facet normal 0.514059 0.857755 0
    outer loop
      vertex 50.6527 44.9619 5.5
      vertex 51.0862 44.7021 2.5
      vertex 50.6527 44.9619 2.5
    endloop
  endfacet
  facet normal 0.427559 0.903987 -0
    outer loop
      vertex 50.6527 44.9619 2.5
      vertex 50.1958 45.178 5.5
      vertex 50.6527 44.9619 5.5
    endloop
  endfacet
  facet normal 0.427559 0.903987 0
    outer loop
      vertex 50.1958 45.178 5.5
      vertex 50.6527 44.9619 2.5
      vertex 50.1958 45.178 2.5
    endloop
  endfacet
  facet normal 0.336813 0.941572 -0
    outer loop
      vertex 50.1958 45.178 2.5
      vertex 49.72 45.3482 5.5
      vertex 50.1958 45.178 5.5
    endloop
  endfacet
  facet normal 0.336813 0.941572 0
    outer loop
      vertex 49.72 45.3482 5.5
      vertex 50.1958 45.178 2.5
      vertex 49.72 45.3482 2.5
    endloop
  endfacet
  facet normal 0.242955 0.970038 -0
    outer loop
      vertex 49.72 45.3482 2.5
      vertex 49.2297 45.471 5.5
      vertex 49.72 45.3482 5.5
    endloop
  endfacet
  facet normal 0.242955 0.970038 0
    outer loop
      vertex 49.2297 45.471 5.5
      vertex 49.72 45.3482 2.5
      vertex 49.2297 45.471 2.5
    endloop
  endfacet
  facet normal 0.146821 0.989163 -0
    outer loop
      vertex 49.2297 45.471 2.5
      vertex 48.7298 45.5452 5.5
      vertex 49.2297 45.471 5.5
    endloop
  endfacet
  facet normal 0.146821 0.989163 0
    outer loop
      vertex 48.7298 45.5452 5.5
      vertex 49.2297 45.471 2.5
      vertex 48.7298 45.5452 2.5
    endloop
  endfacet
  facet normal 0.0490692 0.998795 -0
    outer loop
      vertex 48.7298 45.5452 2.5
      vertex 48.225 45.57 5.5
      vertex 48.7298 45.5452 5.5
    endloop
  endfacet
  facet normal 0.0490692 0.998795 0
    outer loop
      vertex 48.225 45.57 5.5
      vertex 48.7298 45.5452 2.5
      vertex 48.225 45.57 2.5
    endloop
  endfacet
  facet normal 0 1 -0
    outer loop
      vertex 48.225 45.57 2.5
      vertex -48.225 45.57 5.5
      vertex 48.225 45.57 5.5
    endloop
  endfacet
  facet normal 0 1 0
    outer loop
      vertex -48.225 45.57 5.5
      vertex 48.225 45.57 2.5
      vertex -48.225 45.57 2.5
    endloop
  endfacet
  facet normal -0.0490692 0.998795 0
    outer loop
      vertex -48.225 45.57 2.5
      vertex -48.7298 45.5452 5.5
      vertex -48.225 45.57 5.5
    endloop
  endfacet
  facet normal -0.0490692 0.998795 0
    outer loop
      vertex -48.7298 45.5452 5.5
      vertex -48.225 45.57 2.5
      vertex -48.7298 45.5452 2.5
    endloop
  endfacet
  facet normal -0.146821 0.989163 0
    outer loop
      vertex -48.7298 45.5452 2.5
      vertex -49.2297 45.471 5.5
      vertex -48.7298 45.5452 5.5
    endloop
  endfacet
  facet normal -0.146821 0.989163 0
    outer loop
      vertex -49.2297 45.471 5.5
      vertex -48.7298 45.5452 2.5
      vertex -49.2297 45.471 2.5
    endloop
  endfacet
  facet normal -0.242955 0.970038 0
    outer loop
      vertex -49.2297 45.471 2.5
      vertex -49.72 45.3482 5.5
      vertex -49.2297 45.471 5.5
    endloop
  endfacet
  facet normal -0.242955 0.970038 0
    outer loop
      vertex -49.72 45.3482 5.5
      vertex -49.2297 45.471 2.5
      vertex -49.72 45.3482 2.5
    endloop
  endfacet
  facet normal -0.336813 0.941572 0
    outer loop
      vertex -49.72 45.3482 2.5
      vertex -50.1958 45.178 5.5
      vertex -49.72 45.3482 5.5
    endloop
  endfacet
  facet normal -0.336813 0.941572 0
    outer loop
      vertex -50.1958 45.178 5.5
      vertex -49.72 45.3482 2.5
      vertex -50.1958 45.178 2.5
    endloop
  endfacet
  facet normal -0.427559 0.903987 0
    outer loop
      vertex -50.1958 45.178 2.5
      vertex -50.6527 44.9619 5.5
      vertex -50.1958 45.178 5.5
    endloop
  endfacet
  facet normal -0.427559 0.903987 0
    outer loop
      vertex -50.6527 44.9619 5.5
      vertex -50.1958 45.178 2.5
      vertex -50.6527 44.9619 2.5
    endloop
  endfacet
  facet normal -0.514059 0.857755 0
    outer loop
      vertex -50.6527 44.9619 2.5
      vertex -51.0862 44.7021 5.5
      vertex -50.6527 44.9619 5.5
    endloop
  endfacet
  facet normal -0.514059 0.857755 0
    outer loop
      vertex -51.0862 44.7021 5.5
      vertex -50.6527 44.9619 2.5
      vertex -51.0862 44.7021 2.5
    endloop
  endfacet
  facet normal -0.595781 0.803147 0
    outer loop
      vertex -51.0862 44.7021 2.5
      vertex -51.4921 44.401 5.5
      vertex -51.0862 44.7021 5.5
    endloop
  endfacet
  facet normal -0.595781 0.803147 0
    outer loop
      vertex -51.4921 44.401 5.5
      vertex -51.0862 44.7021 2.5
      vertex -51.4921 44.401 2.5
    endloop
  endfacet
  facet normal -0.67153 0.740978 0
    outer loop
      vertex -51.4921 44.401 2.5
      vertex -51.8666 44.0616 5.5
      vertex -51.4921 44.401 5.5
    endloop
  endfacet
  facet normal -0.67153 0.740978 0
    outer loop
      vertex -51.8666 44.0616 5.5
      vertex -51.4921 44.401 2.5
      vertex -51.8666 44.0616 2.5
    endloop
  endfacet
  facet normal -0.740978 0.67153 0
    outer loop
      vertex -52.206 43.6871 2.5
      vertex -51.8666 44.0616 5.5
      vertex -51.8666 44.0616 2.5
    endloop
  endfacet
  facet normal -0.740978 0.67153 0
    outer loop
      vertex -51.8666 44.0616 5.5
      vertex -52.206 43.6871 2.5
      vertex -52.206 43.6871 5.5
    endloop
  endfacet
  facet normal -0.803147 0.595781 0
    outer loop
      vertex -52.5071 43.2812 2.5
      vertex -52.206 43.6871 5.5
      vertex -52.206 43.6871 2.5
    endloop
  endfacet
  facet normal -0.803147 0.595781 0
    outer loop
      vertex -52.206 43.6871 5.5
      vertex -52.5071 43.2812 2.5
      vertex -52.5071 43.2812 5.5
    endloop
  endfacet
  facet normal -0.857755 0.514059 0
    outer loop
      vertex -52.7669 42.8477 2.5
      vertex -52.5071 43.2812 5.5
      vertex -52.5071 43.2812 2.5
    endloop
  endfacet
  facet normal -0.857755 0.514059 0
    outer loop
      vertex -52.5071 43.2812 5.5
      vertex -52.7669 42.8477 2.5
      vertex -52.7669 42.8477 5.5
    endloop
  endfacet
  facet normal -0.903987 0.427559 0
    outer loop
      vertex -52.983 42.3908 2.5
      vertex -52.7669 42.8477 5.5
      vertex -52.7669 42.8477 2.5
    endloop
  endfacet
  facet normal -0.903987 0.427559 0
    outer loop
      vertex -52.7669 42.8477 5.5
      vertex -52.983 42.3908 2.5
      vertex -52.983 42.3908 5.5
    endloop
  endfacet
  facet normal -0.941572 0.336813 0
    outer loop
      vertex -53.1532 41.915 2.5
      vertex -52.983 42.3908 5.5
      vertex -52.983 42.3908 2.5
    endloop
  endfacet
  facet normal -0.941572 0.336813 0
    outer loop
      vertex -52.983 42.3908 5.5
      vertex -53.1532 41.915 2.5
      vertex -53.1532 41.915 5.5
    endloop
  endfacet
  facet normal -0.970038 0.242955 0
    outer loop
      vertex -53.276 41.4247 2.5
      vertex -53.1532 41.915 5.5
      vertex -53.1532 41.915 2.5
    endloop
  endfacet
  facet normal -0.970038 0.242955 0
    outer loop
      vertex -53.1532 41.915 5.5
      vertex -53.276 41.4247 2.5
      vertex -53.276 41.4247 5.5
    endloop
  endfacet
  facet normal -0.989163 0.146821 0
    outer loop
      vertex -53.3502 40.9248 2.5
      vertex -53.276 41.4247 5.5
      vertex -53.276 41.4247 2.5
    endloop
  endfacet
  facet normal -0.989163 0.146821 0
    outer loop
      vertex -53.276 41.4247 5.5
      vertex -53.3502 40.9248 2.5
      vertex -53.3502 40.9248 5.5
    endloop
  endfacet
  facet normal -0.998795 0.0490692 0
    outer loop
      vertex -53.375 40.42 2.5
      vertex -53.3502 40.9248 5.5
      vertex -53.3502 40.9248 2.5
    endloop
  endfacet
  facet normal -0.998795 0.0490692 0
    outer loop
      vertex -53.3502 40.9248 5.5
      vertex -53.375 40.42 2.5
      vertex -53.375 40.42 5.5
    endloop
  endfacet
  facet normal -1 0 0
    outer loop
      vertex -53.375 -40.42 2.5
      vertex -53.375 40.42 5.5
      vertex -53.375 40.42 2.5
    endloop
  endfacet
  facet normal -1 -0 0
    outer loop
      vertex -53.375 40.42 5.5
      vertex -53.375 -40.42 2.5
      vertex -53.375 -40.42 5.5
    endloop
  endfacet
  facet normal -0.998795 -0.0490692 0
    outer loop
      vertex -53.3502 -40.9248 2.5
      vertex -53.375 -40.42 5.5
      vertex -53.375 -40.42 2.5
    endloop
  endfacet
  facet normal -0.998795 -0.0490692 0
    outer loop
      vertex -53.375 -40.42 5.5
      vertex -53.3502 -40.9248 2.5
      vertex -53.3502 -40.9248 5.5
    endloop
  endfacet
  facet normal -0.989163 -0.146821 0
    outer loop
      vertex -53.276 -41.4247 2.5
      vertex -53.3502 -40.9248 5.5
      vertex -53.3502 -40.9248 2.5
    endloop
  endfacet
  facet normal -0.989163 -0.146821 0
    outer loop
      vertex -53.3502 -40.9248 5.5
      vertex -53.276 -41.4247 2.5
      vertex -53.276 -41.4247 5.5
    endloop
  endfacet
  facet normal -0.970038 -0.242955 0
    outer loop
      vertex -53.1532 -41.915 2.5
      vertex -53.276 -41.4247 5.5
      vertex -53.276 -41.4247 2.5
    endloop
  endfacet
  facet normal -0.970038 -0.242955 0
    outer loop
      vertex -53.276 -41.4247 5.5
      vertex -53.1532 -41.915 2.5
      vertex -53.1532 -41.915 5.5
    endloop
  endfacet
  facet normal -0.941572 -0.336813 0
    outer loop
      vertex -52.983 -42.3908 2.5
      vertex -53.1532 -41.915 5.5
      vertex -53.1532 -41.915 2.5
    endloop
  endfacet
  facet normal -0.941572 -0.336813 0
    outer loop
      vertex -53.1532 -41.915 5.5
      vertex -52.983 -42.3908 2.5
      vertex -52.983 -42.3908 5.5
    endloop
  endfacet
  facet normal -0.903987 -0.427559 0
    outer loop
      vertex -52.7669 -42.8477 2.5
      vertex -52.983 -42.3908 5.5
      vertex -52.983 -42.3908 2.5
    endloop
  endfacet
  facet normal -0.903987 -0.427559 0
    outer loop
      vertex -52.983 -42.3908 5.5
      vertex -52.7669 -42.8477 2.5
      vertex -52.7669 -42.8477 5.5
    endloop
  endfacet
  facet normal -0.857755 -0.514059 0
    outer loop
      vertex -52.5071 -43.2812 2.5
      vertex -52.7669 -42.8477 5.5
      vertex -52.7669 -42.8477 2.5
    endloop
  endfacet
  facet normal -0.857755 -0.514059 0
    outer loop
      vertex -52.7669 -42.8477 5.5
      vertex -52.5071 -43.2812 2.5
      vertex -52.5071 -43.2812 5.5
    endloop
  endfacet
  facet normal -0.803147 -0.595781 0
    outer loop
      vertex -52.206 -43.6871 2.5
      vertex -52.5071 -43.2812 5.5
      vertex -52.5071 -43.2812 2.5
    endloop
  endfacet
  facet normal -0.803147 -0.595781 0
    outer loop
      vertex -52.5071 -43.2812 5.5
      vertex -52.206 -43.6871 2.5
      vertex -52.206 -43.6871 5.5
    endloop
  endfacet
  facet normal -0.740978 -0.67153 0
    outer loop
      vertex -51.8666 -44.0616 2.5
      vertex -52.206 -43.6871 5.5
      vertex -52.206 -43.6871 2.5
    endloop
  endfacet
  facet normal -0.740978 -0.67153 0
    outer loop
      vertex -52.206 -43.6871 5.5
      vertex -51.8666 -44.0616 2.5
      vertex -51.8666 -44.0616 5.5
    endloop
  endfacet
  facet normal -0.67153 -0.740978 0
    outer loop
      vertex -51.8666 -44.0616 2.5
      vertex -51.4921 -44.401 5.5
      vertex -51.8666 -44.0616 5.5
    endloop
  endfacet
  facet normal -0.67153 -0.740978 -0
    outer loop
      vertex -51.4921 -44.401 5.5
      vertex -51.8666 -44.0616 2.5
      vertex -51.4921 -44.401 2.5
    endloop
  endfacet
  facet normal -0.595781 -0.803147 0
    outer loop
      vertex -51.4921 -44.401 2.5
      vertex -51.0862 -44.7021 5.5
      vertex -51.4921 -44.401 5.5
    endloop
  endfacet
  facet normal -0.595781 -0.803147 -0
    outer loop
      vertex -51.0862 -44.7021 5.5
      vertex -51.4921 -44.401 2.5
      vertex -51.0862 -44.7021 2.5
    endloop
  endfacet
  facet normal -0.514059 -0.857755 0
    outer loop
      vertex -51.0862 -44.7021 2.5
      vertex -50.6527 -44.9619 5.5
      vertex -51.0862 -44.7021 5.5
    endloop
  endfacet
  facet normal -0.514059 -0.857755 -0
    outer loop
      vertex -50.6527 -44.9619 5.5
      vertex -51.0862 -44.7021 2.5
      vertex -50.6527 -44.9619 2.5
    endloop
  endfacet
  facet normal -0.427559 -0.903987 0
    outer loop
      vertex -50.6527 -44.9619 2.5
      vertex -50.1958 -45.178 5.5
      vertex -50.6527 -44.9619 5.5
    endloop
  endfacet
  facet normal -0.427559 -0.903987 -0
    outer loop
      vertex -50.1958 -45.178 5.5
      vertex -50.6527 -44.9619 2.5
      vertex -50.1958 -45.178 2.5
    endloop
  endfacet
  facet normal -0.336813 -0.941572 0
    outer loop
      vertex -50.1958 -45.178 2.5
      vertex -49.72 -45.3482 5.5
      vertex -50.1958 -45.178 5.5
    endloop
  endfacet
  facet normal -0.336813 -0.941572 -0
    outer loop
      vertex -49.72 -45.3482 5.5
      vertex -50.1958 -45.178 2.5
      vertex -49.72 -45.3482 2.5
    endloop
  endfacet
  facet normal -0.242955 -0.970038 0
    outer loop
      vertex -49.72 -45.3482 2.5
      vertex -49.2297 -45.471 5.5
      vertex -49.72 -45.3482 5.5
    endloop
  endfacet
  facet normal -0.242955 -0.970038 -0
    outer loop
      vertex -49.2297 -45.471 5.5
      vertex -49.72 -45.3482 2.5
      vertex -49.2297 -45.471 2.5
    endloop
  endfacet
  facet normal -0.146821 -0.989163 0
    outer loop
      vertex -49.2297 -45.471 2.5
      vertex -48.7298 -45.5452 5.5
      vertex -49.2297 -45.471 5.5
    endloop
  endfacet
  facet normal -0.146821 -0.989163 -0
    outer loop
      vertex -48.7298 -45.5452 5.5
      vertex -49.2297 -45.471 2.5
      vertex -48.7298 -45.5452 2.5
    endloop
  endfacet
  facet normal -0.0490692 -0.998795 0
    outer loop
      vertex -48.7298 -45.5452 2.5
      vertex -48.225 -45.57 5.5
      vertex -48.7298 -45.5452 5.5
    endloop
  endfacet
  facet normal -0.0490692 -0.998795 -0
    outer loop
      vertex -48.225 -45.57 5.5
      vertex -48.7298 -45.5452 2.5
      vertex -48.225 -45.57 2.5
    endloop
  endfacet
  facet normal 0 -1 0
    outer loop
      vertex -48.225 -45.57 2.5
      vertex 48.225 -45.57 5.5
      vertex -48.225 -45.57 5.5
    endloop
  endfacet
  facet normal 0 -1 -0
    outer loop
      vertex 48.225 -45.57 5.5
      vertex -48.225 -45.57 2.5
      vertex 48.225 -45.57 2.5
    endloop
  endfacet
  facet normal 0.0490692 -0.998795 0
    outer loop
      vertex 48.225 -45.57 2.5
      vertex 48.7298 -45.5452 5.5
      vertex 48.225 -45.57 5.5
    endloop
  endfacet
  facet normal 0.0490692 -0.998795 0
    outer loop
      vertex 48.7298 -45.5452 5.5
      vertex 48.225 -45.57 2.5
      vertex 48.7298 -45.5452 2.5
    endloop
  endfacet
  facet normal 0.0490787 0.998795 -0
    outer loop
      vertex -48.225 -43.97 2.5
      vertex -48.573 -43.9529 5.5
      vertex -48.225 -43.97 5.5
    endloop
  endfacet
  facet normal 0.0490787 0.998795 0
    outer loop
      vertex -48.573 -43.9529 5.5
      vertex -48.225 -43.97 2.5
      vertex -48.573 -43.9529 2.5
    endloop
  endfacet
  facet normal 0.146684 0.989183 -0
    outer loop
      vertex -48.573 -43.9529 2.5
      vertex -48.9176 -43.9018 5.5
      vertex -48.573 -43.9529 5.5
    endloop
  endfacet
  facet normal 0.146684 0.989183 0
    outer loop
      vertex -48.9176 -43.9018 5.5
      vertex -48.573 -43.9529 2.5
      vertex -48.9176 -43.9018 2.5
    endloop
  endfacet
  facet normal 0.243143 0.96999 -0
    outer loop
      vertex -48.9176 -43.9018 2.5
      vertex -49.2555 -43.8171 5.5
      vertex -48.9176 -43.9018 5.5
    endloop
  endfacet
  facet normal 0.243143 0.96999 0
    outer loop
      vertex -49.2555 -43.8171 5.5
      vertex -48.9176 -43.9018 2.5
      vertex -49.2555 -43.8171 2.5
    endloop
  endfacet
  facet normal 0.336736 0.941599 -0
    outer loop
      vertex -49.2555 -43.8171 2.5
      vertex -49.5835 -43.6998 5.5
      vertex -49.2555 -43.8171 5.5
    endloop
  endfacet
  facet normal 0.336736 0.941599 0
    outer loop
      vertex -49.5835 -43.6998 5.5
      vertex -49.2555 -43.8171 2.5
      vertex -49.5835 -43.6998 2.5
    endloop
  endfacet
  facet normal 0.427593 0.903971 -0
    outer loop
      vertex -49.5835 -43.6998 2.5
      vertex -49.8985 -43.5508 5.5
      vertex -49.5835 -43.6998 5.5
    endloop
  endfacet
  facet normal 0.427593 0.903971 0
    outer loop
      vertex -49.8985 -43.5508 5.5
      vertex -49.5835 -43.6998 2.5
      vertex -49.8985 -43.5508 2.5
    endloop
  endfacet
  facet normal 0.514116 0.857721 -0
    outer loop
      vertex -49.8985 -43.5508 2.5
      vertex -50.1973 -43.3717 5.5
      vertex -49.8985 -43.5508 5.5
    endloop
  endfacet
  facet normal 0.514116 0.857721 0
    outer loop
      vertex -50.1973 -43.3717 5.5
      vertex -49.8985 -43.5508 2.5
      vertex -50.1973 -43.3717 2.5
    endloop
  endfacet
  facet normal 0.595674 0.803227 -0
    outer loop
      vertex -50.1973 -43.3717 2.5
      vertex -50.4771 -43.1642 5.5
      vertex -50.1973 -43.3717 5.5
    endloop
  endfacet
  facet normal 0.595674 0.803227 0
    outer loop
      vertex -50.4771 -43.1642 5.5
      vertex -50.1973 -43.3717 2.5
      vertex -50.4771 -43.1642 2.5
    endloop
  endfacet
  facet normal 0.671672 0.740849 -0
    outer loop
      vertex -50.4771 -43.1642 2.5
      vertex -50.7352 -42.9302 5.5
      vertex -50.4771 -43.1642 5.5
    endloop
  endfacet
  facet normal 0.671672 0.740849 0
    outer loop
      vertex -50.7352 -42.9302 5.5
      vertex -50.4771 -43.1642 2.5
      vertex -50.7352 -42.9302 2.5
    endloop
  endfacet
  facet normal 0.740849 0.671672 0
    outer loop
      vertex -50.7352 -42.9302 5.5
      vertex -50.9692 -42.6721 2.5
      vertex -50.9692 -42.6721 5.5
    endloop
  endfacet
  facet normal 0.740849 0.671672 0
    outer loop
      vertex -50.9692 -42.6721 2.5
      vertex -50.7352 -42.9302 5.5
      vertex -50.7352 -42.9302 2.5
    endloop
  endfacet
  facet normal 0.803227 0.595674 0
    outer loop
      vertex -50.9692 -42.6721 5.5
      vertex -51.1767 -42.3923 2.5
      vertex -51.1767 -42.3923 5.5
    endloop
  endfacet
  facet normal 0.803227 0.595674 0
    outer loop
      vertex -51.1767 -42.3923 2.5
      vertex -50.9692 -42.6721 5.5
      vertex -50.9692 -42.6721 2.5
    endloop
  endfacet
  facet normal 0.857721 0.514116 0
    outer loop
      vertex -51.1767 -42.3923 5.5
      vertex -51.3558 -42.0935 2.5
      vertex -51.3558 -42.0935 5.5
    endloop
  endfacet
  facet normal 0.857721 0.514116 0
    outer loop
      vertex -51.3558 -42.0935 2.5
      vertex -51.1767 -42.3923 5.5
      vertex -51.1767 -42.3923 2.5
    endloop
  endfacet
  facet normal 0.903971 0.427593 0
    outer loop
      vertex -51.3558 -42.0935 5.5
      vertex -51.5048 -41.7785 2.5
      vertex -51.5048 -41.7785 5.5
    endloop
  endfacet
  facet normal 0.903971 0.427593 0
    outer loop
      vertex -51.5048 -41.7785 2.5
      vertex -51.3558 -42.0935 5.5
      vertex -51.3558 -42.0935 2.5
    endloop
  endfacet
  facet normal 0.941599 0.336736 0
    outer loop
      vertex -51.5048 -41.7785 5.5
      vertex -51.6221 -41.4505 2.5
      vertex -51.6221 -41.4505 5.5
    endloop
  endfacet
  facet normal 0.941599 0.336736 0
    outer loop
      vertex -51.6221 -41.4505 2.5
      vertex -51.5048 -41.7785 5.5
      vertex -51.5048 -41.7785 2.5
    endloop
  endfacet
  facet normal 0.96999 0.243143 0
    outer loop
      vertex -51.6221 -41.4505 5.5
      vertex -51.7068 -41.1126 2.5
      vertex -51.7068 -41.1126 5.5
    endloop
  endfacet
  facet normal 0.96999 0.243143 0
    outer loop
      vertex -51.7068 -41.1126 2.5
      vertex -51.6221 -41.4505 5.5
      vertex -51.6221 -41.4505 2.5
    endloop
  endfacet
  facet normal 0.989183 0.146684 0
    outer loop
      vertex -51.7068 -41.1126 5.5
      vertex -51.7579 -40.768 2.5
      vertex -51.7579 -40.768 5.5
    endloop
  endfacet
  facet normal 0.989183 0.146684 0
    outer loop
      vertex -51.7579 -40.768 2.5
      vertex -51.7068 -41.1126 5.5
      vertex -51.7068 -41.1126 2.5
    endloop
  endfacet
  facet normal 0.998795 0.0490787 0
    outer loop
      vertex -51.7579 -40.768 5.5
      vertex -51.775 -40.42 2.5
      vertex -51.775 -40.42 5.5
    endloop
  endfacet
  facet normal 0.998795 0.0490787 0
    outer loop
      vertex -51.775 -40.42 2.5
      vertex -51.7579 -40.768 5.5
      vertex -51.7579 -40.768 2.5
    endloop
  endfacet
  facet normal 1 -0 0
    outer loop
      vertex -51.775 -40.42 5.5
      vertex -51.775 40.42 2.5
      vertex -51.775 40.42 5.5
    endloop
  endfacet
  facet normal 1 0 0
    outer loop
      vertex -51.775 40.42 2.5
      vertex -51.775 -40.42 5.5
      vertex -51.775 -40.42 2.5
    endloop
  endfacet
  facet normal 0.998795 -0.0490787 0
    outer loop
      vertex -51.775 40.42 5.5
      vertex -51.7579 40.768 2.5
      vertex -51.7579 40.768 5.5
    endloop
  endfacet
  facet normal 0.998795 -0.0490787 0
    outer loop
      vertex -51.7579 40.768 2.5
      vertex -51.775 40.42 5.5
      vertex -51.775 40.42 2.5
    endloop
  endfacet
  facet normal 0.989183 -0.146684 0
    outer loop
      vertex -51.7579 40.768 5.5
      vertex -51.7068 41.1126 2.5
      vertex -51.7068 41.1126 5.5
    endloop
  endfacet
  facet normal 0.989183 -0.146684 0
    outer loop
      vertex -51.7068 41.1126 2.5
      vertex -51.7579 40.768 5.5
      vertex -51.7579 40.768 2.5
    endloop
  endfacet
  facet normal 0.96999 -0.243143 0
    outer loop
      vertex -51.7068 41.1126 5.5
      vertex -51.6221 41.4505 2.5
      vertex -51.6221 41.4505 5.5
    endloop
  endfacet
  facet normal 0.96999 -0.243143 0
    outer loop
      vertex -51.6221 41.4505 2.5
      vertex -51.7068 41.1126 5.5
      vertex -51.7068 41.1126 2.5
    endloop
  endfacet
  facet normal 0.941599 -0.336736 0
    outer loop
      vertex -51.6221 41.4505 5.5
      vertex -51.5048 41.7785 2.5
      vertex -51.5048 41.7785 5.5
    endloop
  endfacet
  facet normal 0.941599 -0.336736 0
    outer loop
      vertex -51.5048 41.7785 2.5
      vertex -51.6221 41.4505 5.5
      vertex -51.6221 41.4505 2.5
    endloop
  endfacet
  facet normal 0.903971 -0.427593 0
    outer loop
      vertex -51.5048 41.7785 5.5
      vertex -51.3558 42.0935 2.5
      vertex -51.3558 42.0935 5.5
    endloop
  endfacet
  facet normal 0.903971 -0.427593 0
    outer loop
      vertex -51.3558 42.0935 2.5
      vertex -51.5048 41.7785 5.5
      vertex -51.5048 41.7785 2.5
    endloop
  endfacet
  facet normal 0.857721 -0.514116 0
    outer loop
      vertex -51.3558 42.0935 5.5
      vertex -51.1767 42.3923 2.5
      vertex -51.1767 42.3923 5.5
    endloop
  endfacet
  facet normal 0.857721 -0.514116 0
    outer loop
      vertex -51.1767 42.3923 2.5
      vertex -51.3558 42.0935 5.5
      vertex -51.3558 42.0935 2.5
    endloop
  endfacet
  facet normal 0.803227 -0.595674 0
    outer loop
      vertex -51.1767 42.3923 5.5
      vertex -50.9692 42.6721 2.5
      vertex -50.9692 42.6721 5.5
    endloop
  endfacet
  facet normal 0.803227 -0.595674 0
    outer loop
      vertex -50.9692 42.6721 2.5
      vertex -51.1767 42.3923 5.5
      vertex -51.1767 42.3923 2.5
    endloop
  endfacet
  facet normal 0.740849 -0.671672 0
    outer loop
      vertex -50.9692 42.6721 5.5
      vertex -50.7352 42.9302 2.5
      vertex -50.7352 42.9302 5.5
    endloop
  endfacet
  facet normal 0.740849 -0.671672 0
    outer loop
      vertex -50.7352 42.9302 2.5
      vertex -50.9692 42.6721 5.5
      vertex -50.9692 42.6721 2.5
    endloop
  endfacet
  facet normal 0.671672 -0.740849 0
    outer loop
      vertex -50.7352 42.9302 2.5
      vertex -50.4771 43.1642 5.5
      vertex -50.7352 42.9302 5.5
    endloop
  endfacet
  facet normal 0.671672 -0.740849 0
    outer loop
      vertex -50.4771 43.1642 5.5
      vertex -50.7352 42.9302 2.5
      vertex -50.4771 43.1642 2.5
    endloop
  endfacet
  facet normal 0.595674 -0.803227 0
    outer loop
      vertex -50.4771 43.1642 2.5
      vertex -50.1973 43.3717 5.5
      vertex -50.4771 43.1642 5.5
    endloop
  endfacet
  facet normal 0.595674 -0.803227 0
    outer loop
      vertex -50.1973 43.3717 5.5
      vertex -50.4771 43.1642 2.5
      vertex -50.1973 43.3717 2.5
    endloop
  endfacet
  facet normal 0.514116 -0.857721 0
    outer loop
      vertex -50.1973 43.3717 2.5
      vertex -49.8985 43.5508 5.5
      vertex -50.1973 43.3717 5.5
    endloop
  endfacet
  facet normal 0.514116 -0.857721 0
    outer loop
      vertex -49.8985 43.5508 5.5
      vertex -50.1973 43.3717 2.5
      vertex -49.8985 43.5508 2.5
    endloop
  endfacet
  facet normal 0.427593 -0.903971 0
    outer loop
      vertex -49.8985 43.5508 2.5
      vertex -49.5835 43.6998 5.5
      vertex -49.8985 43.5508 5.5
    endloop
  endfacet
  facet normal 0.427593 -0.903971 0
    outer loop
      vertex -49.5835 43.6998 5.5
      vertex -49.8985 43.5508 2.5
      vertex -49.5835 43.6998 2.5
    endloop
  endfacet
  facet normal 0.336736 -0.941599 0
    outer loop
      vertex -49.5835 43.6998 2.5
      vertex -49.2555 43.8171 5.5
      vertex -49.5835 43.6998 5.5
    endloop
  endfacet
  facet normal 0.336736 -0.941599 0
    outer loop
      vertex -49.2555 43.8171 5.5
      vertex -49.5835 43.6998 2.5
      vertex -49.2555 43.8171 2.5
    endloop
  endfacet
  facet normal 0.243143 -0.96999 0
    outer loop
      vertex -49.2555 43.8171 2.5
      vertex -48.9176 43.9018 5.5
      vertex -49.2555 43.8171 5.5
    endloop
  endfacet
  facet normal 0.243143 -0.96999 0
    outer loop
      vertex -48.9176 43.9018 5.5
      vertex -49.2555 43.8171 2.5
      vertex -48.9176 43.9018 2.5
    endloop
  endfacet
  facet normal 0.146684 -0.989183 0
    outer loop
      vertex -48.9176 43.9018 2.5
      vertex -48.573 43.9529 5.5
      vertex -48.9176 43.9018 5.5
    endloop
  endfacet
  facet normal 0.146684 -0.989183 0
    outer loop
      vertex -48.573 43.9529 5.5
      vertex -48.9176 43.9018 2.5
      vertex -48.573 43.9529 2.5
    endloop
  endfacet
  facet normal 0.0490787 -0.998795 0
    outer loop
      vertex -48.573 43.9529 2.5
      vertex -48.225 43.97 5.5
      vertex -48.573 43.9529 5.5
    endloop
  endfacet
  facet normal 0.0490787 -0.998795 0
    outer loop
      vertex -48.225 43.97 5.5
      vertex -48.573 43.9529 2.5
      vertex -48.225 43.97 2.5
    endloop
  endfacet
  facet normal 0 -1 0
    outer loop
      vertex -48.225 43.97 2.5
      vertex 48.225 43.97 5.5
      vertex -48.225 43.97 5.5
    endloop
  endfacet
  facet normal 0 -1 -0
    outer loop
      vertex 48.225 43.97 5.5
      vertex -48.225 43.97 2.5
      vertex 48.225 43.97 2.5
    endloop
  endfacet
  facet normal -0.0490787 -0.998795 0
    outer loop
      vertex 48.225 43.97 2.5
      vertex 48.573 43.9529 5.5
      vertex 48.225 43.97 5.5
    endloop
  endfacet
  facet normal -0.0490787 -0.998795 -0
    outer loop
      vertex 48.573 43.9529 5.5
      vertex 48.225 43.97 2.5
      vertex 48.573 43.9529 2.5
    endloop
  endfacet
  facet normal -0.146684 -0.989183 0
    outer loop
      vertex 48.573 43.9529 2.5
      vertex 48.9176 43.9018 5.5
      vertex 48.573 43.9529 5.5
    endloop
  endfacet
  facet normal -0.146684 -0.989183 -0
    outer loop
      vertex 48.9176 43.9018 5.5
      vertex 48.573 43.9529 2.5
      vertex 48.9176 43.9018 2.5
    endloop
  endfacet
  facet normal -0.243143 -0.96999 0
    outer loop
      vertex 48.9176 43.9018 2.5
      vertex 49.2555 43.8171 5.5
      vertex 48.9176 43.9018 5.5
    endloop
  endfacet
  facet normal -0.243143 -0.96999 -0
    outer loop
      vertex 49.2555 43.8171 5.5
      vertex 48.9176 43.9018 2.5
      vertex 49.2555 43.8171 2.5
    endloop
  endfacet
  facet normal -0.336736 -0.941599 0
    outer loop
      vertex 49.2555 43.8171 2.5
      vertex 49.5835 43.6998 5.5
      vertex 49.2555 43.8171 5.5
    endloop
  endfacet
  facet normal -0.336736 -0.941599 -0
    outer loop
      vertex 49.5835 43.6998 5.5
      vertex 49.2555 43.8171 2.5
      vertex 49.5835 43.6998 2.5
    endloop
  endfacet
  facet normal -0.427593 -0.903971 0
    outer loop
      vertex 49.5835 43.6998 2.5
      vertex 49.8985 43.5508 5.5
      vertex 49.5835 43.6998 5.5
    endloop
  endfacet
  facet normal -0.427593 -0.903971 -0
    outer loop
      vertex 49.8985 43.5508 5.5
      vertex 49.5835 43.6998 2.5
      vertex 49.8985 43.5508 2.5
    endloop
  endfacet
  facet normal -0.514116 -0.857721 0
    outer loop
      vertex 49.8985 43.5508 2.5
      vertex 50.1973 43.3717 5.5
      vertex 49.8985 43.5508 5.5
    endloop
  endfacet
  facet normal -0.514116 -0.857721 -0
    outer loop
      vertex 50.1973 43.3717 5.5
      vertex 49.8985 43.5508 2.5
      vertex 50.1973 43.3717 2.5
    endloop
  endfacet
  facet normal -0.595674 -0.803227 0
    outer loop
      vertex 50.1973 43.3717 2.5
      vertex 50.4771 43.1642 5.5
      vertex 50.1973 43.3717 5.5
    endloop
  endfacet
  facet normal -0.595674 -0.803227 -0
    outer loop
      vertex 50.4771 43.1642 5.5
      vertex 50.1973 43.3717 2.5
      vertex 50.4771 43.1642 2.5
    endloop
  endfacet
  facet normal -0.671672 -0.740849 0
    outer loop
      vertex 50.4771 43.1642 2.5
      vertex 50.7352 42.9302 5.5
      vertex 50.4771 43.1642 5.5
    endloop
  endfacet
  facet normal -0.671672 -0.740849 -0
    outer loop
      vertex 50.7352 42.9302 5.5
      vertex 50.4771 43.1642 2.5
      vertex 50.7352 42.9302 2.5
    endloop
  endfacet
  facet normal -0.740849 -0.671672 0
    outer loop
      vertex 50.9692 42.6721 2.5
      vertex 50.7352 42.9302 5.5
      vertex 50.7352 42.9302 2.5
    endloop
  endfacet
  facet normal -0.740849 -0.671672 0
    outer loop
      vertex 50.7352 42.9302 5.5
      vertex 50.9692 42.6721 2.5
      vertex 50.9692 42.6721 5.5
    endloop
  endfacet
  facet normal -0.803227 -0.595674 0
    outer loop
      vertex 51.1767 42.3923 2.5
      vertex 50.9692 42.6721 5.5
      vertex 50.9692 42.6721 2.5
    endloop
  endfacet
  facet normal -0.803227 -0.595674 0
    outer loop
      vertex 50.9692 42.6721 5.5
      vertex 51.1767 42.3923 2.5
      vertex 51.1767 42.3923 5.5
    endloop
  endfacet
  facet normal -0.857721 -0.514116 0
    outer loop
      vertex 51.3558 42.0935 2.5
      vertex 51.1767 42.3923 5.5
      vertex 51.1767 42.3923 2.5
    endloop
  endfacet
  facet normal -0.857721 -0.514116 0
    outer loop
      vertex 51.1767 42.3923 5.5
      vertex 51.3558 42.0935 2.5
      vertex 51.3558 42.0935 5.5
    endloop
  endfacet
  facet normal -0.903971 -0.427593 0
    outer loop
      vertex 51.5048 41.7785 2.5
      vertex 51.3558 42.0935 5.5
      vertex 51.3558 42.0935 2.5
    endloop
  endfacet
  facet normal -0.903971 -0.427593 0
    outer loop
      vertex 51.3558 42.0935 5.5
      vertex 51.5048 41.7785 2.5
      vertex 51.5048 41.7785 5.5
    endloop
  endfacet
  facet normal -0.941599 -0.336736 0
    outer loop
      vertex 51.6221 41.4505 2.5
      vertex 51.5048 41.7785 5.5
      vertex 51.5048 41.7785 2.5
    endloop
  endfacet
  facet normal -0.941599 -0.336736 0
    outer loop
      vertex 51.5048 41.7785 5.5
      vertex 51.6221 41.4505 2.5
      vertex 51.6221 41.4505 5.5
    endloop
  endfacet
  facet normal -0.96999 -0.243143 0
    outer loop
      vertex 51.7068 41.1126 2.5
      vertex 51.6221 41.4505 5.5
      vertex 51.6221 41.4505 2.5
    endloop
  endfacet
  facet normal -0.96999 -0.243143 0
    outer loop
      vertex 51.6221 41.4505 5.5
      vertex 51.7068 41.1126 2.5
      vertex 51.7068 41.1126 5.5
    endloop
  endfacet
  facet normal -0.989183 -0.146684 0
    outer loop
      vertex 51.7579 40.768 2.5
      vertex 51.7068 41.1126 5.5
      vertex 51.7068 41.1126 2.5
    endloop
  endfacet
  facet normal -0.989183 -0.146684 0
    outer loop
      vertex 51.7068 41.1126 5.5
      vertex 51.7579 40.768 2.5
      vertex 51.7579 40.768 5.5
    endloop
  endfacet
  facet normal -0.998795 -0.0490787 0
    outer loop
      vertex 51.775 40.42 2.5
      vertex 51.7579 40.768 5.5
      vertex 51.7579 40.768 2.5
    endloop
  endfacet
  facet normal -0.998795 -0.0490787 0
    outer loop
      vertex 51.7579 40.768 5.5
      vertex 51.775 40.42 2.5
      vertex 51.775 40.42 5.5
    endloop
  endfacet
  facet normal -1 0 0
    outer loop
      vertex 51.775 -40.42 2.5
      vertex 51.775 40.42 5.5
      vertex 51.775 40.42 2.5
    endloop
  endfacet
  facet normal -1 -0 0
    outer loop
      vertex 51.775 40.42 5.5
      vertex 51.775 -40.42 2.5
      vertex 51.775 -40.42 5.5
    endloop
  endfacet
  facet normal -0.998795 0.0490787 0
    outer loop
      vertex 51.7579 -40.768 2.5
      vertex 51.775 -40.42 5.5
      vertex 51.775 -40.42 2.5
    endloop
  endfacet
  facet normal -0.998795 0.0490787 0
    outer loop
      vertex 51.775 -40.42 5.5
      vertex 51.7579 -40.768 2.5
      vertex 51.7579 -40.768 5.5
    endloop
  endfacet
  facet normal -0.989183 0.146684 0
    outer loop
      vertex 51.7068 -41.1126 2.5
      vertex 51.7579 -40.768 5.5
      vertex 51.7579 -40.768 2.5
    endloop
  endfacet
  facet normal -0.989183 0.146684 0
    outer loop
      vertex 51.7579 -40.768 5.5
      vertex 51.7068 -41.1126 2.5
      vertex 51.7068 -41.1126 5.5
    endloop
  endfacet
  facet normal -0.96999 0.243143 0
    outer loop
      vertex 51.6221 -41.4505 2.5
      vertex 51.7068 -41.1126 5.5
      vertex 51.7068 -41.1126 2.5
    endloop
  endfacet
  facet normal -0.96999 0.243143 0
    outer loop
      vertex 51.7068 -41.1126 5.5
      vertex 51.6221 -41.4505 2.5
      vertex 51.6221 -41.4505 5.5
    endloop
  endfacet
  facet normal -0.941599 0.336736 0
    outer loop
      vertex 51.5048 -41.7785 2.5
      vertex 51.6221 -41.4505 5.5
      vertex 51.6221 -41.4505 2.5
    endloop
  endfacet
  facet normal -0.941599 0.336736 0
    outer loop
      vertex 51.6221 -41.4505 5.5
      vertex 51.5048 -41.7785 2.5
      vertex 51.5048 -41.7785 5.5
    endloop
  endfacet
  facet normal -0.903971 0.427593 0
    outer loop
      vertex 51.3558 -42.0935 2.5
      vertex 51.5048 -41.7785 5.5
      vertex 51.5048 -41.7785 2.5
    endloop
  endfacet
  facet normal -0.903971 0.427593 0
    outer loop
      vertex 51.5048 -41.7785 5.5
      vertex 51.3558 -42.0935 2.5
      vertex 51.3558 -42.0935 5.5
    endloop
  endfacet
  facet normal -0.857721 0.514116 0
    outer loop
      vertex 51.1767 -42.3923 2.5
      vertex 51.3558 -42.0935 5.5
      vertex 51.3558 -42.0935 2.5
    endloop
  endfacet
  facet normal -0.857721 0.514116 0
    outer loop
      vertex 51.3558 -42.0935 5.5
      vertex 51.1767 -42.3923 2.5
      vertex 51.1767 -42.3923 5.5
    endloop
  endfacet
  facet normal -0.803227 0.595674 0
    outer loop
      vertex 50.9692 -42.6721 2.5
      vertex 51.1767 -42.3923 5.5
      vertex 51.1767 -42.3923 2.5
    endloop
  endfacet
  facet normal -0.803227 0.595674 0
    outer loop
      vertex 51.1767 -42.3923 5.5
      vertex 50.9692 -42.6721 2.5
      vertex 50.9692 -42.6721 5.5
    endloop
  endfacet
  facet normal -0.740849 0.671672 0
    outer loop
      vertex 50.7352 -42.9302 2.5
      vertex 50.9692 -42.6721 5.5
      vertex 50.9692 -42.6721 2.5
    endloop
  endfacet
  facet normal -0.740849 0.671672 0
    outer loop
      vertex 50.9692 -42.6721 5.5
      vertex 50.7352 -42.9302 2.5
      vertex 50.7352 -42.9302 5.5
    endloop
  endfacet
  facet normal -0.671672 0.740849 0
    outer loop
      vertex 50.7352 -42.9302 2.5
      vertex 50.4771 -43.1642 5.5
      vertex 50.7352 -42.9302 5.5
    endloop
  endfacet
  facet normal -0.671672 0.740849 0
    outer loop
      vertex 50.4771 -43.1642 5.5
      vertex 50.7352 -42.9302 2.5
      vertex 50.4771 -43.1642 2.5
    endloop
  endfacet
  facet normal -0.595674 0.803227 0
    outer loop
      vertex 50.4771 -43.1642 2.5
      vertex 50.1973 -43.3717 5.5
      vertex 50.4771 -43.1642 5.5
    endloop
  endfacet
  facet normal -0.595674 0.803227 0
    outer loop
      vertex 50.1973 -43.3717 5.5
      vertex 50.4771 -43.1642 2.5
      vertex 50.1973 -43.3717 2.5
    endloop
  endfacet
  facet normal -0.514116 0.857721 0
    outer loop
      vertex 50.1973 -43.3717 2.5
      vertex 49.8985 -43.5508 5.5
      vertex 50.1973 -43.3717 5.5
    endloop
  endfacet
  facet normal -0.514116 0.857721 0
    outer loop
      vertex 49.8985 -43.5508 5.5
      vertex 50.1973 -43.3717 2.5
      vertex 49.8985 -43.5508 2.5
    endloop
  endfacet
  facet normal -0.427593 0.903971 0
    outer loop
      vertex 49.8985 -43.5508 2.5
      vertex 49.5835 -43.6998 5.5
      vertex 49.8985 -43.5508 5.5
    endloop
  endfacet
  facet normal -0.427593 0.903971 0
    outer loop
      vertex 49.5835 -43.6998 5.5
      vertex 49.8985 -43.5508 2.5
      vertex 49.5835 -43.6998 2.5
    endloop
  endfacet
  facet normal -0.336736 0.941599 0
    outer loop
      vertex 49.5835 -43.6998 2.5
      vertex 49.2555 -43.8171 5.5
      vertex 49.5835 -43.6998 5.5
    endloop
  endfacet
  facet normal -0.336736 0.941599 0
    outer loop
      vertex 49.2555 -43.8171 5.5
      vertex 49.5835 -43.6998 2.5
      vertex 49.2555 -43.8171 2.5
    endloop
  endfacet
  facet normal -0.243143 0.96999 0
    outer loop
      vertex 49.2555 -43.8171 2.5
      vertex 48.9176 -43.9018 5.5
      vertex 49.2555 -43.8171 5.5
    endloop
  endfacet
  facet normal -0.243143 0.96999 0
    outer loop
      vertex 48.9176 -43.9018 5.5
      vertex 49.2555 -43.8171 2.5
      vertex 48.9176 -43.9018 2.5
    endloop
  endfacet
  facet normal -0.146684 0.989183 0
    outer loop
      vertex 48.9176 -43.9018 2.5
      vertex 48.573 -43.9529 5.5
      vertex 48.9176 -43.9018 5.5
    endloop
  endfacet
  facet normal -0.146684 0.989183 0
    outer loop
      vertex 48.573 -43.9529 5.5
      vertex 48.9176 -43.9018 2.5
      vertex 48.573 -43.9529 2.5
    endloop
  endfacet
  facet normal -0.0490787 0.998795 0
    outer loop
      vertex 48.573 -43.9529 2.5
      vertex 48.225 -43.97 5.5
      vertex 48.573 -43.9529 5.5
    endloop
  endfacet
  facet normal -0.0490787 0.998795 0
    outer loop
      vertex 48.225 -43.97 5.5
      vertex 48.573 -43.9529 2.5
      vertex 48.225 -43.97 2.5
    endloop
  endfacet
  facet normal 0 1 -0
    outer loop
      vertex 48.225 -43.97 2.5
      vertex -48.225 -43.97 5.5
      vertex 48.225 -43.97 5.5
    endloop
  endfacet
  facet normal 0 1 0
    outer loop
      vertex -48.225 -43.97 5.5
      vertex 48.225 -43.97 2.5
      vertex -48.225 -43.97 2.5
    endloop
  endfacet
  facet normal -0.857602 -0.514314 0
    outer loop
      vertex -47.7698 -40.6422 1.49
      vertex -47.8531 -40.5033 2.5
      vertex -47.8531 -40.5033 1.49
    endloop
  endfacet
  facet normal -0.857602 -0.514314 0
    outer loop
      vertex -47.8531 -40.5033 2.5
      vertex -47.7698 -40.6422 1.49
      vertex -47.7698 -40.6422 2.5
    endloop
  endfacet
  facet normal -0.337275 -0.941406 0
    outer loop
      vertex -48.746 -39.841 1.49
      vertex -48.5936 -39.8956 2.5
      vertex -48.746 -39.841 2.5
    endloop
  endfacet
  facet normal -0.337275 -0.941406 -0
    outer loop
      vertex -48.5936 -39.8956 2.5
      vertex -48.746 -39.841 1.49
      vertex -48.5936 -39.8956 1.49
    endloop
  endfacet
  facet normal 0.337275 -0.941406 0
    outer loop
      vertex -49.8564 -39.8956 1.49
      vertex -49.704 -39.841 2.5
      vertex -49.8564 -39.8956 2.5
    endloop
  endfacet
  facet normal 0.337275 -0.941406 0
    outer loop
      vertex -49.704 -39.841 2.5
      vertex -49.8564 -39.8956 1.49
      vertex -49.704 -39.841 1.49
    endloop
  endfacet
  facet normal 0.90409 -0.427343 0
    outer loop
      vertex -50.7494 -40.7886 2.5
      vertex -50.6802 -40.6422 1.49
      vertex -50.6802 -40.6422 2.5
    endloop
  endfacet
  facet normal 0.90409 -0.427343 0
    outer loop
      vertex -50.6802 -40.6422 1.49
      vertex -50.7494 -40.7886 2.5
      vertex -50.7494 -40.7886 1.49
    endloop
  endfacet
  facet normal -0.427343 0.90409 0
    outer loop
      vertex -48.4472 -42.8752 1.49
      vertex -48.5936 -42.9444 2.5
      vertex -48.4472 -42.8752 2.5
    endloop
  endfacet
  facet normal -0.427343 0.90409 0
    outer loop
      vertex -48.5936 -42.9444 2.5
      vertex -48.4472 -42.8752 1.49
      vertex -48.5936 -42.9444 1.49
    endloop
  endfacet
  facet normal 0.146951 -0.989144 0
    outer loop
      vertex -49.5469 -39.8017 1.49
      vertex -49.3867 -39.7779 2.5
      vertex -49.5469 -39.8017 2.5
    endloop
  endfacet
  facet normal 0.146951 -0.989144 0
    outer loop
      vertex -49.3867 -39.7779 2.5
      vertex -49.5469 -39.8017 1.49
      vertex -49.3867 -39.7779 1.49
    endloop
  endfacet
  facet normal 0.595641 -0.803251 0
    outer loop
      vertex -50.2717 -40.1445 1.49
      vertex -50.1417 -40.0481 2.5
      vertex -50.2717 -40.1445 2.5
    endloop
  endfacet
  facet normal 0.595641 -0.803251 0
    outer loop
      vertex -50.1417 -40.0481 2.5
      vertex -50.2717 -40.1445 1.49
      vertex -50.1417 -40.0481 1.49
    endloop
  endfacet
  facet normal -0.970106 0.242681 0
    outer loop
      vertex -47.646 -41.899 1.49
      vertex -47.6067 -41.7419 2.5
      vertex -47.6067 -41.7419 1.49
    endloop
  endfacet
  facet normal -0.970106 0.242681 0
    outer loop
      vertex -47.6067 -41.7419 2.5
      vertex -47.646 -41.899 1.49
      vertex -47.646 -41.899 2.5
    endloop
  endfacet
  facet normal 0.0487977 0.998809 -0
    outer loop
      vertex -49.225 -43.07 1.49
      vertex -49.3867 -43.0621 2.5
      vertex -49.225 -43.07 2.5
    endloop
  endfacet
  facet normal 0.0487977 0.998809 0
    outer loop
      vertex -49.3867 -43.0621 2.5
      vertex -49.225 -43.07 1.49
      vertex -49.3867 -43.0621 1.49
    endloop
  endfacet
  facet normal -0.337275 0.941406 0
    outer loop
      vertex -48.5936 -42.9444 1.49
      vertex -48.746 -42.999 2.5
      vertex -48.5936 -42.9444 2.5
    endloop
  endfacet
  facet normal -0.337275 0.941406 0
    outer loop
      vertex -48.746 -42.999 2.5
      vertex -48.5936 -42.9444 1.49
      vertex -48.746 -42.999 1.49
    endloop
  endfacet
  facet normal -0.989144 -0.146951 0
    outer loop
      vertex -47.5829 -41.2583 1.49
      vertex -47.6067 -41.0981 2.5
      vertex -47.6067 -41.0981 1.49
    endloop
  endfacet
  facet normal -0.989144 -0.146951 0
    outer loop
      vertex -47.6067 -41.0981 2.5
      vertex -47.5829 -41.2583 1.49
      vertex -47.5829 -41.2583 2.5
    endloop
  endfacet
  facet normal -0.803251 -0.595641 0
    outer loop
      vertex -47.8531 -40.5033 1.49
      vertex -47.9495 -40.3733 2.5
      vertex -47.9495 -40.3733 1.49
    endloop
  endfacet
  facet normal -0.803251 -0.595641 0
    outer loop
      vertex -47.9495 -40.3733 2.5
      vertex -47.8531 -40.5033 1.49
      vertex -47.8531 -40.5033 2.5
    endloop
  endfacet
  facet normal -0.671996 -0.740555 0
    outer loop
      vertex -48.1782 -40.1445 1.49
      vertex -48.0583 -40.2533 2.5
      vertex -48.1782 -40.1445 2.5
    endloop
  endfacet
  facet normal -0.671996 -0.740555 -0
    outer loop
      vertex -48.0583 -40.2533 2.5
      vertex -48.1782 -40.1445 1.49
      vertex -48.0583 -40.2533 1.49
    endloop
  endfacet
  facet normal 0.0487977 -0.998809 0
    outer loop
      vertex -49.3867 -39.7779 1.49
      vertex -49.225 -39.77 2.5
      vertex -49.3867 -39.7779 2.5
    endloop
  endfacet
  facet normal 0.0487977 -0.998809 0
    outer loop
      vertex -49.225 -39.77 2.5
      vertex -49.3867 -39.7779 1.49
      vertex -49.225 -39.77 1.49
    endloop
  endfacet
  facet normal -0.146951 -0.989144 0
    outer loop
      vertex -49.0633 -39.7779 1.49
      vertex -48.9031 -39.8017 2.5
      vertex -49.0633 -39.7779 2.5
    endloop
  endfacet
  facet normal -0.146951 -0.989144 -0
    outer loop
      vertex -48.9031 -39.8017 2.5
      vertex -49.0633 -39.7779 1.49
      vertex -48.9031 -39.8017 1.49
    endloop
  endfacet
  facet normal -0.0487977 -0.998809 0
    outer loop
      vertex -49.225 -39.77 1.49
      vertex -49.0633 -39.7779 2.5
      vertex -49.225 -39.77 2.5
    endloop
  endfacet
  facet normal -0.0487977 -0.998809 -0
    outer loop
      vertex -49.0633 -39.7779 2.5
      vertex -49.225 -39.77 1.49
      vertex -49.0633 -39.7779 1.49
    endloop
  endfacet
  facet normal -0.595346 -0.80347 0
    outer loop
      vertex -48.3083 -40.0481 1.49
      vertex -48.1782 -40.1445 2.5
      vertex -48.3083 -40.0481 2.5
    endloop
  endfacet
  facet normal -0.595346 -0.80347 -0
    outer loop
      vertex -48.1782 -40.1445 2.5
      vertex -48.3083 -40.0481 1.49
      vertex -48.1782 -40.1445 1.49
    endloop
  endfacet
  facet normal -0.427343 -0.90409 0
    outer loop
      vertex -48.5936 -39.8956 1.49
      vertex -48.4472 -39.9648 2.5
      vertex -48.5936 -39.8956 2.5
    endloop
  endfacet
  facet normal -0.427343 -0.90409 -0
    outer loop
      vertex -48.4472 -39.9648 2.5
      vertex -48.5936 -39.8956 1.49
      vertex -48.4472 -39.9648 1.49
    endloop
  endfacet
  facet normal -0.514314 -0.857602 0
    outer loop
      vertex -48.4472 -39.9648 1.49
      vertex -48.3083 -40.0481 2.5
      vertex -48.4472 -39.9648 2.5
    endloop
  endfacet
  facet normal -0.514314 -0.857602 -0
    outer loop
      vertex -48.3083 -40.0481 2.5
      vertex -48.4472 -39.9648 1.49
      vertex -48.3083 -40.0481 1.49
    endloop
  endfacet
  facet normal 0.998809 -0.0487977 0
    outer loop
      vertex -50.875 -41.42 2.5
      vertex -50.8671 -41.2583 1.49
      vertex -50.8671 -41.2583 2.5
    endloop
  endfacet
  facet normal 0.998809 -0.0487977 0
    outer loop
      vertex -50.8671 -41.2583 1.49
      vertex -50.875 -41.42 2.5
      vertex -50.875 -41.42 1.49
    endloop
  endfacet
  facet normal 0.941406 -0.337275 0
    outer loop
      vertex -50.804 -40.941 2.5
      vertex -50.7494 -40.7886 1.49
      vertex -50.7494 -40.7886 2.5
    endloop
  endfacet
  facet normal 0.941406 -0.337275 0
    outer loop
      vertex -50.7494 -40.7886 1.49
      vertex -50.804 -40.941 2.5
      vertex -50.804 -40.941 1.49
    endloop
  endfacet
  facet normal 0.970106 -0.242681 0
    outer loop
      vertex -50.8433 -41.0981 2.5
      vertex -50.804 -40.941 1.49
      vertex -50.804 -40.941 2.5
    endloop
  endfacet
  facet normal 0.970106 -0.242681 0
    outer loop
      vertex -50.804 -40.941 1.49
      vertex -50.8433 -41.0981 2.5
      vertex -50.8433 -41.0981 1.49
    endloop
  endfacet
  facet normal 0.989144 -0.146951 0
    outer loop
      vertex -50.8671 -41.2583 2.5
      vertex -50.8433 -41.0981 1.49
      vertex -50.8433 -41.0981 2.5
    endloop
  endfacet
  facet normal 0.989144 -0.146951 0
    outer loop
      vertex -50.8433 -41.0981 1.49
      vertex -50.8671 -41.2583 2.5
      vertex -50.8671 -41.2583 1.49
    endloop
  endfacet
  facet normal 0.740833 -0.671689 0
    outer loop
      vertex -50.5005 -40.3733 2.5
      vertex -50.3917 -40.2533 1.49
      vertex -50.3917 -40.2533 2.5
    endloop
  endfacet
  facet normal 0.740833 -0.671689 0
    outer loop
      vertex -50.3917 -40.2533 1.49
      vertex -50.5005 -40.3733 2.5
      vertex -50.5005 -40.3733 1.49
    endloop
  endfacet
  facet normal 0.803251 -0.595641 0
    outer loop
      vertex -50.5969 -40.5033 2.5
      vertex -50.5005 -40.3733 1.49
      vertex -50.5005 -40.3733 2.5
    endloop
  endfacet
  facet normal 0.803251 -0.595641 0
    outer loop
      vertex -50.5005 -40.3733 1.49
      vertex -50.5969 -40.5033 2.5
      vertex -50.5969 -40.5033 1.49
    endloop
  endfacet
  facet normal 0.242681 -0.970106 0
    outer loop
      vertex -49.704 -39.841 1.49
      vertex -49.5469 -39.8017 2.5
      vertex -49.704 -39.841 2.5
    endloop
  endfacet
  facet normal 0.242681 -0.970106 0
    outer loop
      vertex -49.5469 -39.8017 2.5
      vertex -49.704 -39.841 1.49
      vertex -49.5469 -39.8017 1.49
    endloop
  endfacet
  facet normal 0.427343 -0.90409 0
    outer loop
      vertex -50.0028 -39.9648 1.49
      vertex -49.8564 -39.8956 2.5
      vertex -50.0028 -39.9648 2.5
    endloop
  endfacet
  facet normal 0.427343 -0.90409 0
    outer loop
      vertex -49.8564 -39.8956 2.5
      vertex -50.0028 -39.9648 1.49
      vertex -49.8564 -39.8956 1.49
    endloop
  endfacet
  facet normal 0.514314 -0.857602 0
    outer loop
      vertex -50.1417 -40.0481 1.49
      vertex -50.0028 -39.9648 2.5
      vertex -50.1417 -40.0481 2.5
    endloop
  endfacet
  facet normal 0.514314 -0.857602 0
    outer loop
      vertex -50.0028 -39.9648 2.5
      vertex -50.1417 -40.0481 1.49
      vertex -50.0028 -39.9648 1.49
    endloop
  endfacet
  facet normal 0.671689 -0.740833 0
    outer loop
      vertex -50.3917 -40.2533 1.49
      vertex -50.2717 -40.1445 2.5
      vertex -50.3917 -40.2533 2.5
    endloop
  endfacet
  facet normal 0.671689 -0.740833 0
    outer loop
      vertex -50.2717 -40.1445 2.5
      vertex -50.3917 -40.2533 1.49
      vertex -50.2717 -40.1445 1.49
    endloop
  endfacet
  facet normal -0.998809 -0.0487977 0
    outer loop
      vertex -47.575 -41.42 1.49
      vertex -47.5829 -41.2583 2.5
      vertex -47.5829 -41.2583 1.49
    endloop
  endfacet
  facet normal -0.998809 -0.0487977 0
    outer loop
      vertex -47.5829 -41.2583 2.5
      vertex -47.575 -41.42 1.49
      vertex -47.575 -41.42 2.5
    endloop
  endfacet
  facet normal 0.803251 0.595641 0
    outer loop
      vertex -50.5005 -42.4667 2.5
      vertex -50.5969 -42.3367 1.49
      vertex -50.5969 -42.3367 2.5
    endloop
  endfacet
  facet normal 0.803251 0.595641 0
    outer loop
      vertex -50.5969 -42.3367 1.49
      vertex -50.5005 -42.4667 2.5
      vertex -50.5005 -42.4667 1.49
    endloop
  endfacet
  facet normal 0.970106 0.242681 0
    outer loop
      vertex -50.804 -41.899 2.5
      vertex -50.8433 -41.7419 1.49
      vertex -50.8433 -41.7419 2.5
    endloop
  endfacet
  facet normal 0.970106 0.242681 0
    outer loop
      vertex -50.8433 -41.7419 1.49
      vertex -50.804 -41.899 2.5
      vertex -50.804 -41.899 1.49
    endloop
  endfacet
  facet normal -0.146951 0.989144 0
    outer loop
      vertex -48.9031 -43.0383 1.49
      vertex -49.0633 -43.0621 2.5
      vertex -48.9031 -43.0383 2.5
    endloop
  endfacet
  facet normal -0.146951 0.989144 0
    outer loop
      vertex -49.0633 -43.0621 2.5
      vertex -48.9031 -43.0383 1.49
      vertex -49.0633 -43.0621 1.49
    endloop
  endfacet
  facet normal -0.90409 -0.427343 0
    outer loop
      vertex -47.7006 -40.7886 1.49
      vertex -47.7698 -40.6422 2.5
      vertex -47.7698 -40.6422 1.49
    endloop
  endfacet
  facet normal -0.90409 -0.427343 0
    outer loop
      vertex -47.7698 -40.6422 2.5
      vertex -47.7006 -40.7886 1.49
      vertex -47.7006 -40.7886 2.5
    endloop
  endfacet
  facet normal -0.941406 -0.337275 0
    outer loop
      vertex -47.646 -40.941 1.49
      vertex -47.7006 -40.7886 2.5
      vertex -47.7006 -40.7886 1.49
    endloop
  endfacet
  facet normal -0.941406 -0.337275 0
    outer loop
      vertex -47.7006 -40.7886 2.5
      vertex -47.646 -40.941 1.49
      vertex -47.646 -40.941 2.5
    endloop
  endfacet
  facet normal -0.970106 -0.242681 0
    outer loop
      vertex -47.6067 -41.0981 1.49
      vertex -47.646 -40.941 2.5
      vertex -47.646 -40.941 1.49
    endloop
  endfacet
  facet normal -0.970106 -0.242681 0
    outer loop
      vertex -47.646 -40.941 2.5
      vertex -47.6067 -41.0981 1.49
      vertex -47.6067 -41.0981 2.5
    endloop
  endfacet
  facet normal -0.740833 -0.671689 0
    outer loop
      vertex -47.9495 -40.3733 1.49
      vertex -48.0583 -40.2533 2.5
      vertex -48.0583 -40.2533 1.49
    endloop
  endfacet
  facet normal -0.740833 -0.671689 0
    outer loop
      vertex -48.0583 -40.2533 2.5
      vertex -47.9495 -40.3733 1.49
      vertex -47.9495 -40.3733 2.5
    endloop
  endfacet
  facet normal -0.242681 -0.970106 0
    outer loop
      vertex -48.9031 -39.8017 1.49
      vertex -48.746 -39.841 2.5
      vertex -48.9031 -39.8017 2.5
    endloop
  endfacet
  facet normal -0.242681 -0.970106 -0
    outer loop
      vertex -48.746 -39.841 2.5
      vertex -48.9031 -39.8017 1.49
      vertex -48.746 -39.841 1.49
    endloop
  endfacet
  facet normal 0.857602 -0.514314 0
    outer loop
      vertex -50.6802 -40.6422 2.5
      vertex -50.5969 -40.5033 1.49
      vertex -50.5969 -40.5033 2.5
    endloop
  endfacet
  facet normal 0.857602 -0.514314 0
    outer loop
      vertex -50.5969 -40.5033 1.49
      vertex -50.6802 -40.6422 2.5
      vertex -50.6802 -40.6422 1.49
    endloop
  endfacet
  facet normal -0.989144 0.146951 0
    outer loop
      vertex -47.6067 -41.7419 1.49
      vertex -47.5829 -41.5817 2.5
      vertex -47.5829 -41.5817 1.49
    endloop
  endfacet
  facet normal -0.989144 0.146951 0
    outer loop
      vertex -47.5829 -41.5817 2.5
      vertex -47.6067 -41.7419 1.49
      vertex -47.6067 -41.7419 2.5
    endloop
  endfacet
  facet normal -0.998809 0.0487977 0
    outer loop
      vertex -47.5829 -41.5817 1.49
      vertex -47.575 -41.42 2.5
      vertex -47.575 -41.42 1.49
    endloop
  endfacet
  facet normal -0.998809 0.0487977 0
    outer loop
      vertex -47.575 -41.42 2.5
      vertex -47.5829 -41.5817 1.49
      vertex -47.5829 -41.5817 2.5
    endloop
  endfacet
  facet normal -0.671996 0.740555 0
    outer loop
      vertex -48.0583 -42.5867 1.49
      vertex -48.1782 -42.6955 2.5
      vertex -48.0583 -42.5867 2.5
    endloop
  endfacet
  facet normal -0.671996 0.740555 0
    outer loop
      vertex -48.1782 -42.6955 2.5
      vertex -48.0583 -42.5867 1.49
      vertex -48.1782 -42.6955 1.49
    endloop
  endfacet
  facet normal -0.90409 0.427343 0
    outer loop
      vertex -47.7698 -42.1978 1.49
      vertex -47.7006 -42.0514 2.5
      vertex -47.7006 -42.0514 1.49
    endloop
  endfacet
  facet normal -0.90409 0.427343 0
    outer loop
      vertex -47.7006 -42.0514 2.5
      vertex -47.7698 -42.1978 1.49
      vertex -47.7698 -42.1978 2.5
    endloop
  endfacet
  facet normal -0.803251 0.595641 0
    outer loop
      vertex -47.9495 -42.4667 1.49
      vertex -47.8531 -42.3367 2.5
      vertex -47.8531 -42.3367 1.49
    endloop
  endfacet
  facet normal -0.803251 0.595641 0
    outer loop
      vertex -47.8531 -42.3367 2.5
      vertex -47.9495 -42.4667 1.49
      vertex -47.9495 -42.4667 2.5
    endloop
  endfacet
  facet normal 0.427343 0.90409 -0
    outer loop
      vertex -49.8564 -42.9444 1.49
      vertex -50.0028 -42.8752 2.5
      vertex -49.8564 -42.9444 2.5
    endloop
  endfacet
  facet normal 0.427343 0.90409 0
    outer loop
      vertex -50.0028 -42.8752 2.5
      vertex -49.8564 -42.9444 1.49
      vertex -50.0028 -42.8752 1.49
    endloop
  endfacet
  facet normal 0.998809 0.0487977 0
    outer loop
      vertex -50.8671 -41.5817 2.5
      vertex -50.875 -41.42 1.49
      vertex -50.875 -41.42 2.5
    endloop
  endfacet
  facet normal 0.998809 0.0487977 0
    outer loop
      vertex -50.875 -41.42 1.49
      vertex -50.8671 -41.5817 2.5
      vertex -50.8671 -41.5817 1.49
    endloop
  endfacet
  facet normal 0.941406 0.337275 0
    outer loop
      vertex -50.7494 -42.0514 2.5
      vertex -50.804 -41.899 1.49
      vertex -50.804 -41.899 2.5
    endloop
  endfacet
  facet normal 0.941406 0.337275 0
    outer loop
      vertex -50.804 -41.899 1.49
      vertex -50.7494 -42.0514 2.5
      vertex -50.7494 -42.0514 1.49
    endloop
  endfacet
  facet normal -0.514314 0.857602 0
    outer loop
      vertex -48.3083 -42.7919 1.49
      vertex -48.4472 -42.8752 2.5
      vertex -48.3083 -42.7919 2.5
    endloop
  endfacet
  facet normal -0.514314 0.857602 0
    outer loop
      vertex -48.4472 -42.8752 2.5
      vertex -48.3083 -42.7919 1.49
      vertex -48.4472 -42.8752 1.49
    endloop
  endfacet
  facet normal -0.941406 0.337275 0
    outer loop
      vertex -47.7006 -42.0514 1.49
      vertex -47.646 -41.899 2.5
      vertex -47.646 -41.899 1.49
    endloop
  endfacet
  facet normal -0.941406 0.337275 0
    outer loop
      vertex -47.646 -41.899 2.5
      vertex -47.7006 -42.0514 1.49
      vertex -47.7006 -42.0514 2.5
    endloop
  endfacet
  facet normal -0.857602 0.514314 0
    outer loop
      vertex -47.8531 -42.3367 1.49
      vertex -47.7698 -42.1978 2.5
      vertex -47.7698 -42.1978 1.49
    endloop
  endfacet
  facet normal -0.857602 0.514314 0
    outer loop
      vertex -47.7698 -42.1978 2.5
      vertex -47.8531 -42.3367 1.49
      vertex -47.8531 -42.3367 2.5
    endloop
  endfacet
  facet normal 0.671689 0.740833 -0
    outer loop
      vertex -50.2717 -42.6955 1.49
      vertex -50.3917 -42.5867 2.5
      vertex -50.2717 -42.6955 2.5
    endloop
  endfacet
  facet normal 0.671689 0.740833 0
    outer loop
      vertex -50.3917 -42.5867 2.5
      vertex -50.2717 -42.6955 1.49
      vertex -50.3917 -42.5867 1.49
    endloop
  endfacet
  facet normal -0.0487977 0.998809 0
    outer loop
      vertex -49.0633 -43.0621 1.49
      vertex -49.225 -43.07 2.5
      vertex -49.0633 -43.0621 2.5
    endloop
  endfacet
  facet normal -0.0487977 0.998809 0
    outer loop
      vertex -49.225 -43.07 2.5
      vertex -49.0633 -43.0621 1.49
      vertex -49.225 -43.07 1.49
    endloop
  endfacet
  facet normal 0.595641 0.803251 -0
    outer loop
      vertex -50.1417 -42.7919 1.49
      vertex -50.2717 -42.6955 2.5
      vertex -50.1417 -42.7919 2.5
    endloop
  endfacet
  facet normal 0.595641 0.803251 0
    outer loop
      vertex -50.2717 -42.6955 2.5
      vertex -50.1417 -42.7919 1.49
      vertex -50.2717 -42.6955 1.49
    endloop
  endfacet
  facet normal 0.514314 0.857602 -0
    outer loop
      vertex -50.0028 -42.8752 1.49
      vertex -50.1417 -42.7919 2.5
      vertex -50.0028 -42.8752 2.5
    endloop
  endfacet
  facet normal 0.514314 0.857602 0
    outer loop
      vertex -50.1417 -42.7919 2.5
      vertex -50.0028 -42.8752 1.49
      vertex -50.1417 -42.7919 1.49
    endloop
  endfacet
  facet normal 0.989144 0.146951 0
    outer loop
      vertex -50.8433 -41.7419 2.5
      vertex -50.8671 -41.5817 1.49
      vertex -50.8671 -41.5817 2.5
    endloop
  endfacet
  facet normal 0.989144 0.146951 0
    outer loop
      vertex -50.8671 -41.5817 1.49
      vertex -50.8433 -41.7419 2.5
      vertex -50.8433 -41.7419 1.49
    endloop
  endfacet
  facet normal 0.740833 0.671689 0
    outer loop
      vertex -50.3917 -42.5867 2.5
      vertex -50.5005 -42.4667 1.49
      vertex -50.5005 -42.4667 2.5
    endloop
  endfacet
  facet normal 0.740833 0.671689 0
    outer loop
      vertex -50.5005 -42.4667 1.49
      vertex -50.3917 -42.5867 2.5
      vertex -50.3917 -42.5867 1.49
    endloop
  endfacet
  facet normal 0.857602 0.514314 0
    outer loop
      vertex -50.5969 -42.3367 2.5
      vertex -50.6802 -42.1978 1.49
      vertex -50.6802 -42.1978 2.5
    endloop
  endfacet
  facet normal 0.857602 0.514314 0
    outer loop
      vertex -50.6802 -42.1978 1.49
      vertex -50.5969 -42.3367 2.5
      vertex -50.5969 -42.3367 1.49
    endloop
  endfacet
  facet normal 0.90409 0.427343 0
    outer loop
      vertex -50.6802 -42.1978 2.5
      vertex -50.7494 -42.0514 1.49
      vertex -50.7494 -42.0514 2.5
    endloop
  endfacet
  facet normal 0.90409 0.427343 0
    outer loop
      vertex -50.7494 -42.0514 1.49
      vertex -50.6802 -42.1978 2.5
      vertex -50.6802 -42.1978 1.49
    endloop
  endfacet
  facet normal -0.242681 0.970106 0
    outer loop
      vertex -48.746 -42.999 1.49
      vertex -48.9031 -43.0383 2.5
      vertex -48.746 -42.999 2.5
    endloop
  endfacet
  facet normal -0.242681 0.970106 0
    outer loop
      vertex -48.9031 -43.0383 2.5
      vertex -48.746 -42.999 1.49
      vertex -48.9031 -43.0383 1.49
    endloop
  endfacet
  facet normal -0.595346 0.80347 0
    outer loop
      vertex -48.1782 -42.6955 1.49
      vertex -48.3083 -42.7919 2.5
      vertex -48.1782 -42.6955 2.5
    endloop
  endfacet
  facet normal -0.595346 0.80347 0
    outer loop
      vertex -48.3083 -42.7919 2.5
      vertex -48.1782 -42.6955 1.49
      vertex -48.3083 -42.7919 1.49
    endloop
  endfacet
  facet normal -0.740833 0.671689 0
    outer loop
      vertex -48.0583 -42.5867 1.49
      vertex -47.9495 -42.4667 2.5
      vertex -47.9495 -42.4667 1.49
    endloop
  endfacet
  facet normal -0.740833 0.671689 0
    outer loop
      vertex -47.9495 -42.4667 2.5
      vertex -48.0583 -42.5867 1.49
      vertex -48.0583 -42.5867 2.5
    endloop
  endfacet
  facet normal 0.337275 0.941406 -0
    outer loop
      vertex -49.704 -42.999 1.49
      vertex -49.8564 -42.9444 2.5
      vertex -49.704 -42.999 2.5
    endloop
  endfacet
  facet normal 0.337275 0.941406 0
    outer loop
      vertex -49.8564 -42.9444 2.5
      vertex -49.704 -42.999 1.49
      vertex -49.8564 -42.9444 1.49
    endloop
  endfacet
  facet normal 0.242681 0.970106 -0
    outer loop
      vertex -49.5469 -43.0383 1.49
      vertex -49.704 -42.999 2.5
      vertex -49.5469 -43.0383 2.5
    endloop
  endfacet
  facet normal 0.242681 0.970106 0
    outer loop
      vertex -49.704 -42.999 2.5
      vertex -49.5469 -43.0383 1.49
      vertex -49.704 -42.999 1.49
    endloop
  endfacet
  facet normal 0.146951 0.989144 -0
    outer loop
      vertex -49.3867 -43.0621 1.49
      vertex -49.5469 -43.0383 2.5
      vertex -49.3867 -43.0621 2.5
    endloop
  endfacet
  facet normal 0.146951 0.989144 0
    outer loop
      vertex -49.5469 -43.0383 2.5
      vertex -49.3867 -43.0621 1.49
      vertex -49.5469 -43.0383 1.49
    endloop
  endfacet
  facet normal -0.857602 -0.514314 0
    outer loop
      vertex -47.7698 42.1978 1.49
      vertex -47.8531 42.3367 2.5
      vertex -47.8531 42.3367 1.49
    endloop
  endfacet
  facet normal -0.857602 -0.514314 0
    outer loop
      vertex -47.8531 42.3367 2.5
      vertex -47.7698 42.1978 1.49
      vertex -47.7698 42.1978 2.5
    endloop
  endfacet
  facet normal -0.337275 -0.941406 0
    outer loop
      vertex -48.746 42.999 1.49
      vertex -48.5936 42.9444 2.5
      vertex -48.746 42.999 2.5
    endloop
  endfacet
  facet normal -0.337275 -0.941406 -0
    outer loop
      vertex -48.5936 42.9444 2.5
      vertex -48.746 42.999 1.49
      vertex -48.5936 42.9444 1.49
    endloop
  endfacet
  facet normal 0.337275 -0.941406 0
    outer loop
      vertex -49.8564 42.9444 1.49
      vertex -49.704 42.999 2.5
      vertex -49.8564 42.9444 2.5
    endloop
  endfacet
  facet normal 0.337275 -0.941406 0
    outer loop
      vertex -49.704 42.999 2.5
      vertex -49.8564 42.9444 1.49
      vertex -49.704 42.999 1.49
    endloop
  endfacet
  facet normal 0.90409 -0.427343 0
    outer loop
      vertex -50.7494 42.0514 2.5
      vertex -50.6802 42.1978 1.49
      vertex -50.6802 42.1978 2.5
    endloop
  endfacet
  facet normal 0.90409 -0.427343 0
    outer loop
      vertex -50.6802 42.1978 1.49
      vertex -50.7494 42.0514 2.5
      vertex -50.7494 42.0514 1.49
    endloop
  endfacet
  facet normal -0.998809 0.0487977 0
    outer loop
      vertex -47.5829 41.2583 1.49
      vertex -47.575 41.42 2.5
      vertex -47.575 41.42 1.49
    endloop
  endfacet
  facet normal -0.998809 0.0487977 0
    outer loop
      vertex -47.575 41.42 2.5
      vertex -47.5829 41.2583 1.49
      vertex -47.5829 41.2583 2.5
    endloop
  endfacet
  facet normal -0.427343 0.90409 0
    outer loop
      vertex -48.4472 39.9648 1.49
      vertex -48.5936 39.8956 2.5
      vertex -48.4472 39.9648 2.5
    endloop
  endfacet
  facet normal -0.427343 0.90409 0
    outer loop
      vertex -48.5936 39.8956 2.5
      vertex -48.4472 39.9648 1.49
      vertex -48.5936 39.8956 1.49
    endloop
  endfacet
  facet normal 0.595641 -0.803251 0
    outer loop
      vertex -50.2717 42.6955 1.49
      vertex -50.1417 42.7919 2.5
      vertex -50.2717 42.6955 2.5
    endloop
  endfacet
  facet normal 0.595641 -0.803251 0
    outer loop
      vertex -50.1417 42.7919 2.5
      vertex -50.2717 42.6955 1.49
      vertex -50.1417 42.7919 1.49
    endloop
  endfacet
  facet normal 0.427343 0.90409 -0
    outer loop
      vertex -49.8564 39.8956 1.49
      vertex -50.0028 39.9648 2.5
      vertex -49.8564 39.8956 2.5
    endloop
  endfacet
  facet normal 0.427343 0.90409 0
    outer loop
      vertex -50.0028 39.9648 2.5
      vertex -49.8564 39.8956 1.49
      vertex -50.0028 39.9648 1.49
    endloop
  endfacet
  facet normal -0.989144 -0.146951 0
    outer loop
      vertex -47.5829 41.5817 1.49
      vertex -47.6067 41.7419 2.5
      vertex -47.6067 41.7419 1.49
    endloop
  endfacet
  facet normal -0.989144 -0.146951 0
    outer loop
      vertex -47.6067 41.7419 2.5
      vertex -47.5829 41.5817 1.49
      vertex -47.5829 41.5817 2.5
    endloop
  endfacet
  facet normal -0.803251 -0.595641 0
    outer loop
      vertex -47.8531 42.3367 1.49
      vertex -47.9495 42.4667 2.5
      vertex -47.9495 42.4667 1.49
    endloop
  endfacet
  facet normal -0.803251 -0.595641 0
    outer loop
      vertex -47.9495 42.4667 2.5
      vertex -47.8531 42.3367 1.49
      vertex -47.8531 42.3367 2.5
    endloop
  endfacet
  facet normal -0.671996 -0.740555 0
    outer loop
      vertex -48.1782 42.6955 1.49
      vertex -48.0583 42.5867 2.5
      vertex -48.1782 42.6955 2.5
    endloop
  endfacet
  facet normal -0.671996 -0.740555 -0
    outer loop
      vertex -48.0583 42.5867 2.5
      vertex -48.1782 42.6955 1.49
      vertex -48.0583 42.5867 1.49
    endloop
  endfacet
  facet normal 0.0487977 -0.998809 0
    outer loop
      vertex -49.3867 43.0621 1.49
      vertex -49.225 43.07 2.5
      vertex -49.3867 43.0621 2.5
    endloop
  endfacet
  facet normal 0.0487977 -0.998809 0
    outer loop
      vertex -49.225 43.07 2.5
      vertex -49.3867 43.0621 1.49
      vertex -49.225 43.07 1.49
    endloop
  endfacet
  facet normal -0.146951 -0.989144 0
    outer loop
      vertex -49.0633 43.0621 1.49
      vertex -48.9031 43.0383 2.5
      vertex -49.0633 43.0621 2.5
    endloop
  endfacet
  facet normal -0.146951 -0.989144 -0
    outer loop
      vertex -48.9031 43.0383 2.5
      vertex -49.0633 43.0621 1.49
      vertex -48.9031 43.0383 1.49
    endloop
  endfacet
  facet normal -0.0487977 -0.998809 0
    outer loop
      vertex -49.225 43.07 1.49
      vertex -49.0633 43.0621 2.5
      vertex -49.225 43.07 2.5
    endloop
  endfacet
  facet normal -0.0487977 -0.998809 -0
    outer loop
      vertex -49.0633 43.0621 2.5
      vertex -49.225 43.07 1.49
      vertex -49.0633 43.0621 1.49
    endloop
  endfacet
  facet normal -0.595346 -0.80347 0
    outer loop
      vertex -48.3083 42.7919 1.49
      vertex -48.1782 42.6955 2.5
      vertex -48.3083 42.7919 2.5
    endloop
  endfacet
  facet normal -0.595346 -0.80347 -0
    outer loop
      vertex -48.1782 42.6955 2.5
      vertex -48.3083 42.7919 1.49
      vertex -48.1782 42.6955 1.49
    endloop
  endfacet
  facet normal -0.514314 -0.857602 0
    outer loop
      vertex -48.4472 42.8752 1.49
      vertex -48.3083 42.7919 2.5
      vertex -48.4472 42.8752 2.5
    endloop
  endfacet
  facet normal -0.514314 -0.857602 -0
    outer loop
      vertex -48.3083 42.7919 2.5
      vertex -48.4472 42.8752 1.49
      vertex -48.3083 42.7919 1.49
    endloop
  endfacet
  facet normal 0.998809 -0.0487977 0
    outer loop
      vertex -50.875 41.42 2.5
      vertex -50.8671 41.5817 1.49
      vertex -50.8671 41.5817 2.5
    endloop
  endfacet
  facet normal 0.998809 -0.0487977 0
    outer loop
      vertex -50.8671 41.5817 1.49
      vertex -50.875 41.42 2.5
      vertex -50.875 41.42 1.49
    endloop
  endfacet
  facet normal 0.970106 -0.242681 0
    outer loop
      vertex -50.8433 41.7419 2.5
      vertex -50.804 41.899 1.49
      vertex -50.804 41.899 2.5
    endloop
  endfacet
  facet normal 0.970106 -0.242681 0
    outer loop
      vertex -50.804 41.899 1.49
      vertex -50.8433 41.7419 2.5
      vertex -50.8433 41.7419 1.49
    endloop
  endfacet
  facet normal 0.740833 -0.671689 0
    outer loop
      vertex -50.5005 42.4667 2.5
      vertex -50.3917 42.5867 1.49
      vertex -50.3917 42.5867 2.5
    endloop
  endfacet
  facet normal 0.740833 -0.671689 0
    outer loop
      vertex -50.3917 42.5867 1.49
      vertex -50.5005 42.4667 2.5
      vertex -50.5005 42.4667 1.49
    endloop
  endfacet
  facet normal 0.857602 -0.514314 0
    outer loop
      vertex -50.6802 42.1978 2.5
      vertex -50.5969 42.3367 1.49
      vertex -50.5969 42.3367 2.5
    endloop
  endfacet
  facet normal 0.857602 -0.514314 0
    outer loop
      vertex -50.5969 42.3367 1.49
      vertex -50.6802 42.1978 2.5
      vertex -50.6802 42.1978 1.49
    endloop
  endfacet
  facet normal 0.803251 -0.595641 0
    outer loop
      vertex -50.5969 42.3367 2.5
      vertex -50.5005 42.4667 1.49
      vertex -50.5005 42.4667 2.5
    endloop
  endfacet
  facet normal 0.803251 -0.595641 0
    outer loop
      vertex -50.5005 42.4667 1.49
      vertex -50.5969 42.3367 2.5
      vertex -50.5969 42.3367 1.49
    endloop
  endfacet
  facet normal 0.146951 -0.989144 0
    outer loop
      vertex -49.5469 43.0383 1.49
      vertex -49.3867 43.0621 2.5
      vertex -49.5469 43.0383 2.5
    endloop
  endfacet
  facet normal 0.146951 -0.989144 0
    outer loop
      vertex -49.3867 43.0621 2.5
      vertex -49.5469 43.0383 1.49
      vertex -49.3867 43.0621 1.49
    endloop
  endfacet
  facet normal 0.242681 -0.970106 0
    outer loop
      vertex -49.704 42.999 1.49
      vertex -49.5469 43.0383 2.5
      vertex -49.704 42.999 2.5
    endloop
  endfacet
  facet normal 0.242681 -0.970106 0
    outer loop
      vertex -49.5469 43.0383 2.5
      vertex -49.704 42.999 1.49
      vertex -49.5469 43.0383 1.49
    endloop
  endfacet
  facet normal 0.427343 -0.90409 0
    outer loop
      vertex -50.0028 42.8752 1.49
      vertex -49.8564 42.9444 2.5
      vertex -50.0028 42.8752 2.5
    endloop
  endfacet
  facet normal 0.427343 -0.90409 0
    outer loop
      vertex -49.8564 42.9444 2.5
      vertex -50.0028 42.8752 1.49
      vertex -49.8564 42.9444 1.49
    endloop
  endfacet
  facet normal 0.514314 -0.857602 0
    outer loop
      vertex -50.1417 42.7919 1.49
      vertex -50.0028 42.8752 2.5
      vertex -50.1417 42.7919 2.5
    endloop
  endfacet
  facet normal 0.514314 -0.857602 0
    outer loop
      vertex -50.0028 42.8752 2.5
      vertex -50.1417 42.7919 1.49
      vertex -50.0028 42.8752 1.49
    endloop
  endfacet
  facet normal 0.671689 -0.740833 0
    outer loop
      vertex -50.3917 42.5867 1.49
      vertex -50.2717 42.6955 2.5
      vertex -50.3917 42.5867 2.5
    endloop
  endfacet
  facet normal 0.671689 -0.740833 0
    outer loop
      vertex -50.2717 42.6955 2.5
      vertex -50.3917 42.5867 1.49
      vertex -50.2717 42.6955 1.49
    endloop
  endfacet
  facet normal -0.998809 -0.0487977 0
    outer loop
      vertex -47.575 41.42 1.49
      vertex -47.5829 41.5817 2.5
      vertex -47.5829 41.5817 1.49
    endloop
  endfacet
  facet normal -0.998809 -0.0487977 0
    outer loop
      vertex -47.5829 41.5817 2.5
      vertex -47.575 41.42 1.49
      vertex -47.575 41.42 2.5
    endloop
  endfacet
  facet normal -0.857602 0.514314 0
    outer loop
      vertex -47.8531 40.5033 1.49
      vertex -47.7698 40.6422 2.5
      vertex -47.7698 40.6422 1.49
    endloop
  endfacet
  facet normal -0.857602 0.514314 0
    outer loop
      vertex -47.7698 40.6422 2.5
      vertex -47.8531 40.5033 1.49
      vertex -47.8531 40.5033 2.5
    endloop
  endfacet
  facet normal 0.740833 0.671689 0
    outer loop
      vertex -50.3917 40.2533 2.5
      vertex -50.5005 40.3733 1.49
      vertex -50.5005 40.3733 2.5
    endloop
  endfacet
  facet normal 0.740833 0.671689 0
    outer loop
      vertex -50.5005 40.3733 1.49
      vertex -50.3917 40.2533 2.5
      vertex -50.3917 40.2533 1.49
    endloop
  endfacet
  facet normal -0.146951 0.989144 0
    outer loop
      vertex -48.9031 39.8017 1.49
      vertex -49.0633 39.7779 2.5
      vertex -48.9031 39.8017 2.5
    endloop
  endfacet
  facet normal -0.146951 0.989144 0
    outer loop
      vertex -49.0633 39.7779 2.5
      vertex -48.9031 39.8017 1.49
      vertex -49.0633 39.7779 1.49
    endloop
  endfacet
  facet normal -0.90409 -0.427343 0
    outer loop
      vertex -47.7006 42.0514 1.49
      vertex -47.7698 42.1978 2.5
      vertex -47.7698 42.1978 1.49
    endloop
  endfacet
  facet normal -0.90409 -0.427343 0
    outer loop
      vertex -47.7698 42.1978 2.5
      vertex -47.7006 42.0514 1.49
      vertex -47.7006 42.0514 2.5
    endloop
  endfacet
  facet normal -0.941406 -0.337275 0
    outer loop
      vertex -47.646 41.899 1.49
      vertex -47.7006 42.0514 2.5
      vertex -47.7006 42.0514 1.49
    endloop
  endfacet
  facet normal -0.941406 -0.337275 0
    outer loop
      vertex -47.7006 42.0514 2.5
      vertex -47.646 41.899 1.49
      vertex -47.646 41.899 2.5
    endloop
  endfacet
  facet normal -0.970106 -0.242681 0
    outer loop
      vertex -47.6067 41.7419 1.49
      vertex -47.646 41.899 2.5
      vertex -47.646 41.899 1.49
    endloop
  endfacet
  facet normal -0.970106 -0.242681 0
    outer loop
      vertex -47.646 41.899 2.5
      vertex -47.6067 41.7419 1.49
      vertex -47.6067 41.7419 2.5
    endloop
  endfacet
  facet normal -0.740833 -0.671689 0
    outer loop
      vertex -47.9495 42.4667 1.49
      vertex -48.0583 42.5867 2.5
      vertex -48.0583 42.5867 1.49
    endloop
  endfacet
  facet normal -0.740833 -0.671689 0
    outer loop
      vertex -48.0583 42.5867 2.5
      vertex -47.9495 42.4667 1.49
      vertex -47.9495 42.4667 2.5
    endloop
  endfacet
  facet normal -0.242681 -0.970106 0
    outer loop
      vertex -48.9031 43.0383 1.49
      vertex -48.746 42.999 2.5
      vertex -48.9031 43.0383 2.5
    endloop
  endfacet
  facet normal -0.242681 -0.970106 -0
    outer loop
      vertex -48.746 42.999 2.5
      vertex -48.9031 43.0383 1.49
      vertex -48.746 42.999 1.49
    endloop
  endfacet
  facet normal -0.427343 -0.90409 0
    outer loop
      vertex -48.5936 42.9444 1.49
      vertex -48.4472 42.8752 2.5
      vertex -48.5936 42.9444 2.5
    endloop
  endfacet
  facet normal -0.427343 -0.90409 -0
    outer loop
      vertex -48.4472 42.8752 2.5
      vertex -48.5936 42.9444 1.49
      vertex -48.4472 42.8752 1.49
    endloop
  endfacet
  facet normal 0.989144 -0.146951 0
    outer loop
      vertex -50.8671 41.5817 2.5
      vertex -50.8433 41.7419 1.49
      vertex -50.8433 41.7419 2.5
    endloop
  endfacet
  facet normal 0.989144 -0.146951 0
    outer loop
      vertex -50.8433 41.7419 1.49
      vertex -50.8671 41.5817 2.5
      vertex -50.8671 41.5817 1.49
    endloop
  endfacet
  facet normal 0.941406 -0.337275 0
    outer loop
      vertex -50.804 41.899 2.5
      vertex -50.7494 42.0514 1.49
      vertex -50.7494 42.0514 2.5
    endloop
  endfacet
  facet normal 0.941406 -0.337275 0
    outer loop
      vertex -50.7494 42.0514 1.49
      vertex -50.804 41.899 2.5
      vertex -50.804 41.899 1.49
    endloop
  endfacet
  facet normal -0.989144 0.146951 0
    outer loop
      vertex -47.6067 41.0981 1.49
      vertex -47.5829 41.2583 2.5
      vertex -47.5829 41.2583 1.49
    endloop
  endfacet
  facet normal -0.989144 0.146951 0
    outer loop
      vertex -47.5829 41.2583 2.5
      vertex -47.6067 41.0981 1.49
      vertex -47.6067 41.0981 2.5
    endloop
  endfacet
  facet normal -0.970106 0.242681 0
    outer loop
      vertex -47.646 40.941 1.49
      vertex -47.6067 41.0981 2.5
      vertex -47.6067 41.0981 1.49
    endloop
  endfacet
  facet normal -0.970106 0.242681 0
    outer loop
      vertex -47.6067 41.0981 2.5
      vertex -47.646 40.941 1.49
      vertex -47.646 40.941 2.5
    endloop
  endfacet
  facet normal -0.90409 0.427343 0
    outer loop
      vertex -47.7698 40.6422 1.49
      vertex -47.7006 40.7886 2.5
      vertex -47.7006 40.7886 1.49
    endloop
  endfacet
  facet normal -0.90409 0.427343 0
    outer loop
      vertex -47.7006 40.7886 2.5
      vertex -47.7698 40.6422 1.49
      vertex -47.7698 40.6422 2.5
    endloop
  endfacet
  facet normal 0.595641 0.803251 -0
    outer loop
      vertex -50.1417 40.0481 1.49
      vertex -50.2717 40.1445 2.5
      vertex -50.1417 40.0481 2.5
    endloop
  endfacet
  facet normal 0.595641 0.803251 0
    outer loop
      vertex -50.2717 40.1445 2.5
      vertex -50.1417 40.0481 1.49
      vertex -50.2717 40.1445 1.49
    endloop
  endfacet
  facet normal 0.146951 0.989144 -0
    outer loop
      vertex -49.3867 39.7779 1.49
      vertex -49.5469 39.8017 2.5
      vertex -49.3867 39.7779 2.5
    endloop
  endfacet
  facet normal 0.146951 0.989144 0
    outer loop
      vertex -49.5469 39.8017 2.5
      vertex -49.3867 39.7779 1.49
      vertex -49.5469 39.8017 1.49
    endloop
  endfacet
  facet normal 0.998809 0.0487977 0
    outer loop
      vertex -50.8671 41.2583 2.5
      vertex -50.875 41.42 1.49
      vertex -50.875 41.42 2.5
    endloop
  endfacet
  facet normal 0.998809 0.0487977 0
    outer loop
      vertex -50.875 41.42 1.49
      vertex -50.8671 41.2583 2.5
      vertex -50.8671 41.2583 1.49
    endloop
  endfacet
  facet normal 0.941406 0.337275 0
    outer loop
      vertex -50.7494 40.7886 2.5
      vertex -50.804 40.941 1.49
      vertex -50.804 40.941 2.5
    endloop
  endfacet
  facet normal 0.941406 0.337275 0
    outer loop
      vertex -50.804 40.941 1.49
      vertex -50.7494 40.7886 2.5
      vertex -50.7494 40.7886 1.49
    endloop
  endfacet
  facet normal -0.514314 0.857602 0
    outer loop
      vertex -48.3083 40.0481 1.49
      vertex -48.4472 39.9648 2.5
      vertex -48.3083 40.0481 2.5
    endloop
  endfacet
  facet normal -0.514314 0.857602 0
    outer loop
      vertex -48.4472 39.9648 2.5
      vertex -48.3083 40.0481 1.49
      vertex -48.4472 39.9648 1.49
    endloop
  endfacet
  facet normal -0.671996 0.740555 0
    outer loop
      vertex -48.0583 40.2533 1.49
      vertex -48.1782 40.1445 2.5
      vertex -48.0583 40.2533 2.5
    endloop
  endfacet
  facet normal -0.671996 0.740555 0
    outer loop
      vertex -48.1782 40.1445 2.5
      vertex -48.0583 40.2533 1.49
      vertex -48.1782 40.1445 1.49
    endloop
  endfacet
  facet normal -0.803251 0.595641 0
    outer loop
      vertex -47.9495 40.3733 1.49
      vertex -47.8531 40.5033 2.5
      vertex -47.8531 40.5033 1.49
    endloop
  endfacet
  facet normal -0.803251 0.595641 0
    outer loop
      vertex -47.8531 40.5033 2.5
      vertex -47.9495 40.3733 1.49
      vertex -47.9495 40.3733 2.5
    endloop
  endfacet
  facet normal -0.941406 0.337275 0
    outer loop
      vertex -47.7006 40.7886 1.49
      vertex -47.646 40.941 2.5
      vertex -47.646 40.941 1.49
    endloop
  endfacet
  facet normal -0.941406 0.337275 0
    outer loop
      vertex -47.646 40.941 2.5
      vertex -47.7006 40.7886 1.49
      vertex -47.7006 40.7886 2.5
    endloop
  endfacet
  facet normal 0.0487977 0.998809 -0
    outer loop
      vertex -49.225 39.77 1.49
      vertex -49.3867 39.7779 2.5
      vertex -49.225 39.77 2.5
    endloop
  endfacet
  facet normal 0.0487977 0.998809 0
    outer loop
      vertex -49.3867 39.7779 2.5
      vertex -49.225 39.77 1.49
      vertex -49.3867 39.7779 1.49
    endloop
  endfacet
  facet normal -0.0487977 0.998809 0
    outer loop
      vertex -49.0633 39.7779 1.49
      vertex -49.225 39.77 2.5
      vertex -49.0633 39.7779 2.5
    endloop
  endfacet
  facet normal -0.0487977 0.998809 0
    outer loop
      vertex -49.225 39.77 2.5
      vertex -49.0633 39.7779 1.49
      vertex -49.225 39.77 1.49
    endloop
  endfacet
  facet normal 0.970106 0.242681 0
    outer loop
      vertex -50.804 40.941 2.5
      vertex -50.8433 41.0981 1.49
      vertex -50.8433 41.0981 2.5
    endloop
  endfacet
  facet normal 0.970106 0.242681 0
    outer loop
      vertex -50.8433 41.0981 1.49
      vertex -50.804 40.941 2.5
      vertex -50.804 40.941 1.49
    endloop
  endfacet
  facet normal 0.989144 0.146951 0
    outer loop
      vertex -50.8433 41.0981 2.5
      vertex -50.8671 41.2583 1.49
      vertex -50.8671 41.2583 2.5
    endloop
  endfacet
  facet normal 0.989144 0.146951 0
    outer loop
      vertex -50.8671 41.2583 1.49
      vertex -50.8433 41.0981 2.5
      vertex -50.8433 41.0981 1.49
    endloop
  endfacet
  facet normal 0.90409 0.427343 0
    outer loop
      vertex -50.6802 40.6422 2.5
      vertex -50.7494 40.7886 1.49
      vertex -50.7494 40.7886 2.5
    endloop
  endfacet
  facet normal 0.90409 0.427343 0
    outer loop
      vertex -50.7494 40.7886 1.49
      vertex -50.6802 40.6422 2.5
      vertex -50.6802 40.6422 1.49
    endloop
  endfacet
  facet normal 0.671689 0.740833 -0
    outer loop
      vertex -50.2717 40.1445 1.49
      vertex -50.3917 40.2533 2.5
      vertex -50.2717 40.1445 2.5
    endloop
  endfacet
  facet normal 0.671689 0.740833 0
    outer loop
      vertex -50.3917 40.2533 2.5
      vertex -50.2717 40.1445 1.49
      vertex -50.3917 40.2533 1.49
    endloop
  endfacet
  facet normal 0.857602 0.514314 0
    outer loop
      vertex -50.5969 40.5033 2.5
      vertex -50.6802 40.6422 1.49
      vertex -50.6802 40.6422 2.5
    endloop
  endfacet
  facet normal 0.857602 0.514314 0
    outer loop
      vertex -50.6802 40.6422 1.49
      vertex -50.5969 40.5033 2.5
      vertex -50.5969 40.5033 1.49
    endloop
  endfacet
  facet normal 0.803251 0.595641 0
    outer loop
      vertex -50.5005 40.3733 2.5
      vertex -50.5969 40.5033 1.49
      vertex -50.5969 40.5033 2.5
    endloop
  endfacet
  facet normal 0.803251 0.595641 0
    outer loop
      vertex -50.5969 40.5033 1.49
      vertex -50.5005 40.3733 2.5
      vertex -50.5005 40.3733 1.49
    endloop
  endfacet
  facet normal -0.595346 0.80347 0
    outer loop
      vertex -48.1782 40.1445 1.49
      vertex -48.3083 40.0481 2.5
      vertex -48.1782 40.1445 2.5
    endloop
  endfacet
  facet normal -0.595346 0.80347 0
    outer loop
      vertex -48.3083 40.0481 2.5
      vertex -48.1782 40.1445 1.49
      vertex -48.3083 40.0481 1.49
    endloop
  endfacet
  facet normal -0.740833 0.671689 0
    outer loop
      vertex -48.0583 40.2533 1.49
      vertex -47.9495 40.3733 2.5
      vertex -47.9495 40.3733 1.49
    endloop
  endfacet
  facet normal -0.740833 0.671689 0
    outer loop
      vertex -47.9495 40.3733 2.5
      vertex -48.0583 40.2533 1.49
      vertex -48.0583 40.2533 2.5
    endloop
  endfacet
  facet normal 0.242681 0.970106 -0
    outer loop
      vertex -49.5469 39.8017 1.49
      vertex -49.704 39.841 2.5
      vertex -49.5469 39.8017 2.5
    endloop
  endfacet
  facet normal 0.242681 0.970106 0
    outer loop
      vertex -49.704 39.841 2.5
      vertex -49.5469 39.8017 1.49
      vertex -49.704 39.841 1.49
    endloop
  endfacet
  facet normal 0.514314 0.857602 -0
    outer loop
      vertex -50.0028 39.9648 1.49
      vertex -50.1417 40.0481 2.5
      vertex -50.0028 39.9648 2.5
    endloop
  endfacet
  facet normal 0.514314 0.857602 0
    outer loop
      vertex -50.1417 40.0481 2.5
      vertex -50.0028 39.9648 1.49
      vertex -50.1417 40.0481 1.49
    endloop
  endfacet
  facet normal -0.337275 0.941406 0
    outer loop
      vertex -48.5936 39.8956 1.49
      vertex -48.746 39.841 2.5
      vertex -48.5936 39.8956 2.5
    endloop
  endfacet
  facet normal -0.337275 0.941406 0
    outer loop
      vertex -48.746 39.841 2.5
      vertex -48.5936 39.8956 1.49
      vertex -48.746 39.841 1.49
    endloop
  endfacet
  facet normal -0.242681 0.970106 0
    outer loop
      vertex -48.746 39.841 1.49
      vertex -48.9031 39.8017 2.5
      vertex -48.746 39.841 2.5
    endloop
  endfacet
  facet normal -0.242681 0.970106 0
    outer loop
      vertex -48.9031 39.8017 2.5
      vertex -48.746 39.841 1.49
      vertex -48.9031 39.8017 1.49
    endloop
  endfacet
  facet normal 0.337275 0.941406 -0
    outer loop
      vertex -49.704 39.841 1.49
      vertex -49.8564 39.8956 2.5
      vertex -49.704 39.841 2.5
    endloop
  endfacet
  facet normal 0.337275 0.941406 0
    outer loop
      vertex -49.8564 39.8956 2.5
      vertex -49.704 39.841 1.49
      vertex -49.8564 39.8956 1.49
    endloop
  endfacet
  facet normal -0.595641 -0.803251 0
    outer loop
      vertex 50.1417 -40.0481 1.49
      vertex 50.2717 -40.1445 2.5
      vertex 50.1417 -40.0481 2.5
    endloop
  endfacet
  facet normal -0.595641 -0.803251 -0
    outer loop
      vertex 50.2717 -40.1445 2.5
      vertex 50.1417 -40.0481 1.49
      vertex 50.2717 -40.1445 1.49
    endloop
  endfacet
  facet normal -0.998809 0.0487977 0
    outer loop
      vertex 50.8671 -41.5817 1.49
      vertex 50.875 -41.42 2.5
      vertex 50.875 -41.42 1.49
    endloop
  endfacet
  facet normal -0.998809 0.0487977 0
    outer loop
      vertex 50.875 -41.42 2.5
      vertex 50.8671 -41.5817 1.49
      vertex 50.8671 -41.5817 2.5
    endloop
  endfacet
  facet normal 0.427343 -0.90409 0
    outer loop
      vertex 48.4472 -39.9648 1.49
      vertex 48.5936 -39.8956 2.5
      vertex 48.4472 -39.9648 2.5
    endloop
  endfacet
  facet normal 0.427343 -0.90409 0
    outer loop
      vertex 48.5936 -39.8956 2.5
      vertex 48.4472 -39.9648 1.49
      vertex 48.5936 -39.8956 1.49
    endloop
  endfacet
  facet normal 0.941406 -0.337275 0
    outer loop
      vertex 47.646 -40.941 2.5
      vertex 47.7006 -40.7886 1.49
      vertex 47.7006 -40.7886 2.5
    endloop
  endfacet
  facet normal 0.941406 -0.337275 0
    outer loop
      vertex 47.7006 -40.7886 1.49
      vertex 47.646 -40.941 2.5
      vertex 47.646 -40.941 1.49
    endloop
  endfacet
  facet normal -0.90409 -0.427343 0
    outer loop
      vertex 50.7494 -40.7886 1.49
      vertex 50.6802 -40.6422 2.5
      vertex 50.6802 -40.6422 1.49
    endloop
  endfacet
  facet normal -0.90409 -0.427343 0
    outer loop
      vertex 50.6802 -40.6422 2.5
      vertex 50.7494 -40.7886 1.49
      vertex 50.7494 -40.7886 2.5
    endloop
  endfacet
  facet normal -0.857602 -0.514314 0
    outer loop
      vertex 50.6802 -40.6422 1.49
      vertex 50.5969 -40.5033 2.5
      vertex 50.5969 -40.5033 1.49
    endloop
  endfacet
  facet normal -0.857602 -0.514314 0
    outer loop
      vertex 50.5969 -40.5033 2.5
      vertex 50.6802 -40.6422 1.49
      vertex 50.6802 -40.6422 2.5
    endloop
  endfacet
  facet normal -0.337275 -0.941406 0
    outer loop
      vertex 49.704 -39.841 1.49
      vertex 49.8564 -39.8956 2.5
      vertex 49.704 -39.841 2.5
    endloop
  endfacet
  facet normal -0.337275 -0.941406 -0
    outer loop
      vertex 49.8564 -39.8956 2.5
      vertex 49.704 -39.841 1.49
      vertex 49.8564 -39.8956 1.49
    endloop
  endfacet
  facet normal 0.998809 -0.0487977 0
    outer loop
      vertex 47.575 -41.42 2.5
      vertex 47.5829 -41.2583 1.49
      vertex 47.5829 -41.2583 2.5
    endloop
  endfacet
  facet normal 0.998809 -0.0487977 0
    outer loop
      vertex 47.5829 -41.2583 1.49
      vertex 47.575 -41.42 2.5
      vertex 47.575 -41.42 1.49
    endloop
  endfacet
  facet normal 0.803251 -0.595641 0
    outer loop
      vertex 47.8531 -40.5033 2.5
      vertex 47.9495 -40.3733 1.49
      vertex 47.9495 -40.3733 2.5
    endloop
  endfacet
  facet normal 0.803251 -0.595641 0
    outer loop
      vertex 47.9495 -40.3733 1.49
      vertex 47.8531 -40.5033 2.5
      vertex 47.8531 -40.5033 1.49
    endloop
  endfacet
  facet normal 0.242681 -0.970106 0
    outer loop
      vertex 48.746 -39.841 1.49
      vertex 48.9031 -39.8017 2.5
      vertex 48.746 -39.841 2.5
    endloop
  endfacet
  facet normal 0.242681 -0.970106 0
    outer loop
      vertex 48.9031 -39.8017 2.5
      vertex 48.746 -39.841 1.49
      vertex 48.9031 -39.8017 1.49
    endloop
  endfacet
  facet normal 0.0487977 0.998809 -0
    outer loop
      vertex 49.225 -43.07 1.49
      vertex 49.0633 -43.0621 2.5
      vertex 49.225 -43.07 2.5
    endloop
  endfacet
  facet normal 0.0487977 0.998809 0
    outer loop
      vertex 49.0633 -43.0621 2.5
      vertex 49.225 -43.07 1.49
      vertex 49.0633 -43.0621 1.49
    endloop
  endfacet
  facet normal 0.595346 0.80347 -0
    outer loop
      vertex 48.3083 -42.7919 1.49
      vertex 48.1782 -42.6955 2.5
      vertex 48.3083 -42.7919 2.5
    endloop
  endfacet
  facet normal 0.595346 0.80347 0
    outer loop
      vertex 48.1782 -42.6955 2.5
      vertex 48.3083 -42.7919 1.49
      vertex 48.1782 -42.6955 1.49
    endloop
  endfacet
  facet normal 0.970106 0.242681 0
    outer loop
      vertex 47.646 -41.899 2.5
      vertex 47.6067 -41.7419 1.49
      vertex 47.6067 -41.7419 2.5
    endloop
  endfacet
  facet normal 0.970106 0.242681 0
    outer loop
      vertex 47.6067 -41.7419 1.49
      vertex 47.646 -41.899 2.5
      vertex 47.646 -41.899 1.49
    endloop
  endfacet
  facet normal 0.740833 0.671689 0
    outer loop
      vertex 48.0583 -42.5867 2.5
      vertex 47.9495 -42.4667 1.49
      vertex 47.9495 -42.4667 2.5
    endloop
  endfacet
  facet normal 0.740833 0.671689 0
    outer loop
      vertex 47.9495 -42.4667 1.49
      vertex 48.0583 -42.5867 2.5
      vertex 48.0583 -42.5867 1.49
    endloop
  endfacet
  facet normal -0.970106 -0.242681 0
    outer loop
      vertex 50.8433 -41.0981 1.49
      vertex 50.804 -40.941 2.5
      vertex 50.804 -40.941 1.49
    endloop
  endfacet
  facet normal -0.970106 -0.242681 0
    outer loop
      vertex 50.804 -40.941 2.5
      vertex 50.8433 -41.0981 1.49
      vertex 50.8433 -41.0981 2.5
    endloop
  endfacet
  facet normal -0.941406 -0.337275 0
    outer loop
      vertex 50.804 -40.941 1.49
      vertex 50.7494 -40.7886 2.5
      vertex 50.7494 -40.7886 1.49
    endloop
  endfacet
  facet normal -0.941406 -0.337275 0
    outer loop
      vertex 50.7494 -40.7886 2.5
      vertex 50.804 -40.941 1.49
      vertex 50.804 -40.941 2.5
    endloop
  endfacet
  facet normal -0.740833 -0.671689 0
    outer loop
      vertex 50.5005 -40.3733 1.49
      vertex 50.3917 -40.2533 2.5
      vertex 50.3917 -40.2533 1.49
    endloop
  endfacet
  facet normal -0.740833 -0.671689 0
    outer loop
      vertex 50.3917 -40.2533 2.5
      vertex 50.5005 -40.3733 1.49
      vertex 50.5005 -40.3733 2.5
    endloop
  endfacet
  facet normal -0.803251 -0.595641 0
    outer loop
      vertex 50.5969 -40.5033 1.49
      vertex 50.5005 -40.3733 2.5
      vertex 50.5005 -40.3733 1.49
    endloop
  endfacet
  facet normal -0.803251 -0.595641 0
    outer loop
      vertex 50.5005 -40.3733 2.5
      vertex 50.5969 -40.5033 1.49
      vertex 50.5969 -40.5033 2.5
    endloop
  endfacet
  facet normal -0.671689 -0.740833 0
    outer loop
      vertex 50.2717 -40.1445 1.49
      vertex 50.3917 -40.2533 2.5
      vertex 50.2717 -40.1445 2.5
    endloop
  endfacet
  facet normal -0.671689 -0.740833 -0
    outer loop
      vertex 50.3917 -40.2533 2.5
      vertex 50.2717 -40.1445 1.49
      vertex 50.3917 -40.2533 1.49
    endloop
  endfacet
  facet normal -0.514314 -0.857602 0
    outer loop
      vertex 50.0028 -39.9648 1.49
      vertex 50.1417 -40.0481 2.5
      vertex 50.0028 -39.9648 2.5
    endloop
  endfacet
  facet normal -0.514314 -0.857602 -0
    outer loop
      vertex 50.1417 -40.0481 2.5
      vertex 50.0028 -39.9648 1.49
      vertex 50.1417 -40.0481 1.49
    endloop
  endfacet
  facet normal 0.0487977 -0.998809 0
    outer loop
      vertex 49.0633 -39.7779 1.49
      vertex 49.225 -39.77 2.5
      vertex 49.0633 -39.7779 2.5
    endloop
  endfacet
  facet normal 0.0487977 -0.998809 0
    outer loop
      vertex 49.225 -39.77 2.5
      vertex 49.0633 -39.7779 1.49
      vertex 49.225 -39.77 1.49
    endloop
  endfacet
  facet normal -0.427343 -0.90409 0
    outer loop
      vertex 49.8564 -39.8956 1.49
      vertex 50.0028 -39.9648 2.5
      vertex 49.8564 -39.8956 2.5
    endloop
  endfacet
  facet normal -0.427343 -0.90409 -0
    outer loop
      vertex 50.0028 -39.9648 2.5
      vertex 49.8564 -39.8956 1.49
      vertex 50.0028 -39.9648 1.49
    endloop
  endfacet
  facet normal -0.242681 -0.970106 0
    outer loop
      vertex 49.5469 -39.8017 1.49
      vertex 49.704 -39.841 2.5
      vertex 49.5469 -39.8017 2.5
    endloop
  endfacet
  facet normal -0.242681 -0.970106 -0
    outer loop
      vertex 49.704 -39.841 2.5
      vertex 49.5469 -39.8017 1.49
      vertex 49.704 -39.841 1.49
    endloop
  endfacet
  facet normal -0.146951 -0.989144 0
    outer loop
      vertex 49.3867 -39.7779 1.49
      vertex 49.5469 -39.8017 2.5
      vertex 49.3867 -39.7779 2.5
    endloop
  endfacet
  facet normal -0.146951 -0.989144 -0
    outer loop
      vertex 49.5469 -39.8017 2.5
      vertex 49.3867 -39.7779 1.49
      vertex 49.5469 -39.8017 1.49
    endloop
  endfacet
  facet normal 0.998809 0.0487977 0
    outer loop
      vertex 47.5829 -41.5817 2.5
      vertex 47.575 -41.42 1.49
      vertex 47.575 -41.42 2.5
    endloop
  endfacet
  facet normal 0.998809 0.0487977 0
    outer loop
      vertex 47.575 -41.42 1.49
      vertex 47.5829 -41.5817 2.5
      vertex 47.5829 -41.5817 1.49
    endloop
  endfacet
  facet normal 0.970106 -0.242681 0
    outer loop
      vertex 47.6067 -41.0981 2.5
      vertex 47.646 -40.941 1.49
      vertex 47.646 -40.941 2.5
    endloop
  endfacet
  facet normal 0.970106 -0.242681 0
    outer loop
      vertex 47.646 -40.941 1.49
      vertex 47.6067 -41.0981 2.5
      vertex 47.6067 -41.0981 1.49
    endloop
  endfacet
  facet normal 0.989144 -0.146951 0
    outer loop
      vertex 47.5829 -41.2583 2.5
      vertex 47.6067 -41.0981 1.49
      vertex 47.6067 -41.0981 2.5
    endloop
  endfacet
  facet normal 0.989144 -0.146951 0
    outer loop
      vertex 47.6067 -41.0981 1.49
      vertex 47.5829 -41.2583 2.5
      vertex 47.5829 -41.2583 1.49
    endloop
  endfacet
  facet normal 0.90409 -0.427343 0
    outer loop
      vertex 47.7006 -40.7886 2.5
      vertex 47.7698 -40.6422 1.49
      vertex 47.7698 -40.6422 2.5
    endloop
  endfacet
  facet normal 0.90409 -0.427343 0
    outer loop
      vertex 47.7698 -40.6422 1.49
      vertex 47.7006 -40.7886 2.5
      vertex 47.7006 -40.7886 1.49
    endloop
  endfacet
  facet normal 0.857602 -0.514314 0
    outer loop
      vertex 47.7698 -40.6422 2.5
      vertex 47.8531 -40.5033 1.49
      vertex 47.8531 -40.5033 2.5
    endloop
  endfacet
  facet normal 0.857602 -0.514314 0
    outer loop
      vertex 47.8531 -40.5033 1.49
      vertex 47.7698 -40.6422 2.5
      vertex 47.7698 -40.6422 1.49
    endloop
  endfacet
  facet normal 0.337275 -0.941406 0
    outer loop
      vertex 48.5936 -39.8956 1.49
      vertex 48.746 -39.841 2.5
      vertex 48.5936 -39.8956 2.5
    endloop
  endfacet
  facet normal 0.337275 -0.941406 0
    outer loop
      vertex 48.746 -39.841 2.5
      vertex 48.5936 -39.8956 1.49
      vertex 48.746 -39.841 1.49
    endloop
  endfacet
  facet normal 0.146951 -0.989144 0
    outer loop
      vertex 48.9031 -39.8017 1.49
      vertex 49.0633 -39.7779 2.5
      vertex 48.9031 -39.8017 2.5
    endloop
  endfacet
  facet normal 0.146951 -0.989144 0
    outer loop
      vertex 49.0633 -39.7779 2.5
      vertex 48.9031 -39.8017 1.49
      vertex 49.0633 -39.7779 1.49
    endloop
  endfacet
  facet normal 0.595346 -0.80347 0
    outer loop
      vertex 48.1782 -40.1445 1.49
      vertex 48.3083 -40.0481 2.5
      vertex 48.1782 -40.1445 2.5
    endloop
  endfacet
  facet normal 0.595346 -0.80347 0
    outer loop
      vertex 48.3083 -40.0481 2.5
      vertex 48.1782 -40.1445 1.49
      vertex 48.3083 -40.0481 1.49
    endloop
  endfacet
  facet normal 0.671996 -0.740555 0
    outer loop
      vertex 48.0583 -40.2533 1.49
      vertex 48.1782 -40.1445 2.5
      vertex 48.0583 -40.2533 2.5
    endloop
  endfacet
  facet normal 0.671996 -0.740555 0
    outer loop
      vertex 48.1782 -40.1445 2.5
      vertex 48.0583 -40.2533 1.49
      vertex 48.1782 -40.1445 1.49
    endloop
  endfacet
  facet normal 0.514314 -0.857602 0
    outer loop
      vertex 48.3083 -40.0481 1.49
      vertex 48.4472 -39.9648 2.5
      vertex 48.3083 -40.0481 2.5
    endloop
  endfacet
  facet normal 0.514314 -0.857602 0
    outer loop
      vertex 48.4472 -39.9648 2.5
      vertex 48.3083 -40.0481 1.49
      vertex 48.4472 -39.9648 1.49
    endloop
  endfacet
  facet normal 0.740833 -0.671689 0
    outer loop
      vertex 47.9495 -40.3733 2.5
      vertex 48.0583 -40.2533 1.49
      vertex 48.0583 -40.2533 2.5
    endloop
  endfacet
  facet normal 0.740833 -0.671689 0
    outer loop
      vertex 48.0583 -40.2533 1.49
      vertex 47.9495 -40.3733 2.5
      vertex 47.9495 -40.3733 1.49
    endloop
  endfacet
  facet normal -0.998809 -0.0487977 0
    outer loop
      vertex 50.875 -41.42 1.49
      vertex 50.8671 -41.2583 2.5
      vertex 50.8671 -41.2583 1.49
    endloop
  endfacet
  facet normal -0.998809 -0.0487977 0
    outer loop
      vertex 50.8671 -41.2583 2.5
      vertex 50.875 -41.42 1.49
      vertex 50.875 -41.42 2.5
    endloop
  endfacet
  facet normal -0.989144 0.146951 0
    outer loop
      vertex 50.8433 -41.7419 1.49
      vertex 50.8671 -41.5817 2.5
      vertex 50.8671 -41.5817 1.49
    endloop
  endfacet
  facet normal -0.989144 0.146951 0
    outer loop
      vertex 50.8671 -41.5817 2.5
      vertex 50.8433 -41.7419 1.49
      vertex 50.8433 -41.7419 2.5
    endloop
  endfacet
  facet normal -0.146951 0.989144 0
    outer loop
      vertex 49.5469 -43.0383 1.49
      vertex 49.3867 -43.0621 2.5
      vertex 49.5469 -43.0383 2.5
    endloop
  endfacet
  facet normal -0.146951 0.989144 0
    outer loop
      vertex 49.3867 -43.0621 2.5
      vertex 49.5469 -43.0383 1.49
      vertex 49.3867 -43.0621 1.49
    endloop
  endfacet
  facet normal -0.90409 0.427343 0
    outer loop
      vertex 50.6802 -42.1978 1.49
      vertex 50.7494 -42.0514 2.5
      vertex 50.7494 -42.0514 1.49
    endloop
  endfacet
  facet normal -0.90409 0.427343 0
    outer loop
      vertex 50.7494 -42.0514 2.5
      vertex 50.6802 -42.1978 1.49
      vertex 50.6802 -42.1978 2.5
    endloop
  endfacet
  facet normal -0.242681 0.970106 0
    outer loop
      vertex 49.704 -42.999 1.49
      vertex 49.5469 -43.0383 2.5
      vertex 49.704 -42.999 2.5
    endloop
  endfacet
  facet normal -0.242681 0.970106 0
    outer loop
      vertex 49.5469 -43.0383 2.5
      vertex 49.704 -42.999 1.49
      vertex 49.5469 -43.0383 1.49
    endloop
  endfacet
  facet normal -0.337275 0.941406 0
    outer loop
      vertex 49.8564 -42.9444 1.49
      vertex 49.704 -42.999 2.5
      vertex 49.8564 -42.9444 2.5
    endloop
  endfacet
  facet normal -0.337275 0.941406 0
    outer loop
      vertex 49.704 -42.999 2.5
      vertex 49.8564 -42.9444 1.49
      vertex 49.704 -42.999 1.49
    endloop
  endfacet
  facet normal -0.671689 0.740833 0
    outer loop
      vertex 50.3917 -42.5867 1.49
      vertex 50.2717 -42.6955 2.5
      vertex 50.3917 -42.5867 2.5
    endloop
  endfacet
  facet normal -0.671689 0.740833 0
    outer loop
      vertex 50.2717 -42.6955 2.5
      vertex 50.3917 -42.5867 1.49
      vertex 50.2717 -42.6955 1.49
    endloop
  endfacet
  facet normal -0.514314 0.857602 0
    outer loop
      vertex 50.1417 -42.7919 1.49
      vertex 50.0028 -42.8752 2.5
      vertex 50.1417 -42.7919 2.5
    endloop
  endfacet
  facet normal -0.514314 0.857602 0
    outer loop
      vertex 50.0028 -42.8752 2.5
      vertex 50.1417 -42.7919 1.49
      vertex 50.0028 -42.8752 1.49
    endloop
  endfacet
  facet normal -0.0487977 0.998809 0
    outer loop
      vertex 49.3867 -43.0621 1.49
      vertex 49.225 -43.07 2.5
      vertex 49.3867 -43.0621 2.5
    endloop
  endfacet
  facet normal -0.0487977 0.998809 0
    outer loop
      vertex 49.225 -43.07 2.5
      vertex 49.3867 -43.0621 1.49
      vertex 49.225 -43.07 1.49
    endloop
  endfacet
  facet normal 0.242681 0.970106 -0
    outer loop
      vertex 48.9031 -43.0383 1.49
      vertex 48.746 -42.999 2.5
      vertex 48.9031 -43.0383 2.5
    endloop
  endfacet
  facet normal 0.242681 0.970106 0
    outer loop
      vertex 48.746 -42.999 2.5
      vertex 48.9031 -43.0383 1.49
      vertex 48.746 -42.999 1.49
    endloop
  endfacet
  facet normal 0.427343 0.90409 -0
    outer loop
      vertex 48.5936 -42.9444 1.49
      vertex 48.4472 -42.8752 2.5
      vertex 48.5936 -42.9444 2.5
    endloop
  endfacet
  facet normal 0.427343 0.90409 0
    outer loop
      vertex 48.4472 -42.8752 2.5
      vertex 48.5936 -42.9444 1.49
      vertex 48.4472 -42.8752 1.49
    endloop
  endfacet
  facet normal 0.941406 0.337275 0
    outer loop
      vertex 47.7006 -42.0514 2.5
      vertex 47.646 -41.899 1.49
      vertex 47.646 -41.899 2.5
    endloop
  endfacet
  facet normal 0.941406 0.337275 0
    outer loop
      vertex 47.646 -41.899 1.49
      vertex 47.7006 -42.0514 2.5
      vertex 47.7006 -42.0514 1.49
    endloop
  endfacet
  facet normal 0.989144 0.146951 0
    outer loop
      vertex 47.6067 -41.7419 2.5
      vertex 47.5829 -41.5817 1.49
      vertex 47.5829 -41.5817 2.5
    endloop
  endfacet
  facet normal 0.989144 0.146951 0
    outer loop
      vertex 47.5829 -41.5817 1.49
      vertex 47.6067 -41.7419 2.5
      vertex 47.6067 -41.7419 1.49
    endloop
  endfacet
  facet normal 0.857602 0.514314 0
    outer loop
      vertex 47.8531 -42.3367 2.5
      vertex 47.7698 -42.1978 1.49
      vertex 47.7698 -42.1978 2.5
    endloop
  endfacet
  facet normal 0.857602 0.514314 0
    outer loop
      vertex 47.7698 -42.1978 1.49
      vertex 47.8531 -42.3367 2.5
      vertex 47.8531 -42.3367 1.49
    endloop
  endfacet
  facet normal -0.989144 -0.146951 0
    outer loop
      vertex 50.8671 -41.2583 1.49
      vertex 50.8433 -41.0981 2.5
      vertex 50.8433 -41.0981 1.49
    endloop
  endfacet
  facet normal -0.989144 -0.146951 0
    outer loop
      vertex 50.8433 -41.0981 2.5
      vertex 50.8671 -41.2583 1.49
      vertex 50.8671 -41.2583 2.5
    endloop
  endfacet
  facet normal -0.0487977 -0.998809 0
    outer loop
      vertex 49.225 -39.77 1.49
      vertex 49.3867 -39.7779 2.5
      vertex 49.225 -39.77 2.5
    endloop
  endfacet
  facet normal -0.0487977 -0.998809 -0
    outer loop
      vertex 49.3867 -39.7779 2.5
      vertex 49.225 -39.77 1.49
      vertex 49.3867 -39.7779 1.49
    endloop
  endfacet
  facet normal -0.970106 0.242681 0
    outer loop
      vertex 50.804 -41.899 1.49
      vertex 50.8433 -41.7419 2.5
      vertex 50.8433 -41.7419 1.49
    endloop
  endfacet
  facet normal -0.970106 0.242681 0
    outer loop
      vertex 50.8433 -41.7419 2.5
      vertex 50.804 -41.899 1.49
      vertex 50.804 -41.899 2.5
    endloop
  endfacet
  facet normal -0.803251 0.595641 0
    outer loop
      vertex 50.5005 -42.4667 1.49
      vertex 50.5969 -42.3367 2.5
      vertex 50.5969 -42.3367 1.49
    endloop
  endfacet
  facet normal -0.803251 0.595641 0
    outer loop
      vertex 50.5969 -42.3367 2.5
      vertex 50.5005 -42.4667 1.49
      vertex 50.5005 -42.4667 2.5
    endloop
  endfacet
  facet normal -0.857602 0.514314 0
    outer loop
      vertex 50.5969 -42.3367 1.49
      vertex 50.6802 -42.1978 2.5
      vertex 50.6802 -42.1978 1.49
    endloop
  endfacet
  facet normal -0.857602 0.514314 0
    outer loop
      vertex 50.6802 -42.1978 2.5
      vertex 50.5969 -42.3367 1.49
      vertex 50.5969 -42.3367 2.5
    endloop
  endfacet
  facet normal -0.427343 0.90409 0
    outer loop
      vertex 50.0028 -42.8752 1.49
      vertex 49.8564 -42.9444 2.5
      vertex 50.0028 -42.8752 2.5
    endloop
  endfacet
  facet normal -0.427343 0.90409 0
    outer loop
      vertex 49.8564 -42.9444 2.5
      vertex 50.0028 -42.8752 1.49
      vertex 49.8564 -42.9444 1.49
    endloop
  endfacet
  facet normal -0.740833 0.671689 0
    outer loop
      vertex 50.3917 -42.5867 1.49
      vertex 50.5005 -42.4667 2.5
      vertex 50.5005 -42.4667 1.49
    endloop
  endfacet
  facet normal -0.740833 0.671689 0
    outer loop
      vertex 50.5005 -42.4667 2.5
      vertex 50.3917 -42.5867 1.49
      vertex 50.3917 -42.5867 2.5
    endloop
  endfacet
  facet normal -0.595641 0.803251 0
    outer loop
      vertex 50.2717 -42.6955 1.49
      vertex 50.1417 -42.7919 2.5
      vertex 50.2717 -42.6955 2.5
    endloop
  endfacet
  facet normal -0.595641 0.803251 0
    outer loop
      vertex 50.1417 -42.7919 2.5
      vertex 50.2717 -42.6955 1.49
      vertex 50.1417 -42.7919 1.49
    endloop
  endfacet
  facet normal 0.146951 0.989144 -0
    outer loop
      vertex 49.0633 -43.0621 1.49
      vertex 48.9031 -43.0383 2.5
      vertex 49.0633 -43.0621 2.5
    endloop
  endfacet
  facet normal 0.146951 0.989144 0
    outer loop
      vertex 48.9031 -43.0383 2.5
      vertex 49.0633 -43.0621 1.49
      vertex 48.9031 -43.0383 1.49
    endloop
  endfacet
  facet normal 0.337275 0.941406 -0
    outer loop
      vertex 48.746 -42.999 1.49
      vertex 48.5936 -42.9444 2.5
      vertex 48.746 -42.999 2.5
    endloop
  endfacet
  facet normal 0.337275 0.941406 0
    outer loop
      vertex 48.5936 -42.9444 2.5
      vertex 48.746 -42.999 1.49
      vertex 48.5936 -42.9444 1.49
    endloop
  endfacet
  facet normal 0.514314 0.857602 -0
    outer loop
      vertex 48.4472 -42.8752 1.49
      vertex 48.3083 -42.7919 2.5
      vertex 48.4472 -42.8752 2.5
    endloop
  endfacet
  facet normal 0.514314 0.857602 0
    outer loop
      vertex 48.3083 -42.7919 2.5
      vertex 48.4472 -42.8752 1.49
      vertex 48.3083 -42.7919 1.49
    endloop
  endfacet
  facet normal 0.90409 0.427343 0
    outer loop
      vertex 47.7698 -42.1978 2.5
      vertex 47.7006 -42.0514 1.49
      vertex 47.7006 -42.0514 2.5
    endloop
  endfacet
  facet normal 0.90409 0.427343 0
    outer loop
      vertex 47.7006 -42.0514 1.49
      vertex 47.7698 -42.1978 2.5
      vertex 47.7698 -42.1978 1.49
    endloop
  endfacet
  facet normal 0.803251 0.595641 0
    outer loop
      vertex 47.9495 -42.4667 2.5
      vertex 47.8531 -42.3367 1.49
      vertex 47.8531 -42.3367 2.5
    endloop
  endfacet
  facet normal 0.803251 0.595641 0
    outer loop
      vertex 47.8531 -42.3367 1.49
      vertex 47.9495 -42.4667 2.5
      vertex 47.9495 -42.4667 1.49
    endloop
  endfacet
  facet normal 0.671996 0.740555 -0
    outer loop
      vertex 48.1782 -42.6955 1.49
      vertex 48.0583 -42.5867 2.5
      vertex 48.1782 -42.6955 2.5
    endloop
  endfacet
  facet normal 0.671996 0.740555 0
    outer loop
      vertex 48.0583 -42.5867 2.5
      vertex 48.1782 -42.6955 1.49
      vertex 48.0583 -42.5867 1.49
    endloop
  endfacet
  facet normal -0.941406 0.337275 0
    outer loop
      vertex 50.7494 -42.0514 1.49
      vertex 50.804 -41.899 2.5
      vertex 50.804 -41.899 1.49
    endloop
  endfacet
  facet normal -0.941406 0.337275 0
    outer loop
      vertex 50.804 -41.899 2.5
      vertex 50.7494 -42.0514 1.49
      vertex 50.7494 -42.0514 2.5
    endloop
  endfacet
  facet normal -0.998809 -0.0487977 0
    outer loop
      vertex 50.875 41.42 1.49
      vertex 50.8671 41.5817 2.5
      vertex 50.8671 41.5817 1.49
    endloop
  endfacet
  facet normal -0.998809 -0.0487977 0
    outer loop
      vertex 50.8671 41.5817 2.5
      vertex 50.875 41.42 1.49
      vertex 50.875 41.42 2.5
    endloop
  endfacet
  facet normal 0.0487977 -0.998809 0
    outer loop
      vertex 49.0633 43.0621 1.49
      vertex 49.225 43.07 2.5
      vertex 49.0633 43.0621 2.5
    endloop
  endfacet
  facet normal 0.0487977 -0.998809 0
    outer loop
      vertex 49.225 43.07 2.5
      vertex 49.0633 43.0621 1.49
      vertex 49.225 43.07 1.49
    endloop
  endfacet
  facet normal 0.671996 0.740555 -0
    outer loop
      vertex 48.1782 40.1445 1.49
      vertex 48.0583 40.2533 2.5
      vertex 48.1782 40.1445 2.5
    endloop
  endfacet
  facet normal 0.671996 0.740555 0
    outer loop
      vertex 48.0583 40.2533 2.5
      vertex 48.1782 40.1445 1.49
      vertex 48.0583 40.2533 1.49
    endloop
  endfacet
  facet normal -0.671689 -0.740833 0
    outer loop
      vertex 50.2717 42.6955 1.49
      vertex 50.3917 42.5867 2.5
      vertex 50.2717 42.6955 2.5
    endloop
  endfacet
  facet normal -0.671689 -0.740833 -0
    outer loop
      vertex 50.3917 42.5867 2.5
      vertex 50.2717 42.6955 1.49
      vertex 50.3917 42.5867 1.49
    endloop
  endfacet
  facet normal 0.740833 -0.671689 0
    outer loop
      vertex 47.9495 42.4667 2.5
      vertex 48.0583 42.5867 1.49
      vertex 48.0583 42.5867 2.5
    endloop
  endfacet
  facet normal 0.740833 -0.671689 0
    outer loop
      vertex 48.0583 42.5867 1.49
      vertex 47.9495 42.4667 2.5
      vertex 47.9495 42.4667 1.49
    endloop
  endfacet
  facet normal 0.427343 -0.90409 0
    outer loop
      vertex 48.4472 42.8752 1.49
      vertex 48.5936 42.9444 2.5
      vertex 48.4472 42.8752 2.5
    endloop
  endfacet
  facet normal 0.427343 -0.90409 0
    outer loop
      vertex 48.5936 42.9444 2.5
      vertex 48.4472 42.8752 1.49
      vertex 48.5936 42.9444 1.49
    endloop
  endfacet
  facet normal 0.90409 0.427343 0
    outer loop
      vertex 47.7698 40.6422 2.5
      vertex 47.7006 40.7886 1.49
      vertex 47.7006 40.7886 2.5
    endloop
  endfacet
  facet normal 0.90409 0.427343 0
    outer loop
      vertex 47.7006 40.7886 1.49
      vertex 47.7698 40.6422 2.5
      vertex 47.7698 40.6422 1.49
    endloop
  endfacet
  facet normal -0.90409 -0.427343 0
    outer loop
      vertex 50.7494 42.0514 1.49
      vertex 50.6802 42.1978 2.5
      vertex 50.6802 42.1978 1.49
    endloop
  endfacet
  facet normal -0.90409 -0.427343 0
    outer loop
      vertex 50.6802 42.1978 2.5
      vertex 50.7494 42.0514 1.49
      vertex 50.7494 42.0514 2.5
    endloop
  endfacet
  facet normal -0.337275 -0.941406 0
    outer loop
      vertex 49.704 42.999 1.49
      vertex 49.8564 42.9444 2.5
      vertex 49.704 42.999 2.5
    endloop
  endfacet
  facet normal -0.337275 -0.941406 -0
    outer loop
      vertex 49.8564 42.9444 2.5
      vertex 49.704 42.999 1.49
      vertex 49.8564 42.9444 1.49
    endloop
  endfacet
  facet normal -0.514314 -0.857602 0
    outer loop
      vertex 50.0028 42.8752 1.49
      vertex 50.1417 42.7919 2.5
      vertex 50.0028 42.8752 2.5
    endloop
  endfacet
  facet normal -0.514314 -0.857602 -0
    outer loop
      vertex 50.1417 42.7919 2.5
      vertex 50.0028 42.8752 1.49
      vertex 50.1417 42.7919 1.49
    endloop
  endfacet
  facet normal 0.941406 -0.337275 0
    outer loop
      vertex 47.646 41.899 2.5
      vertex 47.7006 42.0514 1.49
      vertex 47.7006 42.0514 2.5
    endloop
  endfacet
  facet normal 0.941406 -0.337275 0
    outer loop
      vertex 47.7006 42.0514 1.49
      vertex 47.646 41.899 2.5
      vertex 47.646 41.899 1.49
    endloop
  endfacet
  facet normal 0.242681 -0.970106 0
    outer loop
      vertex 48.746 42.999 1.49
      vertex 48.9031 43.0383 2.5
      vertex 48.746 42.999 2.5
    endloop
  endfacet
  facet normal 0.242681 -0.970106 0
    outer loop
      vertex 48.9031 43.0383 2.5
      vertex 48.746 42.999 1.49
      vertex 48.9031 43.0383 1.49
    endloop
  endfacet
  facet normal -0.941406 0.337275 0
    outer loop
      vertex 50.7494 40.7886 1.49
      vertex 50.804 40.941 2.5
      vertex 50.804 40.941 1.49
    endloop
  endfacet
  facet normal -0.941406 0.337275 0
    outer loop
      vertex 50.804 40.941 2.5
      vertex 50.7494 40.7886 1.49
      vertex 50.7494 40.7886 2.5
    endloop
  endfacet
  facet normal -0.970106 -0.242681 0
    outer loop
      vertex 50.8433 41.7419 1.49
      vertex 50.804 41.899 2.5
      vertex 50.804 41.899 1.49
    endloop
  endfacet
  facet normal -0.970106 -0.242681 0
    outer loop
      vertex 50.804 41.899 2.5
      vertex 50.8433 41.7419 1.49
      vertex 50.8433 41.7419 2.5
    endloop
  endfacet
  facet normal -0.989144 -0.146951 0
    outer loop
      vertex 50.8671 41.5817 1.49
      vertex 50.8433 41.7419 2.5
      vertex 50.8433 41.7419 1.49
    endloop
  endfacet
  facet normal -0.989144 -0.146951 0
    outer loop
      vertex 50.8433 41.7419 2.5
      vertex 50.8671 41.5817 1.49
      vertex 50.8671 41.5817 2.5
    endloop
  endfacet
  facet normal -0.941406 -0.337275 0
    outer loop
      vertex 50.804 41.899 1.49
      vertex 50.7494 42.0514 2.5
      vertex 50.7494 42.0514 1.49
    endloop
  endfacet
  facet normal -0.941406 -0.337275 0
    outer loop
      vertex 50.7494 42.0514 2.5
      vertex 50.804 41.899 1.49
      vertex 50.804 41.899 2.5
    endloop
  endfacet
  facet normal -0.803251 -0.595641 0
    outer loop
      vertex 50.5969 42.3367 1.49
      vertex 50.5005 42.4667 2.5
      vertex 50.5005 42.4667 1.49
    endloop
  endfacet
  facet normal -0.803251 -0.595641 0
    outer loop
      vertex 50.5005 42.4667 2.5
      vertex 50.5969 42.3367 1.49
      vertex 50.5969 42.3367 2.5
    endloop
  endfacet
  facet normal -0.740833 -0.671689 0
    outer loop
      vertex 50.5005 42.4667 1.49
      vertex 50.3917 42.5867 2.5
      vertex 50.3917 42.5867 1.49
    endloop
  endfacet
  facet normal -0.740833 -0.671689 0
    outer loop
      vertex 50.3917 42.5867 2.5
      vertex 50.5005 42.4667 1.49
      vertex 50.5005 42.4667 2.5
    endloop
  endfacet
  facet normal -0.857602 -0.514314 0
    outer loop
      vertex 50.6802 42.1978 1.49
      vertex 50.5969 42.3367 2.5
      vertex 50.5969 42.3367 1.49
    endloop
  endfacet
  facet normal -0.857602 -0.514314 0
    outer loop
      vertex 50.5969 42.3367 2.5
      vertex 50.6802 42.1978 1.49
      vertex 50.6802 42.1978 2.5
    endloop
  endfacet
  facet normal -0.146951 -0.989144 0
    outer loop
      vertex 49.3867 43.0621 1.49
      vertex 49.5469 43.0383 2.5
      vertex 49.3867 43.0621 2.5
    endloop
  endfacet
  facet normal -0.146951 -0.989144 -0
    outer loop
      vertex 49.5469 43.0383 2.5
      vertex 49.3867 43.0621 1.49
      vertex 49.5469 43.0383 1.49
    endloop
  endfacet
  facet normal -0.242681 -0.970106 0
    outer loop
      vertex 49.5469 43.0383 1.49
      vertex 49.704 42.999 2.5
      vertex 49.5469 43.0383 2.5
    endloop
  endfacet
  facet normal -0.242681 -0.970106 -0
    outer loop
      vertex 49.704 42.999 2.5
      vertex 49.5469 43.0383 1.49
      vertex 49.704 42.999 1.49
    endloop
  endfacet
  facet normal -0.0487977 -0.998809 0
    outer loop
      vertex 49.225 43.07 1.49
      vertex 49.3867 43.0621 2.5
      vertex 49.225 43.07 2.5
    endloop
  endfacet
  facet normal -0.0487977 -0.998809 -0
    outer loop
      vertex 49.3867 43.0621 2.5
      vertex 49.225 43.07 1.49
      vertex 49.3867 43.0621 1.49
    endloop
  endfacet
  facet normal -0.427343 -0.90409 0
    outer loop
      vertex 49.8564 42.9444 1.49
      vertex 50.0028 42.8752 2.5
      vertex 49.8564 42.9444 2.5
    endloop
  endfacet
  facet normal -0.427343 -0.90409 -0
    outer loop
      vertex 50.0028 42.8752 2.5
      vertex 49.8564 42.9444 1.49
      vertex 50.0028 42.8752 1.49
    endloop
  endfacet
  facet normal -0.595641 -0.803251 0
    outer loop
      vertex 50.1417 42.7919 1.49
      vertex 50.2717 42.6955 2.5
      vertex 50.1417 42.7919 2.5
    endloop
  endfacet
  facet normal -0.595641 -0.803251 -0
    outer loop
      vertex 50.2717 42.6955 2.5
      vertex 50.1417 42.7919 1.49
      vertex 50.2717 42.6955 1.49
    endloop
  endfacet
  facet normal 0.989144 -0.146951 0
    outer loop
      vertex 47.5829 41.5817 2.5
      vertex 47.6067 41.7419 1.49
      vertex 47.6067 41.7419 2.5
    endloop
  endfacet
  facet normal 0.989144 -0.146951 0
    outer loop
      vertex 47.6067 41.7419 1.49
      vertex 47.5829 41.5817 2.5
      vertex 47.5829 41.5817 1.49
    endloop
  endfacet
  facet normal 0.857602 -0.514314 0
    outer loop
      vertex 47.7698 42.1978 2.5
      vertex 47.8531 42.3367 1.49
      vertex 47.8531 42.3367 2.5
    endloop
  endfacet
  facet normal 0.857602 -0.514314 0
    outer loop
      vertex 47.8531 42.3367 1.49
      vertex 47.7698 42.1978 2.5
      vertex 47.7698 42.1978 1.49
    endloop
  endfacet
  facet normal 0.803251 -0.595641 0
    outer loop
      vertex 47.8531 42.3367 2.5
      vertex 47.9495 42.4667 1.49
      vertex 47.9495 42.4667 2.5
    endloop
  endfacet
  facet normal 0.803251 -0.595641 0
    outer loop
      vertex 47.9495 42.4667 1.49
      vertex 47.8531 42.3367 2.5
      vertex 47.8531 42.3367 1.49
    endloop
  endfacet
  facet normal 0.90409 -0.427343 0
    outer loop
      vertex 47.7006 42.0514 2.5
      vertex 47.7698 42.1978 1.49
      vertex 47.7698 42.1978 2.5
    endloop
  endfacet
  facet normal 0.90409 -0.427343 0
    outer loop
      vertex 47.7698 42.1978 1.49
      vertex 47.7006 42.0514 2.5
      vertex 47.7006 42.0514 1.49
    endloop
  endfacet
  facet normal 0.970106 -0.242681 0
    outer loop
      vertex 47.6067 41.7419 2.5
      vertex 47.646 41.899 1.49
      vertex 47.646 41.899 2.5
    endloop
  endfacet
  facet normal 0.970106 -0.242681 0
    outer loop
      vertex 47.646 41.899 1.49
      vertex 47.6067 41.7419 2.5
      vertex 47.6067 41.7419 1.49
    endloop
  endfacet
  facet normal 0.998809 -0.0487977 0
    outer loop
      vertex 47.575 41.42 2.5
      vertex 47.5829 41.5817 1.49
      vertex 47.5829 41.5817 2.5
    endloop
  endfacet
  facet normal 0.998809 -0.0487977 0
    outer loop
      vertex 47.5829 41.5817 1.49
      vertex 47.575 41.42 2.5
      vertex 47.575 41.42 1.49
    endloop
  endfacet
  facet normal 0.595346 -0.80347 0
    outer loop
      vertex 48.1782 42.6955 1.49
      vertex 48.3083 42.7919 2.5
      vertex 48.1782 42.6955 2.5
    endloop
  endfacet
  facet normal 0.595346 -0.80347 0
    outer loop
      vertex 48.3083 42.7919 2.5
      vertex 48.1782 42.6955 1.49
      vertex 48.3083 42.7919 1.49
    endloop
  endfacet
  facet normal 0.514314 -0.857602 0
    outer loop
      vertex 48.3083 42.7919 1.49
      vertex 48.4472 42.8752 2.5
      vertex 48.3083 42.7919 2.5
    endloop
  endfacet
  facet normal 0.514314 -0.857602 0
    outer loop
      vertex 48.4472 42.8752 2.5
      vertex 48.3083 42.7919 1.49
      vertex 48.4472 42.8752 1.49
    endloop
  endfacet
  facet normal 0.671996 -0.740555 0
    outer loop
      vertex 48.0583 42.5867 1.49
      vertex 48.1782 42.6955 2.5
      vertex 48.0583 42.5867 2.5
    endloop
  endfacet
  facet normal 0.671996 -0.740555 0
    outer loop
      vertex 48.1782 42.6955 2.5
      vertex 48.0583 42.5867 1.49
      vertex 48.1782 42.6955 1.49
    endloop
  endfacet
  facet normal 0.337275 -0.941406 0
    outer loop
      vertex 48.5936 42.9444 1.49
      vertex 48.746 42.999 2.5
      vertex 48.5936 42.9444 2.5
    endloop
  endfacet
  facet normal 0.337275 -0.941406 0
    outer loop
      vertex 48.746 42.999 2.5
      vertex 48.5936 42.9444 1.49
      vertex 48.746 42.999 1.49
    endloop
  endfacet
  facet normal 0.146951 -0.989144 0
    outer loop
      vertex 48.9031 43.0383 1.49
      vertex 49.0633 43.0621 2.5
      vertex 48.9031 43.0383 2.5
    endloop
  endfacet
  facet normal 0.146951 -0.989144 0
    outer loop
      vertex 49.0633 43.0621 2.5
      vertex 48.9031 43.0383 1.49
      vertex 49.0633 43.0621 1.49
    endloop
  endfacet
  facet normal -0.146951 0.989144 0
    outer loop
      vertex 49.5469 39.8017 1.49
      vertex 49.3867 39.7779 2.5
      vertex 49.5469 39.8017 2.5
    endloop
  endfacet
  facet normal -0.146951 0.989144 0
    outer loop
      vertex 49.3867 39.7779 2.5
      vertex 49.5469 39.8017 1.49
      vertex 49.3867 39.7779 1.49
    endloop
  endfacet
  facet normal -0.337275 0.941406 0
    outer loop
      vertex 49.8564 39.8956 1.49
      vertex 49.704 39.841 2.5
      vertex 49.8564 39.8956 2.5
    endloop
  endfacet
  facet normal -0.337275 0.941406 0
    outer loop
      vertex 49.704 39.841 2.5
      vertex 49.8564 39.8956 1.49
      vertex 49.704 39.841 1.49
    endloop
  endfacet
  facet normal -0.671689 0.740833 0
    outer loop
      vertex 50.3917 40.2533 1.49
      vertex 50.2717 40.1445 2.5
      vertex 50.3917 40.2533 2.5
    endloop
  endfacet
  facet normal -0.671689 0.740833 0
    outer loop
      vertex 50.2717 40.1445 2.5
      vertex 50.3917 40.2533 1.49
      vertex 50.2717 40.1445 1.49
    endloop
  endfacet
  facet normal -0.514314 0.857602 0
    outer loop
      vertex 50.1417 40.0481 1.49
      vertex 50.0028 39.9648 2.5
      vertex 50.1417 40.0481 2.5
    endloop
  endfacet
  facet normal -0.514314 0.857602 0
    outer loop
      vertex 50.0028 39.9648 2.5
      vertex 50.1417 40.0481 1.49
      vertex 50.0028 39.9648 1.49
    endloop
  endfacet
  facet normal -0.803251 0.595641 0
    outer loop
      vertex 50.5005 40.3733 1.49
      vertex 50.5969 40.5033 2.5
      vertex 50.5969 40.5033 1.49
    endloop
  endfacet
  facet normal -0.803251 0.595641 0
    outer loop
      vertex 50.5969 40.5033 2.5
      vertex 50.5005 40.3733 1.49
      vertex 50.5005 40.3733 2.5
    endloop
  endfacet
  facet normal -0.90409 0.427343 0
    outer loop
      vertex 50.6802 40.6422 1.49
      vertex 50.7494 40.7886 2.5
      vertex 50.7494 40.7886 1.49
    endloop
  endfacet
  facet normal -0.90409 0.427343 0
    outer loop
      vertex 50.7494 40.7886 2.5
      vertex 50.6802 40.6422 1.49
      vertex 50.6802 40.6422 2.5
    endloop
  endfacet
  facet normal 0.595346 0.80347 -0
    outer loop
      vertex 48.3083 40.0481 1.49
      vertex 48.1782 40.1445 2.5
      vertex 48.3083 40.0481 2.5
    endloop
  endfacet
  facet normal 0.595346 0.80347 0
    outer loop
      vertex 48.1782 40.1445 2.5
      vertex 48.3083 40.0481 1.49
      vertex 48.1782 40.1445 1.49
    endloop
  endfacet
  facet normal 0.427343 0.90409 -0
    outer loop
      vertex 48.5936 39.8956 1.49
      vertex 48.4472 39.9648 2.5
      vertex 48.5936 39.8956 2.5
    endloop
  endfacet
  facet normal 0.427343 0.90409 0
    outer loop
      vertex 48.4472 39.9648 2.5
      vertex 48.5936 39.8956 1.49
      vertex 48.4472 39.9648 1.49
    endloop
  endfacet
  facet normal 0.242681 0.970106 -0
    outer loop
      vertex 48.9031 39.8017 1.49
      vertex 48.746 39.841 2.5
      vertex 48.9031 39.8017 2.5
    endloop
  endfacet
  facet normal 0.242681 0.970106 0
    outer loop
      vertex 48.746 39.841 2.5
      vertex 48.9031 39.8017 1.49
      vertex 48.746 39.841 1.49
    endloop
  endfacet
  facet normal 0.0487977 0.998809 -0
    outer loop
      vertex 49.225 39.77 1.49
      vertex 49.0633 39.7779 2.5
      vertex 49.225 39.77 2.5
    endloop
  endfacet
  facet normal 0.0487977 0.998809 0
    outer loop
      vertex 49.0633 39.7779 2.5
      vertex 49.225 39.77 1.49
      vertex 49.0633 39.7779 1.49
    endloop
  endfacet
  facet normal 0.857602 0.514314 0
    outer loop
      vertex 47.8531 40.5033 2.5
      vertex 47.7698 40.6422 1.49
      vertex 47.7698 40.6422 2.5
    endloop
  endfacet
  facet normal 0.857602 0.514314 0
    outer loop
      vertex 47.7698 40.6422 1.49
      vertex 47.8531 40.5033 2.5
      vertex 47.8531 40.5033 1.49
    endloop
  endfacet
  facet normal 0.740833 0.671689 0
    outer loop
      vertex 48.0583 40.2533 2.5
      vertex 47.9495 40.3733 1.49
      vertex 47.9495 40.3733 2.5
    endloop
  endfacet
  facet normal 0.740833 0.671689 0
    outer loop
      vertex 47.9495 40.3733 1.49
      vertex 48.0583 40.2533 2.5
      vertex 48.0583 40.2533 1.49
    endloop
  endfacet
  facet normal 0.941406 0.337275 0
    outer loop
      vertex 47.7006 40.7886 2.5
      vertex 47.646 40.941 1.49
      vertex 47.646 40.941 2.5
    endloop
  endfacet
  facet normal 0.941406 0.337275 0
    outer loop
      vertex 47.646 40.941 1.49
      vertex 47.7006 40.7886 2.5
      vertex 47.7006 40.7886 1.49
    endloop
  endfacet
  facet normal 0.989144 0.146951 0
    outer loop
      vertex 47.6067 41.0981 2.5
      vertex 47.5829 41.2583 1.49
      vertex 47.5829 41.2583 2.5
    endloop
  endfacet
  facet normal 0.989144 0.146951 0
    outer loop
      vertex 47.5829 41.2583 1.49
      vertex 47.6067 41.0981 2.5
      vertex 47.6067 41.0981 1.49
    endloop
  endfacet
  facet normal 0.998809 0.0487977 0
    outer loop
      vertex 47.5829 41.2583 2.5
      vertex 47.575 41.42 1.49
      vertex 47.575 41.42 2.5
    endloop
  endfacet
  facet normal 0.998809 0.0487977 0
    outer loop
      vertex 47.575 41.42 1.49
      vertex 47.5829 41.2583 2.5
      vertex 47.5829 41.2583 1.49
    endloop
  endfacet
  facet normal -0.242681 0.970106 0
    outer loop
      vertex 49.704 39.841 1.49
      vertex 49.5469 39.8017 2.5
      vertex 49.704 39.841 2.5
    endloop
  endfacet
  facet normal -0.242681 0.970106 0
    outer loop
      vertex 49.5469 39.8017 2.5
      vertex 49.704 39.841 1.49
      vertex 49.5469 39.8017 1.49
    endloop
  endfacet
  facet normal -0.427343 0.90409 0
    outer loop
      vertex 50.0028 39.9648 1.49
      vertex 49.8564 39.8956 2.5
      vertex 50.0028 39.9648 2.5
    endloop
  endfacet
  facet normal -0.427343 0.90409 0
    outer loop
      vertex 49.8564 39.8956 2.5
      vertex 50.0028 39.9648 1.49
      vertex 49.8564 39.8956 1.49
    endloop
  endfacet
  facet normal -0.740833 0.671689 0
    outer loop
      vertex 50.3917 40.2533 1.49
      vertex 50.5005 40.3733 2.5
      vertex 50.5005 40.3733 1.49
    endloop
  endfacet
  facet normal -0.740833 0.671689 0
    outer loop
      vertex 50.5005 40.3733 2.5
      vertex 50.3917 40.2533 1.49
      vertex 50.3917 40.2533 2.5
    endloop
  endfacet
  facet normal -0.595641 0.803251 0
    outer loop
      vertex 50.2717 40.1445 1.49
      vertex 50.1417 40.0481 2.5
      vertex 50.2717 40.1445 2.5
    endloop
  endfacet
  facet normal -0.595641 0.803251 0
    outer loop
      vertex 50.1417 40.0481 2.5
      vertex 50.2717 40.1445 1.49
      vertex 50.1417 40.0481 1.49
    endloop
  endfacet
  facet normal -0.857602 0.514314 0
    outer loop
      vertex 50.5969 40.5033 1.49
      vertex 50.6802 40.6422 2.5
      vertex 50.6802 40.6422 1.49
    endloop
  endfacet
  facet normal -0.857602 0.514314 0
    outer loop
      vertex 50.6802 40.6422 2.5
      vertex 50.5969 40.5033 1.49
      vertex 50.5969 40.5033 2.5
    endloop
  endfacet
  facet normal -0.989144 0.146951 0
    outer loop
      vertex 50.8433 41.0981 1.49
      vertex 50.8671 41.2583 2.5
      vertex 50.8671 41.2583 1.49
    endloop
  endfacet
  facet normal -0.989144 0.146951 0
    outer loop
      vertex 50.8671 41.2583 2.5
      vertex 50.8433 41.0981 1.49
      vertex 50.8433 41.0981 2.5
    endloop
  endfacet
  facet normal -0.970106 0.242681 0
    outer loop
      vertex 50.804 40.941 1.49
      vertex 50.8433 41.0981 2.5
      vertex 50.8433 41.0981 1.49
    endloop
  endfacet
  facet normal -0.970106 0.242681 0
    outer loop
      vertex 50.8433 41.0981 2.5
      vertex 50.804 40.941 1.49
      vertex 50.804 40.941 2.5
    endloop
  endfacet
  facet normal -0.998809 0.0487977 0
    outer loop
      vertex 50.8671 41.2583 1.49
      vertex 50.875 41.42 2.5
      vertex 50.875 41.42 1.49
    endloop
  endfacet
  facet normal -0.998809 0.0487977 0
    outer loop
      vertex 50.875 41.42 2.5
      vertex 50.8671 41.2583 1.49
      vertex 50.8671 41.2583 2.5
    endloop
  endfacet
  facet normal 0.514314 0.857602 -0
    outer loop
      vertex 48.4472 39.9648 1.49
      vertex 48.3083 40.0481 2.5
      vertex 48.4472 39.9648 2.5
    endloop
  endfacet
  facet normal 0.514314 0.857602 0
    outer loop
      vertex 48.3083 40.0481 2.5
      vertex 48.4472 39.9648 1.49
      vertex 48.3083 40.0481 1.49
    endloop
  endfacet
  facet normal 0.337275 0.941406 -0
    outer loop
      vertex 48.746 39.841 1.49
      vertex 48.5936 39.8956 2.5
      vertex 48.746 39.841 2.5
    endloop
  endfacet
  facet normal 0.337275 0.941406 0
    outer loop
      vertex 48.5936 39.8956 2.5
      vertex 48.746 39.841 1.49
      vertex 48.5936 39.8956 1.49
    endloop
  endfacet
  facet normal 0.146951 0.989144 -0
    outer loop
      vertex 49.0633 39.7779 1.49
      vertex 48.9031 39.8017 2.5
      vertex 49.0633 39.7779 2.5
    endloop
  endfacet
  facet normal 0.146951 0.989144 0
    outer loop
      vertex 48.9031 39.8017 2.5
      vertex 49.0633 39.7779 1.49
      vertex 48.9031 39.8017 1.49
    endloop
  endfacet
  facet normal -0.0487977 0.998809 0
    outer loop
      vertex 49.3867 39.7779 1.49
      vertex 49.225 39.77 2.5
      vertex 49.3867 39.7779 2.5
    endloop
  endfacet
  facet normal -0.0487977 0.998809 0
    outer loop
      vertex 49.225 39.77 2.5
      vertex 49.3867 39.7779 1.49
      vertex 49.225 39.77 1.49
    endloop
  endfacet
  facet normal 0.803251 0.595641 0
    outer loop
      vertex 47.9495 40.3733 2.5
      vertex 47.8531 40.5033 1.49
      vertex 47.8531 40.5033 2.5
    endloop
  endfacet
  facet normal 0.803251 0.595641 0
    outer loop
      vertex 47.8531 40.5033 1.49
      vertex 47.9495 40.3733 2.5
      vertex 47.9495 40.3733 1.49
    endloop
  endfacet
  facet normal 0.970106 0.242681 0
    outer loop
      vertex 47.646 40.941 2.5
      vertex 47.6067 41.0981 1.49
      vertex 47.6067 41.0981 2.5
    endloop
  endfacet
  facet normal 0.970106 0.242681 0
    outer loop
      vertex 47.6067 41.0981 1.49
      vertex 47.646 40.941 2.5
      vertex 47.646 40.941 1.49
    endloop
  endfacet
  facet normal -0.71855 -0.035237 -0.694582
    outer loop
      vertex -46.1495 -41.1182 0
      vertex -46.1347 -41.42 0
      vertex -47.575 -41.42 1.49
    endloop
  endfacet
  facet normal 0.71855 0.035237 -0.694582
    outer loop
      vertex -50.875 -41.42 1.49
      vertex -52.3005 -41.7218 0
      vertex -52.3153 -41.42 0
    endloop
  endfacet
  facet normal 0.36975 -0.617122 -0.694583
    outer loop
      vertex -50.6818 -38.6946 0
      vertex -50.0028 -39.9648 1.49
      vertex -50.941 -38.8499 0
    endloop
  endfacet
  facet normal -0.650359 -0.307563 -0.694578
    outer loop
      vertex -46.4996 -39.9632 0
      vertex -46.3704 -40.2364 0
      vertex -47.7698 -40.6422 1.49
    endloop
  endfacet
  facet normal -0.711625 0.10547 -0.694597
    outer loop
      vertex -46.1497 -41.724 0
      vertex -46.194 -42.0229 0
      vertex -47.6067 -41.7419 1.49
    endloop
  endfacet
  facet normal -0.321931 0.643863 -0.694119
    outer loop
      vertex -48.5936 -42.9444 1.49
      vertex -48.0414 -44.2746 0
      vertex -48.0424 -44.2751 0
    endloop
  endfacet
  facet normal -0.307433 0.650408 -0.694589
    outer loop
      vertex -48.0414 -44.2746 0
      vertex -48.5936 -42.9444 1.49
      vertex -48.4472 -42.8752 1.49
    endloop
  endfacet
  facet normal -0.473957 0.541665 -0.694236
    outer loop
      vertex -47.0406 -43.6059 0
      vertex -48.0583 -42.5867 1.49
      vertex -47.0398 -43.6052 0
    endloop
  endfacet
  facet normal -0.483428 0.532748 -0.694605
    outer loop
      vertex -48.0583 -42.5867 1.49
      vertex -47.0406 -43.6059 0
      vertex -48.1782 -42.6955 1.49
    endloop
  endfacet
  facet normal -0.242645 -0.677273 -0.694568
    outer loop
      vertex -48.746 -39.841 1.49
      vertex -48.3269 -38.4631 0
      vertex -48.5936 -39.8956 1.49
    endloop
  endfacet
  facet normal -0.267504 -0.668759 -0.693688
    outer loop
      vertex -48.3269 -38.4631 0
      vertex -48.746 -39.841 1.49
      vertex -48.3279 -38.4627 0
    endloop
  endfacet
  facet normal 0.307437 -0.650416 -0.694581
    outer loop
      vertex -50.0028 -39.9648 1.49
      vertex -50.6808 -38.6941 0
      vertex -49.8564 -39.8956 1.49
    endloop
  endfacet
  facet normal 0.321603 -0.643207 -0.694879
    outer loop
      vertex -50.6808 -38.6941 0
      vertex -50.0028 -39.9648 1.49
      vertex -50.6818 -38.6946 0
    endloop
  endfacet
  facet normal -0.697877 -0.174707 -0.694583
    outer loop
      vertex -46.2677 -40.5229 0
      vertex -46.1943 -40.8161 0
      vertex -47.646 -40.941 1.49
    endloop
  endfacet
  facet normal 0.577867 -0.428511 -0.694585
    outer loop
      vertex -51.6145 -39.4604 0
      vertex -50.5005 -40.3733 1.49
      vertex -50.5969 -40.5033 1.49
    endloop
  endfacet
  facet normal 0.599649 -0.399766 -0.693259
    outer loop
      vertex -50.5005 -40.3733 1.49
      vertex -51.6145 -39.4604 0
      vertex -51.6139 -39.4595 0
    endloop
  endfacet
  facet normal 0.428546 -0.577823 -0.6946
    outer loop
      vertex -50.9428 -38.8511 0
      vertex -50.2717 -40.1445 1.49
      vertex -51.1855 -39.0311 0
    endloop
  endfacet
  facet normal 0.697877 -0.174707 -0.694583
    outer loop
      vertex -52.1823 -40.5229 0
      vertex -50.804 -40.941 1.49
      vertex -52.2557 -40.8161 0
    endloop
  endfacet
  facet normal 0.650408 -0.307433 -0.694589
    outer loop
      vertex -50.7494 -40.7886 1.49
      vertex -52.0796 -40.2364 0
      vertex -50.6802 -40.6422 1.49
    endloop
  endfacet
  facet normal 0.643863 -0.321931 -0.694119
    outer loop
      vertex -52.0796 -40.2364 0
      vertex -50.7494 -40.7886 1.49
      vertex -52.0801 -40.2374 0
    endloop
  endfacet
  facet normal 0.533075 0.483077 -0.694598
    outer loop
      vertex -50.3917 -42.5867 1.49
      vertex -51.4102 -43.6052 0
      vertex -51.6131 -43.3813 0
    endloop
  endfacet
  facet normal 0.718567 0.0351062 -0.694572
    outer loop
      vertex -50.8671 -41.5817 1.49
      vertex -52.3005 -41.7218 0
      vertex -50.875 -41.42 1.49
    endloop
  endfacet
  facet normal 0.720662 0 -0.693287
    outer loop
      vertex -52.3005 -41.7218 0
      vertex -50.8671 -41.5817 1.49
      vertex -52.3005 -41.7229 0
    endloop
  endfacet
  facet normal 0.307558 0.650346 -0.694592
    outer loop
      vertex -49.8564 -42.9444 1.49
      vertex -50.4076 -44.2751 0
      vertex -50.6808 -44.1459 0
    endloop
  endfacet
  facet normal -0.36975 0.617122 -0.694583
    outer loop
      vertex -47.509 -43.9901 0
      vertex -47.7682 -44.1454 0
      vertex -48.4472 -42.8752 1.49
    endloop
  endfacet
  facet normal -0.709776 0.12905 -0.692506
    outer loop
      vertex -47.6067 -41.7419 1.49
      vertex -46.1495 -41.7229 0
      vertex -46.1497 -41.724 0
    endloop
  endfacet
  facet normal -0.711599 0.105718 -0.694586
    outer loop
      vertex -46.1495 -41.7229 0
      vertex -47.6067 -41.7419 1.49
      vertex -47.5829 -41.5817 1.49
    endloop
  endfacet
  facet normal -0.174985 -0.697795 -0.694595
    outer loop
      vertex -48.6221 -38.389 0
      vertex -48.329 -38.4625 0
      vertex -48.9031 -39.8017 1.49
    endloop
  endfacet
  facet normal -0.36975 -0.617122 -0.694583
    outer loop
      vertex -47.7682 -38.6946 0
      vertex -47.509 -38.8499 0
      vertex -48.4472 -39.9648 1.49
    endloop
  endfacet
  facet normal 0.10547 -0.711625 -0.694597
    outer loop
      vertex -49.529 -38.3447 0
      vertex -49.5469 -39.8017 1.49
      vertex -49.8279 -38.389 0
    endloop
  endfacet
  facet normal -0.509577 -0.509577 -0.693298
    outer loop
      vertex -47.9495 -40.3733 1.49
      vertex -46.8369 -39.4587 0
      vertex -46.8361 -39.4595 0
    endloop
  endfacet
  facet normal -0.532964 -0.483221 -0.694584
    outer loop
      vertex -46.8369 -39.4587 0
      vertex -47.9495 -40.3733 1.49
      vertex -48.0583 -40.2533 1.49
    endloop
  endfacet
  facet normal -0.71855 0.035237 -0.694582
    outer loop
      vertex -46.1347 -41.42 0
      vertex -46.1495 -41.7218 0
      vertex -47.575 -41.42 1.49
    endloop
  endfacet
  facet normal 0.533075 -0.483077 -0.694598
    outer loop
      vertex -51.4102 -39.2348 0
      vertex -50.3917 -40.2533 1.49
      vertex -51.6131 -39.4587 0
    endloop
  endfacet
  facet normal 0.483212 -0.532954 -0.694598
    outer loop
      vertex -50.3917 -40.2533 1.49
      vertex -51.4094 -39.2341 0
      vertex -50.2717 -40.1445 1.49
    endloop
  endfacet
  facet normal 0.473957 -0.541665 -0.694236
    outer loop
      vertex -51.4094 -39.2341 0
      vertex -50.3917 -40.2533 1.49
      vertex -51.4102 -39.2348 0
    endloop
  endfacet
  facet normal 0.483208 -0.532957 -0.694598
    outer loop
      vertex -51.1855 -39.0311 0
      vertex -50.2717 -40.1445 1.49
      vertex -51.4094 -39.2341 0
    endloop
  endfacet
  facet normal 0.71855 -0.035237 -0.694582
    outer loop
      vertex -52.3005 -41.1182 0
      vertex -50.875 -41.42 1.49
      vertex -52.3153 -41.42 0
    endloop
  endfacet
  facet normal 0.677354 -0.242371 -0.694585
    outer loop
      vertex -52.0805 -40.2384 0
      vertex -50.804 -40.941 1.49
      vertex -52.1823 -40.5229 0
    endloop
  endfacet
  facet normal 0.691899 -0.20757 -0.691513
    outer loop
      vertex -50.804 -40.941 1.49
      vertex -52.256 -40.8171 0
      vertex -52.2557 -40.8161 0
    endloop
  endfacet
  facet normal 0.697886 -0.174583 -0.694605
    outer loop
      vertex -52.256 -40.8171 0
      vertex -50.804 -40.941 1.49
      vertex -50.8433 -41.0981 1.49
    endloop
  endfacet
  facet normal 0.717958 -0.0652689 -0.69302
    outer loop
      vertex -50.8433 -41.0981 1.49
      vertex -52.2561 -40.8182 0
      vertex -52.256 -40.8171 0
    endloop
  endfacet
  facet normal 0.711598 -0.105718 -0.694588
    outer loop
      vertex -52.2561 -40.8182 0
      vertex -50.8433 -41.0981 1.49
      vertex -50.8671 -41.2583 1.49
    endloop
  endfacet
  facet normal 0.577831 -0.428552 -0.694589
    outer loop
      vertex -51.6145 -39.4604 0
      vertex -50.5969 -40.5033 1.49
      vertex -51.7945 -39.7031 0
    endloop
  endfacet
  facet normal 0.667586 0.267034 -0.694997
    outer loop
      vertex -52.0805 -42.6016 0
      vertex -50.7494 -42.0514 1.49
      vertex -52.0801 -42.6026 0
    endloop
  endfacet
  facet normal 0.677237 0.242632 -0.694608
    outer loop
      vertex -50.7494 -42.0514 1.49
      vertex -52.0805 -42.6016 0
      vertex -50.804 -41.899 1.49
    endloop
  endfacet
  facet normal 0.105718 0.711598 -0.694588
    outer loop
      vertex -49.8268 -44.4511 0
      vertex -49.5469 -43.0383 1.49
      vertex -49.3867 -43.0621 1.49
    endloop
  endfacet
  facet normal 0.0652689 0.717958 -0.69302
    outer loop
      vertex -49.5469 -43.0383 1.49
      vertex -49.8268 -44.4511 0
      vertex -49.8279 -44.451 0
    endloop
  endfacet
  facet normal -0.483219 0.532969 -0.694581
    outer loop
      vertex -47.0406 -43.6059 0
      vertex -47.2645 -43.8089 0
      vertex -48.1782 -42.6955 1.49
    endloop
  endfacet
  facet normal -0.598234 0.398823 -0.695022
    outer loop
      vertex -47.8531 -42.3367 1.49
      vertex -46.6549 -43.136 0
      vertex -46.6555 -43.1369 0
    endloop
  endfacet
  facet normal -0.61695 0.369992 -0.694607
    outer loop
      vertex -46.6549 -43.136 0
      vertex -47.8531 -42.3367 1.49
      vertex -47.7698 -42.1978 1.49
    endloop
  endfacet
  facet normal -0.10547 -0.711625 -0.694597
    outer loop
      vertex -48.6221 -38.389 0
      vertex -48.9031 -39.8017 1.49
      vertex -48.921 -38.3447 0
    endloop
  endfacet
  facet normal -0.105718 -0.711599 -0.694586
    outer loop
      vertex -48.9221 -38.3445 0
      vertex -48.9031 -39.8017 1.49
      vertex -49.0633 -39.7779 1.49
    endloop
  endfacet
  facet normal -0.12905 -0.709776 -0.692506
    outer loop
      vertex -48.9031 -39.8017 1.49
      vertex -48.9221 -38.3445 0
      vertex -48.921 -38.3447 0
    endloop
  endfacet
  facet normal 0.4285 -0.577852 -0.694604
    outer loop
      vertex -50.9428 -38.8511 0
      vertex -50.1417 -40.0481 1.49
      vertex -50.2717 -40.1445 1.49
    endloop
  endfacet
  facet normal 0.398823 -0.598234 -0.695022
    outer loop
      vertex -50.1417 -40.0481 1.49
      vertex -50.9428 -38.8511 0
      vertex -50.9419 -38.8505 0
    endloop
  endfacet
  facet normal 0.174985 -0.697795 -0.694595
    outer loop
      vertex -49.8279 -38.389 0
      vertex -49.5469 -39.8017 1.49
      vertex -50.121 -38.4625 0
    endloop
  endfacet
  facet normal -0.61695 -0.369992 -0.694607
    outer loop
      vertex -47.8531 -40.5033 1.49
      vertex -46.6549 -39.704 0
      vertex -47.7698 -40.6422 1.49
    endloop
  endfacet
  facet normal -0.598234 -0.398823 -0.695022
    outer loop
      vertex -46.6549 -39.704 0
      vertex -47.8531 -40.5033 1.49
      vertex -46.6555 -39.7031 0
    endloop
  endfacet
  facet normal -0.473957 -0.541665 -0.694236
    outer loop
      vertex -48.0583 -40.2533 1.49
      vertex -47.0406 -39.2341 0
      vertex -47.0398 -39.2348 0
    endloop
  endfacet
  facet normal -0.483428 -0.532748 -0.694605
    outer loop
      vertex -47.0406 -39.2341 0
      vertex -48.0583 -40.2533 1.49
      vertex -48.1782 -40.1445 1.49
    endloop
  endfacet
  facet normal -0.533075 -0.483077 -0.694598
    outer loop
      vertex -47.0398 -39.2348 0
      vertex -46.8369 -39.4587 0
      vertex -48.0583 -40.2533 1.49
    endloop
  endfacet
  facet normal -0.428555 -0.577835 -0.694585
    outer loop
      vertex -47.5072 -38.8511 0
      vertex -47.2645 -39.0311 0
      vertex -48.1782 -40.1445 1.49
    endloop
  endfacet
  facet normal -0.720662 0 -0.693287
    outer loop
      vertex -46.1495 -41.1182 0
      vertex -47.5829 -41.2583 1.49
      vertex -46.1495 -41.1171 0
    endloop
  endfacet
  facet normal -0.718567 -0.0351062 -0.694572
    outer loop
      vertex -47.5829 -41.2583 1.49
      vertex -46.1495 -41.1182 0
      vertex -47.575 -41.42 1.49
    endloop
  endfacet
  facet normal -0.709776 -0.12905 -0.692506
    outer loop
      vertex -46.1495 -41.1171 0
      vertex -47.6067 -41.0981 1.49
      vertex -46.1497 -41.116 0
    endloop
  endfacet
  facet normal -0.711599 -0.105718 -0.694586
    outer loop
      vertex -47.6067 -41.0981 1.49
      vertex -46.1495 -41.1171 0
      vertex -47.5829 -41.2583 1.49
    endloop
  endfacet
  facet normal -0.677237 -0.242632 -0.694608
    outer loop
      vertex -47.7006 -40.7886 1.49
      vertex -46.3695 -40.2384 0
      vertex -47.646 -40.941 1.49
    endloop
  endfacet
  facet normal -0.667586 -0.267034 -0.694997
    outer loop
      vertex -46.3695 -40.2384 0
      vertex -47.7006 -40.7886 1.49
      vertex -46.3699 -40.2374 0
    endloop
  endfacet
  facet normal -0.677354 -0.242371 -0.694585
    outer loop
      vertex -46.3695 -40.2384 0
      vertex -46.2677 -40.5229 0
      vertex -47.646 -40.941 1.49
    endloop
  endfacet
  facet normal -0.617122 -0.36975 -0.694583
    outer loop
      vertex -46.6549 -39.704 0
      vertex -46.4996 -39.9632 0
      vertex -47.7698 -40.6422 1.49
    endloop
  endfacet
  facet normal -0.677354 0.242371 -0.694585
    outer loop
      vertex -46.2677 -42.3171 0
      vertex -46.3695 -42.6016 0
      vertex -47.646 -41.899 1.49
    endloop
  endfacet
  facet normal -0.697877 0.174707 -0.694583
    outer loop
      vertex -46.1943 -42.0239 0
      vertex -46.2677 -42.3171 0
      vertex -47.646 -41.899 1.49
    endloop
  endfacet
  facet normal 0.677237 -0.242632 -0.694608
    outer loop
      vertex -52.0805 -40.2384 0
      vertex -50.7494 -40.7886 1.49
      vertex -50.804 -40.941 1.49
    endloop
  endfacet
  facet normal 0.667586 -0.267034 -0.694997
    outer loop
      vertex -50.7494 -40.7886 1.49
      vertex -52.0805 -40.2384 0
      vertex -52.0801 -40.2374 0
    endloop
  endfacet
  facet normal 0.711601 -0.105705 -0.694587
    outer loop
      vertex -52.2561 -40.8182 0
      vertex -50.8671 -41.2583 1.49
      vertex -52.3005 -41.1171 0
    endloop
  endfacet
  facet normal 0.720662 0 -0.693287
    outer loop
      vertex -50.8671 -41.2583 1.49
      vertex -52.3005 -41.1182 0
      vertex -52.3005 -41.1171 0
    endloop
  endfacet
  facet normal 0.718567 -0.0351062 -0.694572
    outer loop
      vertex -52.3005 -41.1182 0
      vertex -50.8671 -41.2583 1.49
      vertex -50.875 -41.42 1.49
    endloop
  endfacet
  facet normal 0.61701 -0.36992 -0.694592
    outer loop
      vertex -51.7945 -39.7031 0
      vertex -50.5969 -40.5033 1.49
      vertex -51.9499 -39.9623 0
    endloop
  endfacet
  facet normal 0.532964 -0.483221 -0.694584
    outer loop
      vertex -50.5005 -40.3733 1.49
      vertex -51.6131 -39.4587 0
      vertex -50.3917 -40.2533 1.49
    endloop
  endfacet
  facet normal 0.509577 -0.509577 -0.693298
    outer loop
      vertex -51.6131 -39.4587 0
      vertex -50.5005 -40.3733 1.49
      vertex -51.6139 -39.4595 0
    endloop
  endfacet
  facet normal 0.711601 0.105705 -0.694587
    outer loop
      vertex -50.8671 -41.5817 1.49
      vertex -52.2561 -42.0218 0
      vertex -52.3005 -41.7229 0
    endloop
  endfacet
  facet normal 0.697886 0.174583 -0.694605
    outer loop
      vertex -50.804 -41.899 1.49
      vertex -52.256 -42.0229 0
      vertex -50.8433 -41.7419 1.49
    endloop
  endfacet
  facet normal 0.691899 0.20757 -0.691513
    outer loop
      vertex -52.256 -42.0229 0
      vertex -50.804 -41.899 1.49
      vertex -52.2557 -42.0239 0
    endloop
  endfacet
  facet normal 0.650408 0.307433 -0.694589
    outer loop
      vertex -52.0796 -42.6036 0
      vertex -50.7494 -42.0514 1.49
      vertex -50.6802 -42.1978 1.49
    endloop
  endfacet
  facet normal 0.643863 0.321931 -0.694119
    outer loop
      vertex -50.7494 -42.0514 1.49
      vertex -52.0796 -42.6036 0
      vertex -52.0801 -42.6026 0
    endloop
  endfacet
  facet normal 0.650359 0.307563 -0.694578
    outer loop
      vertex -50.6802 -42.1978 1.49
      vertex -51.9504 -42.8768 0
      vertex -52.0796 -42.6036 0
    endloop
  endfacet
  facet normal 0.483208 0.532957 -0.694598
    outer loop
      vertex -50.2717 -42.6955 1.49
      vertex -51.1855 -43.8089 0
      vertex -51.4094 -43.6059 0
    endloop
  endfacet
  facet normal 0.267504 0.668759 -0.693688
    outer loop
      vertex -50.1231 -44.3769 0
      vertex -49.704 -42.999 1.49
      vertex -50.1221 -44.3773 0
    endloop
  endfacet
  facet normal 0.242645 0.677273 -0.694568
    outer loop
      vertex -49.704 -42.999 1.49
      vertex -50.1231 -44.3769 0
      vertex -49.8564 -42.9444 1.49
    endloop
  endfacet
  facet normal 0.428546 0.577823 -0.6946
    outer loop
      vertex -50.2717 -42.6955 1.49
      vertex -50.9428 -43.9889 0
      vertex -51.1855 -43.8089 0
    endloop
  endfacet
  facet normal 0.398823 0.598234 -0.695022
    outer loop
      vertex -50.9428 -43.9889 0
      vertex -50.1417 -42.7919 1.49
      vertex -50.9419 -43.9895 0
    endloop
  endfacet
  facet normal 0.4285 0.577852 -0.694604
    outer loop
      vertex -50.1417 -42.7919 1.49
      vertex -50.9428 -43.9889 0
      vertex -50.2717 -42.6955 1.49
    endloop
  endfacet
  facet normal 0.0351062 0.718567 -0.694572
    outer loop
      vertex -49.5268 -44.4955 0
      vertex -49.3867 -43.0621 1.49
      vertex -49.225 -43.07 1.49
    endloop
  endfacet
  facet normal 0 0.720662 -0.693287
    outer loop
      vertex -49.3867 -43.0621 1.49
      vertex -49.5268 -44.4955 0
      vertex -49.5279 -44.4955 0
    endloop
  endfacet
  facet normal 0.105705 0.711601 -0.694587
    outer loop
      vertex -49.3867 -43.0621 1.49
      vertex -49.5279 -44.4955 0
      vertex -49.8268 -44.4511 0
    endloop
  endfacet
  facet normal 0.174707 0.697877 -0.694583
    outer loop
      vertex -49.704 -42.999 1.49
      vertex -49.8289 -44.4507 0
      vertex -50.1221 -44.3773 0
    endloop
  endfacet
  facet normal 0.174583 0.697886 -0.694605
    outer loop
      vertex -49.8279 -44.451 0
      vertex -49.704 -42.999 1.49
      vertex -49.5469 -43.0383 1.49
    endloop
  endfacet
  facet normal 0.20757 0.691899 -0.691513
    outer loop
      vertex -49.704 -42.999 1.49
      vertex -49.8279 -44.451 0
      vertex -49.8289 -44.4507 0
    endloop
  endfacet
  facet normal -0.307563 0.650359 -0.694578
    outer loop
      vertex -47.7682 -44.1454 0
      vertex -48.0414 -44.2746 0
      vertex -48.4472 -42.8752 1.49
    endloop
  endfacet
  facet normal -0.398823 0.598234 -0.695022
    outer loop
      vertex -48.3083 -42.7919 1.49
      vertex -47.5072 -43.9889 0
      vertex -47.5081 -43.9895 0
    endloop
  endfacet
  facet normal -0.428283 0.578005 -0.69461
    outer loop
      vertex -47.5072 -43.9889 0
      vertex -48.3083 -42.7919 1.49
      vertex -48.1782 -42.6955 1.49
    endloop
  endfacet
  facet normal -0.428555 0.577835 -0.694585
    outer loop
      vertex -47.2645 -43.8089 0
      vertex -47.5072 -43.9889 0
      vertex -48.1782 -42.6955 1.49
    endloop
  endfacet
  facet normal -0.577823 0.428546 -0.6946
    outer loop
      vertex -46.6561 -43.1378 0
      vertex -46.8361 -43.3805 0
      vertex -47.9495 -42.4667 1.49
    endloop
  endfacet
  facet normal -0.533075 0.483077 -0.694598
    outer loop
      vertex -46.8369 -43.3813 0
      vertex -47.0398 -43.6052 0
      vertex -48.0583 -42.5867 1.49
    endloop
  endfacet
  facet normal -0.650359 0.307563 -0.694578
    outer loop
      vertex -46.3704 -42.6036 0
      vertex -46.4996 -42.8768 0
      vertex -47.7698 -42.1978 1.49
    endloop
  endfacet
  facet normal -0.617122 0.36975 -0.694583
    outer loop
      vertex -46.4996 -42.8768 0
      vertex -46.6549 -43.136 0
      vertex -47.7698 -42.1978 1.49
    endloop
  endfacet
  facet normal -0.174593 -0.697927 -0.694562
    outer loop
      vertex -48.329 -38.4625 0
      vertex -48.746 -39.841 1.49
      vertex -48.9031 -39.8017 1.49
    endloop
  endfacet
  facet normal -0.129026 -0.709642 -0.692648
    outer loop
      vertex -48.746 -39.841 1.49
      vertex -48.329 -38.4625 0
      vertex -48.3279 -38.4627 0
    endloop
  endfacet
  facet normal 0.035237 -0.71855 -0.694582
    outer loop
      vertex -49.225 -38.3297 0
      vertex -49.225 -39.77 1.49
      vertex -49.5268 -38.3445 0
    endloop
  endfacet
  facet normal -0.035237 -0.71855 -0.694582
    outer loop
      vertex -49.225 -38.3297 0
      vertex -48.9232 -38.3445 0
      vertex -49.225 -39.77 1.49
    endloop
  endfacet
  facet normal -0 -0.720662 -0.693287
    outer loop
      vertex -49.5268 -38.3445 0
      vertex -49.3867 -39.7779 1.49
      vertex -49.5279 -38.3445 0
    endloop
  endfacet
  facet normal 0.0351062 -0.718567 -0.694572
    outer loop
      vertex -49.3867 -39.7779 1.49
      vertex -49.5268 -38.3445 0
      vertex -49.225 -39.77 1.49
    endloop
  endfacet
  facet normal 0.12905 -0.709776 -0.692506
    outer loop
      vertex -49.5279 -38.3445 0
      vertex -49.5469 -39.8017 1.49
      vertex -49.529 -38.3447 0
    endloop
  endfacet
  facet normal 0.105718 -0.711599 -0.694586
    outer loop
      vertex -49.5469 -39.8017 1.49
      vertex -49.5279 -38.3445 0
      vertex -49.3867 -39.7779 1.49
    endloop
  endfacet
  facet normal -0.398823 -0.598234 -0.695022
    outer loop
      vertex -48.3083 -40.0481 1.49
      vertex -47.509 -38.8499 0
      vertex -47.5081 -38.8505 0
    endloop
  endfacet
  facet normal -0.369992 -0.61695 -0.694607
    outer loop
      vertex -47.509 -38.8499 0
      vertex -48.3083 -40.0481 1.49
      vertex -48.4472 -39.9648 1.49
    endloop
  endfacet
  facet normal -0.242369 -0.677348 -0.694591
    outer loop
      vertex -48.3269 -38.4631 0
      vertex -48.0424 -38.5649 0
      vertex -48.5936 -39.8956 1.49
    endloop
  endfacet
  facet normal 0.369992 -0.61695 -0.694607
    outer loop
      vertex -50.1417 -40.0481 1.49
      vertex -50.941 -38.8499 0
      vertex -50.0028 -39.9648 1.49
    endloop
  endfacet
  facet normal 0.398823 -0.598234 -0.695022
    outer loop
      vertex -50.941 -38.8499 0
      vertex -50.1417 -40.0481 1.49
      vertex -50.9419 -38.8505 0
    endloop
  endfacet
  facet normal 0.242369 -0.677348 -0.694591
    outer loop
      vertex -50.1231 -38.4631 0
      vertex -49.8564 -39.8956 1.49
      vertex -50.4076 -38.5649 0
    endloop
  endfacet
  facet normal 0.307558 -0.650346 -0.694592
    outer loop
      vertex -50.4076 -38.5649 0
      vertex -49.8564 -39.8956 1.49
      vertex -50.6808 -38.6941 0
    endloop
  endfacet
  facet normal -0.483219 -0.532969 -0.694581
    outer loop
      vertex -47.2645 -39.0311 0
      vertex -47.0406 -39.2341 0
      vertex -48.1782 -40.1445 1.49
    endloop
  endfacet
  facet normal -0.711625 -0.10547 -0.694597
    outer loop
      vertex -46.194 -40.8171 0
      vertex -46.1497 -41.116 0
      vertex -47.6067 -41.0981 1.49
    endloop
  endfacet
  facet normal -0.691899 -0.20757 -0.691513
    outer loop
      vertex -46.194 -40.8171 0
      vertex -47.646 -40.941 1.49
      vertex -46.1943 -40.8161 0
    endloop
  endfacet
  facet normal -0.697886 -0.174583 -0.694605
    outer loop
      vertex -47.646 -40.941 1.49
      vertex -46.194 -40.8171 0
      vertex -47.6067 -41.0981 1.49
    endloop
  endfacet
  facet normal -0.643863 -0.321931 -0.694119
    outer loop
      vertex -47.7006 -40.7886 1.49
      vertex -46.3704 -40.2364 0
      vertex -46.3699 -40.2374 0
    endloop
  endfacet
  facet normal -0.650408 -0.307433 -0.694589
    outer loop
      vertex -46.3704 -40.2364 0
      vertex -47.7006 -40.7886 1.49
      vertex -47.7698 -40.6422 1.49
    endloop
  endfacet
  facet normal -0.577831 -0.428552 -0.694589
    outer loop
      vertex -46.8355 -39.4604 0
      vertex -46.6555 -39.7031 0
      vertex -47.8531 -40.5033 1.49
    endloop
  endfacet
  facet normal -0.577867 -0.428511 -0.694585
    outer loop
      vertex -47.9495 -40.3733 1.49
      vertex -46.8355 -39.4604 0
      vertex -47.8531 -40.5033 1.49
    endloop
  endfacet
  facet normal -0.599649 -0.399766 -0.693259
    outer loop
      vertex -46.8355 -39.4604 0
      vertex -47.9495 -40.3733 1.49
      vertex -46.8361 -39.4595 0
    endloop
  endfacet
  facet normal -0.697886 0.174583 -0.694605
    outer loop
      vertex -46.194 -42.0229 0
      vertex -47.646 -41.899 1.49
      vertex -47.6067 -41.7419 1.49
    endloop
  endfacet
  facet normal -0.691899 0.20757 -0.691513
    outer loop
      vertex -47.646 -41.899 1.49
      vertex -46.194 -42.0229 0
      vertex -46.1943 -42.0239 0
    endloop
  endfacet
  facet normal 0.616969 -0.370003 -0.694584
    outer loop
      vertex -50.6802 -40.6422 1.49
      vertex -51.9499 -39.9623 0
      vertex -50.5969 -40.5033 1.49
    endloop
  endfacet
  facet normal 0.628557 -0.349198 -0.694965
    outer loop
      vertex -51.9499 -39.9623 0
      vertex -50.6802 -40.6422 1.49
      vertex -51.9504 -39.9632 0
    endloop
  endfacet
  facet normal 0.650359 -0.307563 -0.694578
    outer loop
      vertex -51.9504 -39.9632 0
      vertex -50.6802 -40.6422 1.49
      vertex -52.0796 -40.2364 0
    endloop
  endfacet
  facet normal 0.577831 0.428552 -0.694589
    outer loop
      vertex -50.5969 -42.3367 1.49
      vertex -51.6145 -43.3796 0
      vertex -51.7945 -43.1369 0
    endloop
  endfacet
  facet normal 0.599649 0.399766 -0.693259
    outer loop
      vertex -51.6145 -43.3796 0
      vertex -50.5005 -42.4667 1.49
      vertex -51.6139 -43.3805 0
    endloop
  endfacet
  facet normal 0.577867 0.428511 -0.694585
    outer loop
      vertex -50.5005 -42.4667 1.49
      vertex -51.6145 -43.3796 0
      vertex -50.5969 -42.3367 1.49
    endloop
  endfacet
  facet normal 0.711598 0.105718 -0.694588
    outer loop
      vertex -50.8433 -41.7419 1.49
      vertex -52.2561 -42.0218 0
      vertex -50.8671 -41.5817 1.49
    endloop
  endfacet
  facet normal 0.717958 0.0652689 -0.69302
    outer loop
      vertex -52.2561 -42.0218 0
      vertex -50.8433 -41.7419 1.49
      vertex -52.256 -42.0229 0
    endloop
  endfacet
  facet normal 0.697877 0.174707 -0.694583
    outer loop
      vertex -50.804 -41.899 1.49
      vertex -52.1823 -42.3171 0
      vertex -52.2557 -42.0239 0
    endloop
  endfacet
  facet normal 0.677354 0.242371 -0.694585
    outer loop
      vertex -50.804 -41.899 1.49
      vertex -52.0805 -42.6016 0
      vertex -52.1823 -42.3171 0
    endloop
  endfacet
  facet normal 0.483212 0.532954 -0.694598
    outer loop
      vertex -51.4094 -43.6059 0
      vertex -50.3917 -42.5867 1.49
      vertex -50.2717 -42.6955 1.49
    endloop
  endfacet
  facet normal 0.473957 0.541665 -0.694236
    outer loop
      vertex -50.3917 -42.5867 1.49
      vertex -51.4094 -43.6059 0
      vertex -51.4102 -43.6052 0
    endloop
  endfacet
  facet normal 0.36975 0.617122 -0.694583
    outer loop
      vertex -50.0028 -42.8752 1.49
      vertex -50.6818 -44.1454 0
      vertex -50.941 -43.9901 0
    endloop
  endfacet
  facet normal 0.035237 0.71855 -0.694582
    outer loop
      vertex -49.225 -43.07 1.49
      vertex -49.225 -44.5103 0
      vertex -49.5268 -44.4955 0
    endloop
  endfacet
  facet normal 0.242369 0.677348 -0.694591
    outer loop
      vertex -49.8564 -42.9444 1.49
      vertex -50.1231 -44.3769 0
      vertex -50.4076 -44.2751 0
    endloop
  endfacet
  facet normal -0.174707 0.697877 -0.694583
    outer loop
      vertex -48.3279 -44.3773 0
      vertex -48.6211 -44.4507 0
      vertex -48.746 -42.999 1.49
    endloop
  endfacet
  facet normal -0.105705 0.711601 -0.694587
    outer loop
      vertex -48.6232 -44.4511 0
      vertex -48.9221 -44.4955 0
      vertex -49.0633 -43.0621 1.49
    endloop
  endfacet
  facet normal -0.035237 0.71855 -0.694582
    outer loop
      vertex -49.225 -43.07 1.49
      vertex -48.9232 -44.4955 0
      vertex -49.225 -44.5103 0
    endloop
  endfacet
  facet normal -0.398823 0.598234 -0.695022
    outer loop
      vertex -47.509 -43.9901 0
      vertex -48.3083 -42.7919 1.49
      vertex -47.5081 -43.9895 0
    endloop
  endfacet
  facet normal -0.369992 0.61695 -0.694607
    outer loop
      vertex -48.3083 -42.7919 1.49
      vertex -47.509 -43.9901 0
      vertex -48.4472 -42.8752 1.49
    endloop
  endfacet
  facet normal -0.598234 0.398823 -0.695022
    outer loop
      vertex -46.6561 -43.1378 0
      vertex -47.8531 -42.3367 1.49
      vertex -46.6555 -43.1369 0
    endloop
  endfacet
  facet normal -0.577852 0.4285 -0.694604
    outer loop
      vertex -47.8531 -42.3367 1.49
      vertex -46.6561 -43.1378 0
      vertex -47.9495 -42.4667 1.49
    endloop
  endfacet
  facet normal -0.643863 0.321931 -0.694119
    outer loop
      vertex -46.3704 -42.6036 0
      vertex -47.7006 -42.0514 1.49
      vertex -46.3699 -42.6026 0
    endloop
  endfacet
  facet normal -0.650408 0.307433 -0.694589
    outer loop
      vertex -47.7006 -42.0514 1.49
      vertex -46.3704 -42.6036 0
      vertex -47.7698 -42.1978 1.49
    endloop
  endfacet
  facet normal -0.0351062 -0.718567 -0.694572
    outer loop
      vertex -48.9232 -38.3445 0
      vertex -49.0633 -39.7779 1.49
      vertex -49.225 -39.77 1.49
    endloop
  endfacet
  facet normal 0 -0.720662 -0.693287
    outer loop
      vertex -49.0633 -39.7779 1.49
      vertex -48.9232 -38.3445 0
      vertex -48.9221 -38.3445 0
    endloop
  endfacet
  facet normal -0.307563 -0.650359 -0.694578
    outer loop
      vertex -48.0414 -38.5654 0
      vertex -47.7682 -38.6946 0
      vertex -48.4472 -39.9648 1.49
    endloop
  endfacet
  facet normal -0.307433 -0.650408 -0.694589
    outer loop
      vertex -48.5936 -39.8956 1.49
      vertex -48.0414 -38.5654 0
      vertex -48.4472 -39.9648 1.49
    endloop
  endfacet
  facet normal -0.321931 -0.643863 -0.694119
    outer loop
      vertex -48.0414 -38.5654 0
      vertex -48.5936 -39.8956 1.49
      vertex -48.0424 -38.5649 0
    endloop
  endfacet
  facet normal 0.129026 -0.709642 -0.692648
    outer loop
      vertex -50.121 -38.4625 0
      vertex -49.704 -39.841 1.49
      vertex -50.1221 -38.4627 0
    endloop
  endfacet
  facet normal 0.174593 -0.697927 -0.694562
    outer loop
      vertex -49.704 -39.841 1.49
      vertex -50.121 -38.4625 0
      vertex -49.5469 -39.8017 1.49
    endloop
  endfacet
  facet normal 0.242645 -0.677273 -0.694568
    outer loop
      vertex -50.1231 -38.4631 0
      vertex -49.704 -39.841 1.49
      vertex -49.8564 -39.8956 1.49
    endloop
  endfacet
  facet normal 0.267504 -0.668759 -0.693688
    outer loop
      vertex -49.704 -39.841 1.49
      vertex -50.1231 -38.4631 0
      vertex -50.1221 -38.4627 0
    endloop
  endfacet
  facet normal -0.428283 -0.578005 -0.69461
    outer loop
      vertex -48.3083 -40.0481 1.49
      vertex -47.5072 -38.8511 0
      vertex -48.1782 -40.1445 1.49
    endloop
  endfacet
  facet normal -0.398823 -0.598234 -0.695022
    outer loop
      vertex -47.5072 -38.8511 0
      vertex -48.3083 -40.0481 1.49
      vertex -47.5081 -38.8505 0
    endloop
  endfacet
  facet normal -0.718567 0.0351062 -0.694572
    outer loop
      vertex -46.1495 -41.7218 0
      vertex -47.5829 -41.5817 1.49
      vertex -47.575 -41.42 1.49
    endloop
  endfacet
  facet normal -0.720662 0 -0.693287
    outer loop
      vertex -47.5829 -41.5817 1.49
      vertex -46.1495 -41.7218 0
      vertex -46.1495 -41.7229 0
    endloop
  endfacet
  facet normal 0.617122 0.36975 -0.694583
    outer loop
      vertex -50.6802 -42.1978 1.49
      vertex -51.7951 -43.136 0
      vertex -51.9504 -42.8768 0
    endloop
  endfacet
  facet normal 0.598234 0.398823 -0.695022
    outer loop
      vertex -51.7951 -43.136 0
      vertex -50.5969 -42.3367 1.49
      vertex -51.7945 -43.1369 0
    endloop
  endfacet
  facet normal 0.61695 0.369992 -0.694607
    outer loop
      vertex -50.5969 -42.3367 1.49
      vertex -51.7951 -43.136 0
      vertex -50.6802 -42.1978 1.49
    endloop
  endfacet
  facet normal 0.532964 0.483221 -0.694584
    outer loop
      vertex -51.6131 -43.3813 0
      vertex -50.5005 -42.4667 1.49
      vertex -50.3917 -42.5867 1.49
    endloop
  endfacet
  facet normal 0.509577 0.509577 -0.693298
    outer loop
      vertex -50.5005 -42.4667 1.49
      vertex -51.6131 -43.3813 0
      vertex -51.6139 -43.3805 0
    endloop
  endfacet
  facet normal 0.369992 0.61695 -0.694607
    outer loop
      vertex -50.941 -43.9901 0
      vertex -50.1417 -42.7919 1.49
      vertex -50.0028 -42.8752 1.49
    endloop
  endfacet
  facet normal 0.398823 0.598234 -0.695022
    outer loop
      vertex -50.1417 -42.7919 1.49
      vertex -50.941 -43.9901 0
      vertex -50.9419 -43.9895 0
    endloop
  endfacet
  facet normal 0 0.720662 -0.693287
    outer loop
      vertex -48.9232 -44.4955 0
      vertex -49.0633 -43.0621 1.49
      vertex -48.9221 -44.4955 0
    endloop
  endfacet
  facet normal -0.0351062 0.718567 -0.694572
    outer loop
      vertex -49.0633 -43.0621 1.49
      vertex -48.9232 -44.4955 0
      vertex -49.225 -43.07 1.49
    endloop
  endfacet
  facet normal 0.307437 0.650416 -0.694581
    outer loop
      vertex -50.6808 -44.1459 0
      vertex -50.0028 -42.8752 1.49
      vertex -49.8564 -42.9444 1.49
    endloop
  endfacet
  facet normal 0.321603 0.643207 -0.694879
    outer loop
      vertex -50.0028 -42.8752 1.49
      vertex -50.6808 -44.1459 0
      vertex -50.6818 -44.1454 0
    endloop
  endfacet
  facet normal -0.0652689 0.717958 -0.69302
    outer loop
      vertex -48.6232 -44.4511 0
      vertex -48.9031 -43.0383 1.49
      vertex -48.6221 -44.451 0
    endloop
  endfacet
  facet normal -0.105718 0.711598 -0.694588
    outer loop
      vertex -48.9031 -43.0383 1.49
      vertex -48.6232 -44.4511 0
      vertex -49.0633 -43.0621 1.49
    endloop
  endfacet
  facet normal -0.20757 0.691899 -0.691513
    outer loop
      vertex -48.6221 -44.451 0
      vertex -48.746 -42.999 1.49
      vertex -48.6211 -44.4507 0
    endloop
  endfacet
  facet normal -0.174583 0.697886 -0.694605
    outer loop
      vertex -48.746 -42.999 1.49
      vertex -48.6221 -44.451 0
      vertex -48.9031 -43.0383 1.49
    endloop
  endfacet
  facet normal -0.242369 0.677348 -0.694591
    outer loop
      vertex -48.0424 -44.2751 0
      vertex -48.3269 -44.3769 0
      vertex -48.5936 -42.9444 1.49
    endloop
  endfacet
  facet normal -0.267504 0.668759 -0.693688
    outer loop
      vertex -48.746 -42.999 1.49
      vertex -48.3269 -44.3769 0
      vertex -48.3279 -44.3773 0
    endloop
  endfacet
  facet normal -0.242645 0.677273 -0.694568
    outer loop
      vertex -48.3269 -44.3769 0
      vertex -48.746 -42.999 1.49
      vertex -48.5936 -42.9444 1.49
    endloop
  endfacet
  facet normal -0.509577 0.509577 -0.693298
    outer loop
      vertex -46.8369 -43.3813 0
      vertex -47.9495 -42.4667 1.49
      vertex -46.8361 -43.3805 0
    endloop
  endfacet
  facet normal -0.532964 0.483221 -0.694584
    outer loop
      vertex -47.9495 -42.4667 1.49
      vertex -46.8369 -43.3813 0
      vertex -48.0583 -42.5867 1.49
    endloop
  endfacet
  facet normal -0.667586 0.267034 -0.694997
    outer loop
      vertex -47.7006 -42.0514 1.49
      vertex -46.3695 -42.6016 0
      vertex -46.3699 -42.6026 0
    endloop
  endfacet
  facet normal -0.677237 0.242632 -0.694608
    outer loop
      vertex -46.3695 -42.6016 0
      vertex -47.7006 -42.0514 1.49
      vertex -47.646 -41.899 1.49
    endloop
  endfacet
  facet normal -0.71855 -0.035237 -0.694582
    outer loop
      vertex -46.1495 41.7218 0
      vertex -46.1347 41.42 0
      vertex -47.575 41.42 1.49
    endloop
  endfacet
  facet normal -0.711625 -0.10547 -0.694597
    outer loop
      vertex -46.194 42.0229 0
      vertex -46.1497 41.724 0
      vertex -47.6067 41.7419 1.49
    endloop
  endfacet
  facet normal 0.0351062 0.718567 -0.694572
    outer loop
      vertex -49.5268 38.3445 0
      vertex -49.3867 39.7779 1.49
      vertex -49.225 39.77 1.49
    endloop
  endfacet
  facet normal 0 0.720662 -0.693287
    outer loop
      vertex -49.3867 39.7779 1.49
      vertex -49.5268 38.3445 0
      vertex -49.5279 38.3445 0
    endloop
  endfacet
  facet normal -0.483219 -0.532969 -0.694581
    outer loop
      vertex -47.2645 43.8089 0
      vertex -47.0406 43.6059 0
      vertex -48.1782 42.6955 1.49
    endloop
  endfacet
  facet normal -0.650359 0.307563 -0.694578
    outer loop
      vertex -46.3704 40.2364 0
      vertex -46.4996 39.9632 0
      vertex -47.7698 40.6422 1.49
    endloop
  endfacet
  facet normal 0.533075 -0.483077 -0.694598
    outer loop
      vertex -51.4102 43.6052 0
      vertex -50.3917 42.5867 1.49
      vertex -51.6131 43.3813 0
    endloop
  endfacet
  facet normal 0.71855 -0.035237 -0.694582
    outer loop
      vertex -52.3005 41.7218 0
      vertex -50.875 41.42 1.49
      vertex -52.3153 41.42 0
    endloop
  endfacet
  facet normal 0.20757 -0.691899 -0.691513
    outer loop
      vertex -49.8279 44.451 0
      vertex -49.704 42.999 1.49
      vertex -49.8289 44.4507 0
    endloop
  endfacet
  facet normal 0.174583 -0.697886 -0.694605
    outer loop
      vertex -49.704 42.999 1.49
      vertex -49.8279 44.451 0
      vertex -49.5469 43.0383 1.49
    endloop
  endfacet
  facet normal -0.643863 -0.321931 -0.694119
    outer loop
      vertex -47.7006 42.0514 1.49
      vertex -46.3704 42.6036 0
      vertex -46.3699 42.6026 0
    endloop
  endfacet
  facet normal -0.650408 -0.307433 -0.694589
    outer loop
      vertex -46.3704 42.6036 0
      vertex -47.7006 42.0514 1.49
      vertex -47.7698 42.1978 1.49
    endloop
  endfacet
  facet normal -0.577823 -0.428546 -0.6946
    outer loop
      vertex -46.8361 43.3805 0
      vertex -46.6561 43.1378 0
      vertex -47.9495 42.4667 1.49
    endloop
  endfacet
  facet normal -0.473957 0.541665 -0.694236
    outer loop
      vertex -47.0406 39.2341 0
      vertex -48.0583 40.2533 1.49
      vertex -47.0398 39.2348 0
    endloop
  endfacet
  facet normal -0.483428 0.532748 -0.694605
    outer loop
      vertex -48.0583 40.2533 1.49
      vertex -47.0406 39.2341 0
      vertex -48.1782 40.1445 1.49
    endloop
  endfacet
  facet normal -0.711625 0.10547 -0.694597
    outer loop
      vertex -46.1497 41.116 0
      vertex -46.194 40.8171 0
      vertex -47.6067 41.0981 1.49
    endloop
  endfacet
  facet normal 0.577831 -0.428552 -0.694589
    outer loop
      vertex -51.6145 43.3796 0
      vertex -50.5969 42.3367 1.49
      vertex -51.7945 43.1369 0
    endloop
  endfacet
  facet normal 0.428546 -0.577823 -0.6946
    outer loop
      vertex -50.9428 43.9889 0
      vertex -50.2717 42.6955 1.49
      vertex -51.1855 43.8089 0
    endloop
  endfacet
  facet normal 0.720662 0 -0.693287
    outer loop
      vertex -50.8671 41.5817 1.49
      vertex -52.3005 41.7218 0
      vertex -52.3005 41.7229 0
    endloop
  endfacet
  facet normal 0.718567 -0.0351062 -0.694572
    outer loop
      vertex -52.3005 41.7218 0
      vertex -50.8671 41.5817 1.49
      vertex -50.875 41.42 1.49
    endloop
  endfacet
  facet normal 0.398823 0.598234 -0.695022
    outer loop
      vertex -50.9428 38.8511 0
      vertex -50.1417 40.0481 1.49
      vertex -50.9419 38.8505 0
    endloop
  endfacet
  facet normal 0.4285 0.577852 -0.694604
    outer loop
      vertex -50.1417 40.0481 1.49
      vertex -50.9428 38.8511 0
      vertex -50.2717 40.1445 1.49
    endloop
  endfacet
  facet normal 0.577831 0.428552 -0.694589
    outer loop
      vertex -50.5969 40.5033 1.49
      vertex -51.6145 39.4604 0
      vertex -51.7945 39.7031 0
    endloop
  endfacet
  facet normal -0.174707 -0.697877 -0.694583
    outer loop
      vertex -48.6211 44.4507 0
      vertex -48.3279 44.3773 0
      vertex -48.746 42.999 1.49
    endloop
  endfacet
  facet normal -0.242369 -0.677348 -0.694591
    outer loop
      vertex -48.3269 44.3769 0
      vertex -48.0424 44.2751 0
      vertex -48.5936 42.9444 1.49
    endloop
  endfacet
  facet normal -0.242645 -0.677273 -0.694568
    outer loop
      vertex -48.746 42.999 1.49
      vertex -48.3269 44.3769 0
      vertex -48.5936 42.9444 1.49
    endloop
  endfacet
  facet normal -0.267504 -0.668759 -0.693688
    outer loop
      vertex -48.3269 44.3769 0
      vertex -48.746 42.999 1.49
      vertex -48.3279 44.3773 0
    endloop
  endfacet
  facet normal 0.242645 -0.677273 -0.694568
    outer loop
      vertex -50.1231 44.3769 0
      vertex -49.704 42.999 1.49
      vertex -49.8564 42.9444 1.49
    endloop
  endfacet
  facet normal 0.267504 -0.668759 -0.693688
    outer loop
      vertex -49.704 42.999 1.49
      vertex -50.1231 44.3769 0
      vertex -50.1221 44.3773 0
    endloop
  endfacet
  facet normal -0.105705 -0.711601 -0.694587
    outer loop
      vertex -48.9221 44.4955 0
      vertex -48.6232 44.4511 0
      vertex -49.0633 43.0621 1.49
    endloop
  endfacet
  facet normal 0.035237 -0.71855 -0.694582
    outer loop
      vertex -49.225 44.5103 0
      vertex -49.225 43.07 1.49
      vertex -49.5268 44.4955 0
    endloop
  endfacet
  facet normal -0.428555 -0.577835 -0.694585
    outer loop
      vertex -47.5072 43.9889 0
      vertex -47.2645 43.8089 0
      vertex -48.1782 42.6955 1.49
    endloop
  endfacet
  facet normal -0.697877 -0.174707 -0.694583
    outer loop
      vertex -46.2677 42.3171 0
      vertex -46.1943 42.0239 0
      vertex -47.646 41.899 1.49
    endloop
  endfacet
  facet normal -0.697886 0.174583 -0.694605
    outer loop
      vertex -46.194 40.8171 0
      vertex -47.646 40.941 1.49
      vertex -47.6067 41.0981 1.49
    endloop
  endfacet
  facet normal -0.691899 0.20757 -0.691513
    outer loop
      vertex -47.646 40.941 1.49
      vertex -46.194 40.8171 0
      vertex -46.1943 40.8161 0
    endloop
  endfacet
  facet normal -0.677354 0.242371 -0.694585
    outer loop
      vertex -46.2677 40.5229 0
      vertex -46.3695 40.2384 0
      vertex -47.646 40.941 1.49
    endloop
  endfacet
  facet normal -0.697877 0.174707 -0.694583
    outer loop
      vertex -46.1943 40.8161 0
      vertex -46.2677 40.5229 0
      vertex -47.646 40.941 1.49
    endloop
  endfacet
  facet normal -0.71855 0.035237 -0.694582
    outer loop
      vertex -46.1347 41.42 0
      vertex -46.1495 41.1182 0
      vertex -47.575 41.42 1.49
    endloop
  endfacet
  facet normal 0.61695 -0.369992 -0.694607
    outer loop
      vertex -51.7951 43.136 0
      vertex -50.5969 42.3367 1.49
      vertex -50.6802 42.1978 1.49
    endloop
  endfacet
  facet normal 0.598234 -0.398823 -0.695022
    outer loop
      vertex -50.5969 42.3367 1.49
      vertex -51.7951 43.136 0
      vertex -51.7945 43.1369 0
    endloop
  endfacet
  facet normal 0.36975 -0.617122 -0.694583
    outer loop
      vertex -50.6818 44.1454 0
      vertex -50.0028 42.8752 1.49
      vertex -50.941 43.9901 0
    endloop
  endfacet
  facet normal 0.369992 -0.61695 -0.694607
    outer loop
      vertex -50.1417 42.7919 1.49
      vertex -50.941 43.9901 0
      vertex -50.0028 42.8752 1.49
    endloop
  endfacet
  facet normal 0.398823 -0.598234 -0.695022
    outer loop
      vertex -50.941 43.9901 0
      vertex -50.1417 42.7919 1.49
      vertex -50.9419 43.9895 0
    endloop
  endfacet
  facet normal 0.483208 -0.532957 -0.694598
    outer loop
      vertex -51.1855 43.8089 0
      vertex -50.2717 42.6955 1.49
      vertex -51.4094 43.6059 0
    endloop
  endfacet
  facet normal 0.677237 -0.242632 -0.694608
    outer loop
      vertex -52.0805 42.6016 0
      vertex -50.7494 42.0514 1.49
      vertex -50.804 41.899 1.49
    endloop
  endfacet
  facet normal 0.667586 -0.267034 -0.694997
    outer loop
      vertex -50.7494 42.0514 1.49
      vertex -52.0805 42.6016 0
      vertex -52.0801 42.6026 0
    endloop
  endfacet
  facet normal 0.677354 -0.242371 -0.694585
    outer loop
      vertex -52.0805 42.6016 0
      vertex -50.804 41.899 1.49
      vertex -52.1823 42.3171 0
    endloop
  endfacet
  facet normal 0.307558 0.650346 -0.694592
    outer loop
      vertex -49.8564 39.8956 1.49
      vertex -50.4076 38.5649 0
      vertex -50.6808 38.6941 0
    endloop
  endfacet
  facet normal 0.711598 0.105718 -0.694588
    outer loop
      vertex -50.8433 41.0981 1.49
      vertex -52.2561 40.8182 0
      vertex -50.8671 41.2583 1.49
    endloop
  endfacet
  facet normal 0.717958 0.0652689 -0.69302
    outer loop
      vertex -52.2561 40.8182 0
      vertex -50.8433 41.0981 1.49
      vertex -52.256 40.8171 0
    endloop
  endfacet
  facet normal 0.532964 0.483221 -0.694584
    outer loop
      vertex -51.6131 39.4587 0
      vertex -50.5005 40.3733 1.49
      vertex -50.3917 40.2533 1.49
    endloop
  endfacet
  facet normal 0.509577 0.509577 -0.693298
    outer loop
      vertex -50.5005 40.3733 1.49
      vertex -51.6131 39.4587 0
      vertex -51.6139 39.4595 0
    endloop
  endfacet
  facet normal 0.174985 0.697795 -0.694595
    outer loop
      vertex -49.5469 39.8017 1.49
      vertex -49.8279 38.389 0
      vertex -50.121 38.4625 0
    endloop
  endfacet
  facet normal -0.0351062 -0.718567 -0.694572
    outer loop
      vertex -48.9232 44.4955 0
      vertex -49.0633 43.0621 1.49
      vertex -49.225 43.07 1.49
    endloop
  endfacet
  facet normal 0 -0.720662 -0.693287
    outer loop
      vertex -49.0633 43.0621 1.49
      vertex -48.9232 44.4955 0
      vertex -48.9221 44.4955 0
    endloop
  endfacet
  facet normal 0.174707 -0.697877 -0.694583
    outer loop
      vertex -49.8289 44.4507 0
      vertex -49.704 42.999 1.49
      vertex -50.1221 44.3773 0
    endloop
  endfacet
  facet normal -0 -0.720662 -0.693287
    outer loop
      vertex -49.5268 44.4955 0
      vertex -49.3867 43.0621 1.49
      vertex -49.5279 44.4955 0
    endloop
  endfacet
  facet normal 0.0351062 -0.718567 -0.694572
    outer loop
      vertex -49.3867 43.0621 1.49
      vertex -49.5268 44.4955 0
      vertex -49.225 43.07 1.49
    endloop
  endfacet
  facet normal 0.105705 -0.711601 -0.694587
    outer loop
      vertex -49.5279 44.4955 0
      vertex -49.3867 43.0621 1.49
      vertex -49.8268 44.4511 0
    endloop
  endfacet
  facet normal -0.105718 -0.711598 -0.694588
    outer loop
      vertex -48.6232 44.4511 0
      vertex -48.9031 43.0383 1.49
      vertex -49.0633 43.0621 1.49
    endloop
  endfacet
  facet normal -0.0652689 -0.717958 -0.69302
    outer loop
      vertex -48.9031 43.0383 1.49
      vertex -48.6232 44.4511 0
      vertex -48.6221 44.451 0
    endloop
  endfacet
  facet normal -0.035237 -0.71855 -0.694582
    outer loop
      vertex -49.225 44.5103 0
      vertex -48.9232 44.4955 0
      vertex -49.225 43.07 1.49
    endloop
  endfacet
  facet normal -0.509577 -0.509577 -0.693298
    outer loop
      vertex -47.9495 42.4667 1.49
      vertex -46.8369 43.3813 0
      vertex -46.8361 43.3805 0
    endloop
  endfacet
  facet normal -0.532964 -0.483221 -0.694584
    outer loop
      vertex -46.8369 43.3813 0
      vertex -47.9495 42.4667 1.49
      vertex -48.0583 42.5867 1.49
    endloop
  endfacet
  facet normal -0.61695 -0.369992 -0.694607
    outer loop
      vertex -47.8531 42.3367 1.49
      vertex -46.6549 43.136 0
      vertex -47.7698 42.1978 1.49
    endloop
  endfacet
  facet normal -0.598234 -0.398823 -0.695022
    outer loop
      vertex -46.6549 43.136 0
      vertex -47.8531 42.3367 1.49
      vertex -46.6555 43.1369 0
    endloop
  endfacet
  facet normal -0.398823 -0.598234 -0.695022
    outer loop
      vertex -48.3083 42.7919 1.49
      vertex -47.509 43.9901 0
      vertex -47.5081 43.9895 0
    endloop
  endfacet
  facet normal -0.369992 -0.61695 -0.694607
    outer loop
      vertex -47.509 43.9901 0
      vertex -48.3083 42.7919 1.49
      vertex -48.4472 42.8752 1.49
    endloop
  endfacet
  facet normal -0.428283 -0.578005 -0.69461
    outer loop
      vertex -48.3083 42.7919 1.49
      vertex -47.5072 43.9889 0
      vertex -48.1782 42.6955 1.49
    endloop
  endfacet
  facet normal -0.398823 -0.598234 -0.695022
    outer loop
      vertex -47.5072 43.9889 0
      vertex -48.3083 42.7919 1.49
      vertex -47.5081 43.9895 0
    endloop
  endfacet
  facet normal -0.677237 -0.242632 -0.694608
    outer loop
      vertex -47.7006 42.0514 1.49
      vertex -46.3695 42.6016 0
      vertex -47.646 41.899 1.49
    endloop
  endfacet
  facet normal -0.667586 -0.267034 -0.694997
    outer loop
      vertex -46.3695 42.6016 0
      vertex -47.7006 42.0514 1.49
      vertex -46.3699 42.6026 0
    endloop
  endfacet
  facet normal -0.398823 0.598234 -0.695022
    outer loop
      vertex -47.509 38.8499 0
      vertex -48.3083 40.0481 1.49
      vertex -47.5081 38.8505 0
    endloop
  endfacet
  facet normal -0.369992 0.61695 -0.694607
    outer loop
      vertex -48.3083 40.0481 1.49
      vertex -47.509 38.8499 0
      vertex -48.4472 39.9648 1.49
    endloop
  endfacet
  facet normal -0.577831 0.428552 -0.694589
    outer loop
      vertex -46.6555 39.7031 0
      vertex -46.8355 39.4604 0
      vertex -47.8531 40.5033 1.49
    endloop
  endfacet
  facet normal -0.533075 0.483077 -0.694598
    outer loop
      vertex -46.8369 39.4587 0
      vertex -47.0398 39.2348 0
      vertex -48.0583 40.2533 1.49
    endloop
  endfacet
  facet normal -0.643863 0.321931 -0.694119
    outer loop
      vertex -46.3704 40.2364 0
      vertex -47.7006 40.7886 1.49
      vertex -46.3699 40.2374 0
    endloop
  endfacet
  facet normal -0.650408 0.307433 -0.694589
    outer loop
      vertex -47.7006 40.7886 1.49
      vertex -46.3704 40.2364 0
      vertex -47.7698 40.6422 1.49
    endloop
  endfacet
  facet normal 0.242369 -0.677348 -0.694591
    outer loop
      vertex -50.1231 44.3769 0
      vertex -49.8564 42.9444 1.49
      vertex -50.4076 44.2751 0
    endloop
  endfacet
  facet normal 0.483212 -0.532954 -0.694598
    outer loop
      vertex -50.3917 42.5867 1.49
      vertex -51.4094 43.6059 0
      vertex -50.2717 42.6955 1.49
    endloop
  endfacet
  facet normal 0.473957 -0.541665 -0.694236
    outer loop
      vertex -51.4094 43.6059 0
      vertex -50.3917 42.5867 1.49
      vertex -51.4102 43.6052 0
    endloop
  endfacet
  facet normal 0.532964 -0.483221 -0.694584
    outer loop
      vertex -50.5005 42.4667 1.49
      vertex -51.6131 43.3813 0
      vertex -50.3917 42.5867 1.49
    endloop
  endfacet
  facet normal 0.509577 -0.509577 -0.693298
    outer loop
      vertex -51.6131 43.3813 0
      vertex -50.5005 42.4667 1.49
      vertex -51.6139 43.3805 0
    endloop
  endfacet
  facet normal 0.577867 -0.428511 -0.694585
    outer loop
      vertex -51.6145 43.3796 0
      vertex -50.5005 42.4667 1.49
      vertex -50.5969 42.3367 1.49
    endloop
  endfacet
  facet normal 0.599649 -0.399766 -0.693259
    outer loop
      vertex -50.5005 42.4667 1.49
      vertex -51.6145 43.3796 0
      vertex -51.6139 43.3805 0
    endloop
  endfacet
  facet normal 0.650359 -0.307563 -0.694578
    outer loop
      vertex -51.9504 42.8768 0
      vertex -50.6802 42.1978 1.49
      vertex -52.0796 42.6036 0
    endloop
  endfacet
  facet normal 0.617122 -0.36975 -0.694583
    outer loop
      vertex -51.7951 43.136 0
      vertex -50.6802 42.1978 1.49
      vertex -51.9504 42.8768 0
    endloop
  endfacet
  facet normal 0.717958 -0.0652689 -0.69302
    outer loop
      vertex -50.8433 41.7419 1.49
      vertex -52.2561 42.0218 0
      vertex -52.256 42.0229 0
    endloop
  endfacet
  facet normal 0.711598 -0.105718 -0.694588
    outer loop
      vertex -52.2561 42.0218 0
      vertex -50.8433 41.7419 1.49
      vertex -50.8671 41.5817 1.49
    endloop
  endfacet
  facet normal 0.711601 -0.105705 -0.694587
    outer loop
      vertex -52.2561 42.0218 0
      vertex -50.8671 41.5817 1.49
      vertex -52.3005 41.7229 0
    endloop
  endfacet
  facet normal 0.697877 -0.174707 -0.694583
    outer loop
      vertex -52.1823 42.3171 0
      vertex -50.804 41.899 1.49
      vertex -52.2557 42.0239 0
    endloop
  endfacet
  facet normal 0.691899 -0.20757 -0.691513
    outer loop
      vertex -50.804 41.899 1.49
      vertex -52.256 42.0229 0
      vertex -52.2557 42.0239 0
    endloop
  endfacet
  facet normal 0.697886 -0.174583 -0.694605
    outer loop
      vertex -52.256 42.0229 0
      vertex -50.804 41.899 1.49
      vertex -50.8433 41.7419 1.49
    endloop
  endfacet
  facet normal 0.483212 0.532954 -0.694598
    outer loop
      vertex -51.4094 39.2341 0
      vertex -50.3917 40.2533 1.49
      vertex -50.2717 40.1445 1.49
    endloop
  endfacet
  facet normal 0.473957 0.541665 -0.694236
    outer loop
      vertex -50.3917 40.2533 1.49
      vertex -51.4094 39.2341 0
      vertex -51.4102 39.2348 0
    endloop
  endfacet
  facet normal 0.533075 0.483077 -0.694598
    outer loop
      vertex -50.3917 40.2533 1.49
      vertex -51.4102 39.2348 0
      vertex -51.6131 39.4587 0
    endloop
  endfacet
  facet normal 0.61701 0.36992 -0.694592
    outer loop
      vertex -50.5969 40.5033 1.49
      vertex -51.7945 39.7031 0
      vertex -51.9499 39.9623 0
    endloop
  endfacet
  facet normal 0.616969 0.370003 -0.694584
    outer loop
      vertex -51.9499 39.9623 0
      vertex -50.6802 40.6422 1.49
      vertex -50.5969 40.5033 1.49
    endloop
  endfacet
  facet normal 0.628557 0.349198 -0.694965
    outer loop
      vertex -50.6802 40.6422 1.49
      vertex -51.9499 39.9623 0
      vertex -51.9504 39.9632 0
    endloop
  endfacet
  facet normal 0.697886 0.174583 -0.694605
    outer loop
      vertex -50.804 40.941 1.49
      vertex -52.256 40.8171 0
      vertex -50.8433 41.0981 1.49
    endloop
  endfacet
  facet normal 0.691899 0.20757 -0.691513
    outer loop
      vertex -52.256 40.8171 0
      vertex -50.804 40.941 1.49
      vertex -52.2557 40.8161 0
    endloop
  endfacet
  facet normal 0.71855 0.035237 -0.694582
    outer loop
      vertex -50.875 41.42 1.49
      vertex -52.3005 41.1182 0
      vertex -52.3153 41.42 0
    endloop
  endfacet
  facet normal 0.697877 0.174707 -0.694583
    outer loop
      vertex -50.804 40.941 1.49
      vertex -52.1823 40.5229 0
      vertex -52.2557 40.8161 0
    endloop
  endfacet
  facet normal -0.10547 0.711625 -0.694597
    outer loop
      vertex -48.9031 39.8017 1.49
      vertex -48.6221 38.389 0
      vertex -48.921 38.3447 0
    endloop
  endfacet
  facet normal 0 0.720662 -0.693287
    outer loop
      vertex -48.9232 38.3445 0
      vertex -49.0633 39.7779 1.49
      vertex -48.9221 38.3445 0
    endloop
  endfacet
  facet normal -0.0351062 0.718567 -0.694572
    outer loop
      vertex -49.0633 39.7779 1.49
      vertex -48.9232 38.3445 0
      vertex -49.225 39.77 1.49
    endloop
  endfacet
  facet normal 0.267504 0.668759 -0.693688
    outer loop
      vertex -50.1231 38.4631 0
      vertex -49.704 39.841 1.49
      vertex -50.1221 38.4627 0
    endloop
  endfacet
  facet normal 0.242645 0.677273 -0.694568
    outer loop
      vertex -49.704 39.841 1.49
      vertex -50.1231 38.4631 0
      vertex -49.8564 39.8956 1.49
    endloop
  endfacet
  facet normal -0.321931 0.643863 -0.694119
    outer loop
      vertex -48.5936 39.8956 1.49
      vertex -48.0414 38.5654 0
      vertex -48.0424 38.5649 0
    endloop
  endfacet
  facet normal -0.307433 0.650408 -0.694589
    outer loop
      vertex -48.0414 38.5654 0
      vertex -48.5936 39.8956 1.49
      vertex -48.4472 39.9648 1.49
    endloop
  endfacet
  facet normal -0.307433 -0.650408 -0.694589
    outer loop
      vertex -48.5936 42.9444 1.49
      vertex -48.0414 44.2746 0
      vertex -48.4472 42.8752 1.49
    endloop
  endfacet
  facet normal -0.321931 -0.643863 -0.694119
    outer loop
      vertex -48.0414 44.2746 0
      vertex -48.5936 42.9444 1.49
      vertex -48.0424 44.2751 0
    endloop
  endfacet
  facet normal 0.0652689 -0.717958 -0.69302
    outer loop
      vertex -49.8268 44.4511 0
      vertex -49.5469 43.0383 1.49
      vertex -49.8279 44.451 0
    endloop
  endfacet
  facet normal 0.105718 -0.711598 -0.694588
    outer loop
      vertex -49.5469 43.0383 1.49
      vertex -49.8268 44.4511 0
      vertex -49.3867 43.0621 1.49
    endloop
  endfacet
  facet normal -0.174583 -0.697886 -0.694605
    outer loop
      vertex -48.6221 44.451 0
      vertex -48.746 42.999 1.49
      vertex -48.9031 43.0383 1.49
    endloop
  endfacet
  facet normal -0.20757 -0.691899 -0.691513
    outer loop
      vertex -48.746 42.999 1.49
      vertex -48.6221 44.451 0
      vertex -48.6211 44.4507 0
    endloop
  endfacet
  facet normal -0.650359 -0.307563 -0.694578
    outer loop
      vertex -46.4996 42.8768 0
      vertex -46.3704 42.6036 0
      vertex -47.7698 42.1978 1.49
    endloop
  endfacet
  facet normal -0.617122 -0.36975 -0.694583
    outer loop
      vertex -46.6549 43.136 0
      vertex -46.4996 42.8768 0
      vertex -47.7698 42.1978 1.49
    endloop
  endfacet
  facet normal -0.677354 -0.242371 -0.694585
    outer loop
      vertex -46.3695 42.6016 0
      vertex -46.2677 42.3171 0
      vertex -47.646 41.899 1.49
    endloop
  endfacet
  facet normal -0.691899 -0.20757 -0.691513
    outer loop
      vertex -46.194 42.0229 0
      vertex -47.646 41.899 1.49
      vertex -46.1943 42.0239 0
    endloop
  endfacet
  facet normal -0.697886 -0.174583 -0.694605
    outer loop
      vertex -47.646 41.899 1.49
      vertex -46.194 42.0229 0
      vertex -47.6067 41.7419 1.49
    endloop
  endfacet
  facet normal -0.720662 0 -0.693287
    outer loop
      vertex -46.1495 41.7218 0
      vertex -47.5829 41.5817 1.49
      vertex -46.1495 41.7229 0
    endloop
  endfacet
  facet normal -0.718567 -0.0351062 -0.694572
    outer loop
      vertex -47.5829 41.5817 1.49
      vertex -46.1495 41.7218 0
      vertex -47.575 41.42 1.49
    endloop
  endfacet
  facet normal -0.709776 -0.12905 -0.692506
    outer loop
      vertex -46.1495 41.7229 0
      vertex -47.6067 41.7419 1.49
      vertex -46.1497 41.724 0
    endloop
  endfacet
  facet normal -0.711599 -0.105718 -0.694586
    outer loop
      vertex -47.6067 41.7419 1.49
      vertex -46.1495 41.7229 0
      vertex -47.5829 41.5817 1.49
    endloop
  endfacet
  facet normal -0.483219 0.532969 -0.694581
    outer loop
      vertex -47.0406 39.2341 0
      vertex -47.2645 39.0311 0
      vertex -48.1782 40.1445 1.49
    endloop
  endfacet
  facet normal -0.428555 0.577835 -0.694585
    outer loop
      vertex -47.2645 39.0311 0
      vertex -47.5072 38.8511 0
      vertex -48.1782 40.1445 1.49
    endloop
  endfacet
  facet normal -0.307563 0.650359 -0.694578
    outer loop
      vertex -47.7682 38.6946 0
      vertex -48.0414 38.5654 0
      vertex -48.4472 39.9648 1.49
    endloop
  endfacet
  facet normal -0.36975 0.617122 -0.694583
    outer loop
      vertex -47.509 38.8499 0
      vertex -47.7682 38.6946 0
      vertex -48.4472 39.9648 1.49
    endloop
  endfacet
  facet normal -0.509577 0.509577 -0.693298
    outer loop
      vertex -46.8369 39.4587 0
      vertex -47.9495 40.3733 1.49
      vertex -46.8361 39.4595 0
    endloop
  endfacet
  facet normal -0.532964 0.483221 -0.694584
    outer loop
      vertex -47.9495 40.3733 1.49
      vertex -46.8369 39.4587 0
      vertex -48.0583 40.2533 1.49
    endloop
  endfacet
  facet normal -0.598234 0.398823 -0.695022
    outer loop
      vertex -47.8531 40.5033 1.49
      vertex -46.6549 39.704 0
      vertex -46.6555 39.7031 0
    endloop
  endfacet
  facet normal -0.61695 0.369992 -0.694607
    outer loop
      vertex -46.6549 39.704 0
      vertex -47.8531 40.5033 1.49
      vertex -47.7698 40.6422 1.49
    endloop
  endfacet
  facet normal -0.617122 0.36975 -0.694583
    outer loop
      vertex -46.4996 39.9632 0
      vertex -46.6549 39.704 0
      vertex -47.7698 40.6422 1.49
    endloop
  endfacet
  facet normal -0.709776 0.12905 -0.692506
    outer loop
      vertex -47.6067 41.0981 1.49
      vertex -46.1495 41.1171 0
      vertex -46.1497 41.116 0
    endloop
  endfacet
  facet normal -0.711599 0.105718 -0.694586
    outer loop
      vertex -46.1495 41.1171 0
      vertex -47.6067 41.0981 1.49
      vertex -47.5829 41.2583 1.49
    endloop
  endfacet
  facet normal 0.307558 -0.650346 -0.694592
    outer loop
      vertex -50.4076 44.2751 0
      vertex -49.8564 42.9444 1.49
      vertex -50.6808 44.1459 0
    endloop
  endfacet
  facet normal 0.307437 -0.650416 -0.694581
    outer loop
      vertex -50.0028 42.8752 1.49
      vertex -50.6808 44.1459 0
      vertex -49.8564 42.9444 1.49
    endloop
  endfacet
  facet normal 0.321603 -0.643207 -0.694879
    outer loop
      vertex -50.6808 44.1459 0
      vertex -50.0028 42.8752 1.49
      vertex -50.6818 44.1454 0
    endloop
  endfacet
  facet normal 0.4285 -0.577852 -0.694604
    outer loop
      vertex -50.9428 43.9889 0
      vertex -50.1417 42.7919 1.49
      vertex -50.2717 42.6955 1.49
    endloop
  endfacet
  facet normal 0.398823 -0.598234 -0.695022
    outer loop
      vertex -50.1417 42.7919 1.49
      vertex -50.9428 43.9889 0
      vertex -50.9419 43.9895 0
    endloop
  endfacet
  facet normal 0.650408 -0.307433 -0.694589
    outer loop
      vertex -50.7494 42.0514 1.49
      vertex -52.0796 42.6036 0
      vertex -50.6802 42.1978 1.49
    endloop
  endfacet
  facet normal 0.643863 -0.321931 -0.694119
    outer loop
      vertex -52.0796 42.6036 0
      vertex -50.7494 42.0514 1.49
      vertex -52.0801 42.6026 0
    endloop
  endfacet
  facet normal 0.483208 0.532957 -0.694598
    outer loop
      vertex -50.2717 40.1445 1.49
      vertex -51.1855 39.0311 0
      vertex -51.4094 39.2341 0
    endloop
  endfacet
  facet normal 0.428546 0.577823 -0.6946
    outer loop
      vertex -50.2717 40.1445 1.49
      vertex -50.9428 38.8511 0
      vertex -51.1855 39.0311 0
    endloop
  endfacet
  facet normal 0.242369 0.677348 -0.694591
    outer loop
      vertex -49.8564 39.8956 1.49
      vertex -50.1231 38.4631 0
      vertex -50.4076 38.5649 0
    endloop
  endfacet
  facet normal 0.36975 0.617122 -0.694583
    outer loop
      vertex -50.0028 39.9648 1.49
      vertex -50.6818 38.6946 0
      vertex -50.941 38.8499 0
    endloop
  endfacet
  facet normal 0.307437 0.650416 -0.694581
    outer loop
      vertex -50.6808 38.6941 0
      vertex -50.0028 39.9648 1.49
      vertex -49.8564 39.8956 1.49
    endloop
  endfacet
  facet normal 0.321603 0.643207 -0.694879
    outer loop
      vertex -50.0028 39.9648 1.49
      vertex -50.6808 38.6941 0
      vertex -50.6818 38.6946 0
    endloop
  endfacet
  facet normal 0.599649 0.399766 -0.693259
    outer loop
      vertex -51.6145 39.4604 0
      vertex -50.5005 40.3733 1.49
      vertex -51.6139 39.4595 0
    endloop
  endfacet
  facet normal 0.577867 0.428511 -0.694585
    outer loop
      vertex -50.5005 40.3733 1.49
      vertex -51.6145 39.4604 0
      vertex -50.5969 40.5033 1.49
    endloop
  endfacet
  facet normal 0.718567 0.0351062 -0.694572
    outer loop
      vertex -50.8671 41.2583 1.49
      vertex -52.3005 41.1182 0
      vertex -50.875 41.42 1.49
    endloop
  endfacet
  facet normal 0.720662 0 -0.693287
    outer loop
      vertex -52.3005 41.1182 0
      vertex -50.8671 41.2583 1.49
      vertex -52.3005 41.1171 0
    endloop
  endfacet
  facet normal 0.711601 0.105705 -0.694587
    outer loop
      vertex -50.8671 41.2583 1.49
      vertex -52.2561 40.8182 0
      vertex -52.3005 41.1171 0
    endloop
  endfacet
  facet normal 0.677354 0.242371 -0.694585
    outer loop
      vertex -50.804 40.941 1.49
      vertex -52.0805 40.2384 0
      vertex -52.1823 40.5229 0
    endloop
  endfacet
  facet normal 0.667586 0.267034 -0.694997
    outer loop
      vertex -52.0805 40.2384 0
      vertex -50.7494 40.7886 1.49
      vertex -52.0801 40.2374 0
    endloop
  endfacet
  facet normal 0.677237 0.242632 -0.694608
    outer loop
      vertex -50.7494 40.7886 1.49
      vertex -52.0805 40.2384 0
      vertex -50.804 40.941 1.49
    endloop
  endfacet
  facet normal -0.267504 0.668759 -0.693688
    outer loop
      vertex -48.746 39.841 1.49
      vertex -48.3269 38.4631 0
      vertex -48.3279 38.4627 0
    endloop
  endfacet
  facet normal -0.242645 0.677273 -0.694568
    outer loop
      vertex -48.3269 38.4631 0
      vertex -48.746 39.841 1.49
      vertex -48.5936 39.8956 1.49
    endloop
  endfacet
  facet normal -0.242369 0.677348 -0.694591
    outer loop
      vertex -48.0424 38.5649 0
      vertex -48.3269 38.4631 0
      vertex -48.5936 39.8956 1.49
    endloop
  endfacet
  facet normal -0.174985 0.697795 -0.694595
    outer loop
      vertex -48.329 38.4625 0
      vertex -48.6221 38.389 0
      vertex -48.9031 39.8017 1.49
    endloop
  endfacet
  facet normal 0.105718 0.711599 -0.694586
    outer loop
      vertex -49.5279 38.3445 0
      vertex -49.5469 39.8017 1.49
      vertex -49.3867 39.7779 1.49
    endloop
  endfacet
  facet normal 0.12905 0.709776 -0.692506
    outer loop
      vertex -49.5469 39.8017 1.49
      vertex -49.5279 38.3445 0
      vertex -49.529 38.3447 0
    endloop
  endfacet
  facet normal 0.10547 0.711625 -0.694597
    outer loop
      vertex -49.5469 39.8017 1.49
      vertex -49.529 38.3447 0
      vertex -49.8279 38.389 0
    endloop
  endfacet
  facet normal 0.035237 0.71855 -0.694582
    outer loop
      vertex -49.225 39.77 1.49
      vertex -49.225 38.3297 0
      vertex -49.5268 38.3445 0
    endloop
  endfacet
  facet normal -0.035237 0.71855 -0.694582
    outer loop
      vertex -49.225 39.77 1.49
      vertex -48.9232 38.3445 0
      vertex -49.225 38.3297 0
    endloop
  endfacet
  facet normal -0.36975 -0.617122 -0.694583
    outer loop
      vertex -47.7682 44.1454 0
      vertex -47.509 43.9901 0
      vertex -48.4472 42.8752 1.49
    endloop
  endfacet
  facet normal -0.307563 -0.650359 -0.694578
    outer loop
      vertex -48.0414 44.2746 0
      vertex -47.7682 44.1454 0
      vertex -48.4472 42.8752 1.49
    endloop
  endfacet
  facet normal -0.533075 -0.483077 -0.694598
    outer loop
      vertex -47.0398 43.6052 0
      vertex -46.8369 43.3813 0
      vertex -48.0583 42.5867 1.49
    endloop
  endfacet
  facet normal -0.473957 -0.541665 -0.694236
    outer loop
      vertex -48.0583 42.5867 1.49
      vertex -47.0406 43.6059 0
      vertex -47.0398 43.6052 0
    endloop
  endfacet
  facet normal -0.483428 -0.532748 -0.694605
    outer loop
      vertex -47.0406 43.6059 0
      vertex -48.0583 42.5867 1.49
      vertex -48.1782 42.6955 1.49
    endloop
  endfacet
  facet normal -0.598234 -0.398823 -0.695022
    outer loop
      vertex -47.8531 42.3367 1.49
      vertex -46.6561 43.1378 0
      vertex -46.6555 43.1369 0
    endloop
  endfacet
  facet normal -0.577852 -0.4285 -0.694604
    outer loop
      vertex -46.6561 43.1378 0
      vertex -47.8531 42.3367 1.49
      vertex -47.9495 42.4667 1.49
    endloop
  endfacet
  facet normal -0.398823 0.598234 -0.695022
    outer loop
      vertex -48.3083 40.0481 1.49
      vertex -47.5072 38.8511 0
      vertex -47.5081 38.8505 0
    endloop
  endfacet
  facet normal -0.428283 0.578005 -0.69461
    outer loop
      vertex -47.5072 38.8511 0
      vertex -48.3083 40.0481 1.49
      vertex -48.1782 40.1445 1.49
    endloop
  endfacet
  facet normal -0.599649 0.399766 -0.693259
    outer loop
      vertex -47.9495 40.3733 1.49
      vertex -46.8355 39.4604 0
      vertex -46.8361 39.4595 0
    endloop
  endfacet
  facet normal -0.577867 0.428511 -0.694585
    outer loop
      vertex -46.8355 39.4604 0
      vertex -47.9495 40.3733 1.49
      vertex -47.8531 40.5033 1.49
    endloop
  endfacet
  facet normal -0.667586 0.267034 -0.694997
    outer loop
      vertex -47.7006 40.7886 1.49
      vertex -46.3695 40.2384 0
      vertex -46.3699 40.2374 0
    endloop
  endfacet
  facet normal -0.677237 0.242632 -0.694608
    outer loop
      vertex -46.3695 40.2384 0
      vertex -47.7006 40.7886 1.49
      vertex -47.646 40.941 1.49
    endloop
  endfacet
  facet normal -0.718567 0.0351062 -0.694572
    outer loop
      vertex -46.1495 41.1182 0
      vertex -47.5829 41.2583 1.49
      vertex -47.575 41.42 1.49
    endloop
  endfacet
  facet normal -0.720662 0 -0.693287
    outer loop
      vertex -47.5829 41.2583 1.49
      vertex -46.1495 41.1182 0
      vertex -46.1495 41.1171 0
    endloop
  endfacet
  facet normal 0.369992 0.61695 -0.694607
    outer loop
      vertex -50.941 38.8499 0
      vertex -50.1417 40.0481 1.49
      vertex -50.0028 39.9648 1.49
    endloop
  endfacet
  facet normal 0.398823 0.598234 -0.695022
    outer loop
      vertex -50.1417 40.0481 1.49
      vertex -50.941 38.8499 0
      vertex -50.9419 38.8505 0
    endloop
  endfacet
  facet normal 0.174593 0.697927 -0.694562
    outer loop
      vertex -50.121 38.4625 0
      vertex -49.704 39.841 1.49
      vertex -49.5469 39.8017 1.49
    endloop
  endfacet
  facet normal 0.129026 0.709642 -0.692648
    outer loop
      vertex -49.704 39.841 1.49
      vertex -50.121 38.4625 0
      vertex -50.1221 38.4627 0
    endloop
  endfacet
  facet normal 0.650408 0.307433 -0.694589
    outer loop
      vertex -52.0796 40.2364 0
      vertex -50.7494 40.7886 1.49
      vertex -50.6802 40.6422 1.49
    endloop
  endfacet
  facet normal 0.643863 0.321931 -0.694119
    outer loop
      vertex -50.7494 40.7886 1.49
      vertex -52.0796 40.2364 0
      vertex -52.0801 40.2374 0
    endloop
  endfacet
  facet normal 0.650359 0.307563 -0.694578
    outer loop
      vertex -50.6802 40.6422 1.49
      vertex -51.9504 39.9632 0
      vertex -52.0796 40.2364 0
    endloop
  endfacet
  facet normal -0.12905 0.709776 -0.692506
    outer loop
      vertex -48.9221 38.3445 0
      vertex -48.9031 39.8017 1.49
      vertex -48.921 38.3447 0
    endloop
  endfacet
  facet normal -0.105718 0.711599 -0.694586
    outer loop
      vertex -48.9031 39.8017 1.49
      vertex -48.9221 38.3445 0
      vertex -49.0633 39.7779 1.49
    endloop
  endfacet
  facet normal -0.129026 0.709642 -0.692648
    outer loop
      vertex -48.329 38.4625 0
      vertex -48.746 39.841 1.49
      vertex -48.3279 38.4627 0
    endloop
  endfacet
  facet normal -0.174593 0.697927 -0.694562
    outer loop
      vertex -48.746 39.841 1.49
      vertex -48.329 38.4625 0
      vertex -48.9031 39.8017 1.49
    endloop
  endfacet
  facet normal -0.71855 -0.035237 -0.694582
    outer loop
      vertex 52.3005 -41.1182 0
      vertex 52.3153 -41.42 0
      vertex 50.875 -41.42 1.49
    endloop
  endfacet
  facet normal 0.711599 0.105718 -0.694586
    outer loop
      vertex 47.6067 -41.7419 1.49
      vertex 46.1495 -41.7229 0
      vertex 47.5829 -41.5817 1.49
    endloop
  endfacet
  facet normal 0.709776 0.12905 -0.692506
    outer loop
      vertex 46.1495 -41.7229 0
      vertex 47.6067 -41.7419 1.49
      vertex 46.1497 -41.724 0
    endloop
  endfacet
  facet normal -0.677354 -0.242371 -0.694585
    outer loop
      vertex 52.0805 -40.2384 0
      vertex 52.1823 -40.5229 0
      vertex 50.804 -40.941 1.49
    endloop
  endfacet
  facet normal -0.643863 -0.321931 -0.694119
    outer loop
      vertex 50.7494 -40.7886 1.49
      vertex 52.0796 -40.2364 0
      vertex 52.0801 -40.2374 0
    endloop
  endfacet
  facet normal -0.650408 -0.307433 -0.694589
    outer loop
      vertex 52.0796 -40.2364 0
      vertex 50.7494 -40.7886 1.49
      vertex 50.6802 -40.6422 1.49
    endloop
  endfacet
  facet normal -0.711598 0.105718 -0.694588
    outer loop
      vertex 52.2561 -42.0218 0
      vertex 50.8433 -41.7419 1.49
      vertex 50.8671 -41.5817 1.49
    endloop
  endfacet
  facet normal -0.717958 0.0652689 -0.69302
    outer loop
      vertex 50.8433 -41.7419 1.49
      vertex 52.2561 -42.0218 0
      vertex 52.256 -42.0229 0
    endloop
  endfacet
  facet normal -0.428546 0.577823 -0.6946
    outer loop
      vertex 51.1855 -43.8089 0
      vertex 50.9428 -43.9889 0
      vertex 50.2717 -42.6955 1.49
    endloop
  endfacet
  facet normal -0.242645 -0.677273 -0.694568
    outer loop
      vertex 49.704 -39.841 1.49
      vertex 50.1231 -38.4631 0
      vertex 49.8564 -39.8956 1.49
    endloop
  endfacet
  facet normal -0.267504 -0.668759 -0.693688
    outer loop
      vertex 50.1231 -38.4631 0
      vertex 49.704 -39.841 1.49
      vertex 50.1221 -38.4627 0
    endloop
  endfacet
  facet normal 0.36975 -0.617122 -0.694583
    outer loop
      vertex 47.7682 -38.6946 0
      vertex 48.4472 -39.9648 1.49
      vertex 47.509 -38.8499 0
    endloop
  endfacet
  facet normal -0.677237 -0.242632 -0.694608
    outer loop
      vertex 50.7494 -40.7886 1.49
      vertex 52.0805 -40.2384 0
      vertex 50.804 -40.941 1.49
    endloop
  endfacet
  facet normal -0.667586 -0.267034 -0.694997
    outer loop
      vertex 52.0805 -40.2384 0
      vertex 50.7494 -40.7886 1.49
      vertex 52.0801 -40.2374 0
    endloop
  endfacet
  facet normal 0.650359 -0.307563 -0.694578
    outer loop
      vertex 46.4996 -39.9632 0
      vertex 47.7698 -40.6422 1.49
      vertex 46.3704 -40.2364 0
    endloop
  endfacet
  facet normal 0.532964 -0.483221 -0.694584
    outer loop
      vertex 47.9495 -40.3733 1.49
      vertex 46.8369 -39.4587 0
      vertex 48.0583 -40.2533 1.49
    endloop
  endfacet
  facet normal 0.509577 -0.509577 -0.693298
    outer loop
      vertex 46.8369 -39.4587 0
      vertex 47.9495 -40.3733 1.49
      vertex 46.8361 -39.4595 0
    endloop
  endfacet
  facet normal 0.71855 -0.035237 -0.694582
    outer loop
      vertex 46.1495 -41.1182 0
      vertex 47.575 -41.42 1.49
      vertex 46.1347 -41.42 0
    endloop
  endfacet
  facet normal 0.483219 0.532969 -0.694581
    outer loop
      vertex 48.1782 -42.6955 1.49
      vertex 47.2645 -43.8089 0
      vertex 47.0406 -43.6059 0
    endloop
  endfacet
  facet normal 0.650408 -0.307433 -0.694589
    outer loop
      vertex 47.7006 -40.7886 1.49
      vertex 46.3704 -40.2364 0
      vertex 47.7698 -40.6422 1.49
    endloop
  endfacet
  facet normal 0.643863 -0.321931 -0.694119
    outer loop
      vertex 46.3704 -40.2364 0
      vertex 47.7006 -40.7886 1.49
      vertex 46.3699 -40.2374 0
    endloop
  endfacet
  facet normal -0.321603 0.643207 -0.694879
    outer loop
      vertex 50.6808 -44.1459 0
      vertex 50.0028 -42.8752 1.49
      vertex 50.6818 -44.1454 0
    endloop
  endfacet
  facet normal -0.307437 0.650416 -0.694581
    outer loop
      vertex 50.0028 -42.8752 1.49
      vertex 50.6808 -44.1459 0
      vertex 49.8564 -42.9444 1.49
    endloop
  endfacet
  facet normal -0.174985 -0.697795 -0.694595
    outer loop
      vertex 49.8279 -38.389 0
      vertex 50.121 -38.4625 0
      vertex 49.5469 -39.8017 1.49
    endloop
  endfacet
  facet normal -0 -0.720662 -0.693287
    outer loop
      vertex 48.9232 -38.3445 0
      vertex 49.0633 -39.7779 1.49
      vertex 48.9221 -38.3445 0
    endloop
  endfacet
  facet normal 0.0351062 -0.718567 -0.694572
    outer loop
      vertex 49.0633 -39.7779 1.49
      vertex 48.9232 -38.3445 0
      vertex 49.225 -39.77 1.49
    endloop
  endfacet
  facet normal -0.509577 -0.509577 -0.693298
    outer loop
      vertex 50.5005 -40.3733 1.49
      vertex 51.6131 -39.4587 0
      vertex 51.6139 -39.4595 0
    endloop
  endfacet
  facet normal -0.532964 -0.483221 -0.694584
    outer loop
      vertex 51.6131 -39.4587 0
      vertex 50.5005 -40.3733 1.49
      vertex 50.3917 -40.2533 1.49
    endloop
  endfacet
  facet normal -0.598234 0.398823 -0.695022
    outer loop
      vertex 50.5969 -42.3367 1.49
      vertex 51.7951 -43.136 0
      vertex 51.7945 -43.1369 0
    endloop
  endfacet
  facet normal -0.61695 0.369992 -0.694607
    outer loop
      vertex 51.7951 -43.136 0
      vertex 50.5969 -42.3367 1.49
      vertex 50.6802 -42.1978 1.49
    endloop
  endfacet
  facet normal -0.71855 0.035237 -0.694582
    outer loop
      vertex 52.3153 -41.42 0
      vertex 52.3005 -41.7218 0
      vertex 50.875 -41.42 1.49
    endloop
  endfacet
  facet normal -0.711601 0.105705 -0.694587
    outer loop
      vertex 52.3005 -41.7229 0
      vertex 52.2561 -42.0218 0
      vertex 50.8671 -41.5817 1.49
    endloop
  endfacet
  facet normal 0.483219 -0.532969 -0.694581
    outer loop
      vertex 47.2645 -39.0311 0
      vertex 48.1782 -40.1445 1.49
      vertex 47.0406 -39.2341 0
    endloop
  endfacet
  facet normal 0.533075 -0.483077 -0.694598
    outer loop
      vertex 47.0398 -39.2348 0
      vertex 48.0583 -40.2533 1.49
      vertex 46.8369 -39.4587 0
    endloop
  endfacet
  facet normal 0.369992 -0.61695 -0.694607
    outer loop
      vertex 48.3083 -40.0481 1.49
      vertex 47.509 -38.8499 0
      vertex 48.4472 -39.9648 1.49
    endloop
  endfacet
  facet normal 0.398823 -0.598234 -0.695022
    outer loop
      vertex 47.509 -38.8499 0
      vertex 48.3083 -40.0481 1.49
      vertex 47.5081 -38.8505 0
    endloop
  endfacet
  facet normal 0.720662 0 -0.693287
    outer loop
      vertex 47.5829 -41.2583 1.49
      vertex 46.1495 -41.1182 0
      vertex 46.1495 -41.1171 0
    endloop
  endfacet
  facet normal 0.718567 -0.0351062 -0.694572
    outer loop
      vertex 46.1495 -41.1182 0
      vertex 47.5829 -41.2583 1.49
      vertex 47.575 -41.42 1.49
    endloop
  endfacet
  facet normal 0.697886 0.174583 -0.694605
    outer loop
      vertex 47.646 -41.899 1.49
      vertex 46.194 -42.0229 0
      vertex 47.6067 -41.7419 1.49
    endloop
  endfacet
  facet normal 0.691899 0.20757 -0.691513
    outer loop
      vertex 46.194 -42.0229 0
      vertex 47.646 -41.899 1.49
      vertex 46.1943 -42.0239 0
    endloop
  endfacet
  facet normal 0.598234 0.398823 -0.695022
    outer loop
      vertex 46.6549 -43.136 0
      vertex 47.8531 -42.3367 1.49
      vertex 46.6555 -43.1369 0
    endloop
  endfacet
  facet normal 0.61695 0.369992 -0.694607
    outer loop
      vertex 47.8531 -42.3367 1.49
      vertex 46.6549 -43.136 0
      vertex 47.7698 -42.1978 1.49
    endloop
  endfacet
  facet normal 0.697877 -0.174707 -0.694583
    outer loop
      vertex 46.2677 -40.5229 0
      vertex 47.646 -40.941 1.49
      vertex 46.1943 -40.8161 0
    endloop
  endfacet
  facet normal -0.242369 0.677348 -0.694591
    outer loop
      vertex 50.4076 -44.2751 0
      vertex 50.1231 -44.3769 0
      vertex 49.8564 -42.9444 1.49
    endloop
  endfacet
  facet normal -0.36975 0.617122 -0.694583
    outer loop
      vertex 50.941 -43.9901 0
      vertex 50.6818 -44.1454 0
      vertex 50.0028 -42.8752 1.49
    endloop
  endfacet
  facet normal -0.650359 0.307563 -0.694578
    outer loop
      vertex 52.0796 -42.6036 0
      vertex 51.9504 -42.8768 0
      vertex 50.6802 -42.1978 1.49
    endloop
  endfacet
  facet normal -0.10547 -0.711625 -0.694597
    outer loop
      vertex 49.8279 -38.389 0
      vertex 49.5469 -39.8017 1.49
      vertex 49.529 -38.3447 0
    endloop
  endfacet
  facet normal -0.0351062 -0.718567 -0.694572
    outer loop
      vertex 49.5268 -38.3445 0
      vertex 49.3867 -39.7779 1.49
      vertex 49.225 -39.77 1.49
    endloop
  endfacet
  facet normal 0 -0.720662 -0.693287
    outer loop
      vertex 49.3867 -39.7779 1.49
      vertex 49.5268 -38.3445 0
      vertex 49.5279 -38.3445 0
    endloop
  endfacet
  facet normal -0.321603 -0.643207 -0.694879
    outer loop
      vertex 50.0028 -39.9648 1.49
      vertex 50.6808 -38.6941 0
      vertex 50.6818 -38.6946 0
    endloop
  endfacet
  facet normal -0.307437 -0.650416 -0.694581
    outer loop
      vertex 50.6808 -38.6941 0
      vertex 50.0028 -39.9648 1.49
      vertex 49.8564 -39.8956 1.49
    endloop
  endfacet
  facet normal -0.174593 -0.697927 -0.694562
    outer loop
      vertex 50.121 -38.4625 0
      vertex 49.704 -39.841 1.49
      vertex 49.5469 -39.8017 1.49
    endloop
  endfacet
  facet normal -0.129026 -0.709642 -0.692648
    outer loop
      vertex 49.704 -39.841 1.49
      vertex 50.121 -38.4625 0
      vertex 50.1221 -38.4627 0
    endloop
  endfacet
  facet normal 0.035237 -0.71855 -0.694582
    outer loop
      vertex 49.225 -38.3297 0
      vertex 49.225 -39.77 1.49
      vertex 48.9232 -38.3445 0
    endloop
  endfacet
  facet normal -0.035237 -0.71855 -0.694582
    outer loop
      vertex 49.225 -38.3297 0
      vertex 49.5268 -38.3445 0
      vertex 49.225 -39.77 1.49
    endloop
  endfacet
  facet normal 0.174985 -0.697795 -0.694595
    outer loop
      vertex 48.6221 -38.389 0
      vertex 48.9031 -39.8017 1.49
      vertex 48.329 -38.4625 0
    endloop
  endfacet
  facet normal 0.129026 -0.709642 -0.692648
    outer loop
      vertex 48.329 -38.4625 0
      vertex 48.746 -39.841 1.49
      vertex 48.3279 -38.4627 0
    endloop
  endfacet
  facet normal 0.174593 -0.697927 -0.694562
    outer loop
      vertex 48.746 -39.841 1.49
      vertex 48.329 -38.4625 0
      vertex 48.9031 -39.8017 1.49
    endloop
  endfacet
  facet normal 0.242645 -0.677273 -0.694568
    outer loop
      vertex 48.3269 -38.4631 0
      vertex 48.746 -39.841 1.49
      vertex 48.5936 -39.8956 1.49
    endloop
  endfacet
  facet normal 0.267504 -0.668759 -0.693688
    outer loop
      vertex 48.746 -39.841 1.49
      vertex 48.3269 -38.4631 0
      vertex 48.3279 -38.4627 0
    endloop
  endfacet
  facet normal -0.61701 -0.36992 -0.694592
    outer loop
      vertex 51.7945 -39.7031 0
      vertex 51.9499 -39.9623 0
      vertex 50.5969 -40.5033 1.49
    endloop
  endfacet
  facet normal -0.473957 -0.541665 -0.694236
    outer loop
      vertex 50.3917 -40.2533 1.49
      vertex 51.4094 -39.2341 0
      vertex 51.4102 -39.2348 0
    endloop
  endfacet
  facet normal -0.483212 -0.532954 -0.694598
    outer loop
      vertex 51.4094 -39.2341 0
      vertex 50.3917 -40.2533 1.49
      vertex 50.2717 -40.1445 1.49
    endloop
  endfacet
  facet normal -0.533075 -0.483077 -0.694598
    outer loop
      vertex 51.4102 -39.2348 0
      vertex 51.6131 -39.4587 0
      vertex 50.3917 -40.2533 1.49
    endloop
  endfacet
  facet normal -0.650359 -0.307563 -0.694578
    outer loop
      vertex 51.9504 -39.9632 0
      vertex 52.0796 -40.2364 0
      vertex 50.6802 -40.6422 1.49
    endloop
  endfacet
  facet normal -0.577831 -0.428552 -0.694589
    outer loop
      vertex 51.6145 -39.4604 0
      vertex 51.7945 -39.7031 0
      vertex 50.5969 -40.5033 1.49
    endloop
  endfacet
  facet normal -0.577867 -0.428511 -0.694585
    outer loop
      vertex 50.5005 -40.3733 1.49
      vertex 51.6145 -39.4604 0
      vertex 50.5969 -40.5033 1.49
    endloop
  endfacet
  facet normal -0.599649 -0.399766 -0.693259
    outer loop
      vertex 51.6145 -39.4604 0
      vertex 50.5005 -40.3733 1.49
      vertex 51.6139 -39.4595 0
    endloop
  endfacet
  facet normal -0.691899 -0.20757 -0.691513
    outer loop
      vertex 52.256 -40.8171 0
      vertex 50.804 -40.941 1.49
      vertex 52.2557 -40.8161 0
    endloop
  endfacet
  facet normal -0.697886 -0.174583 -0.694605
    outer loop
      vertex 50.804 -40.941 1.49
      vertex 52.256 -40.8171 0
      vertex 50.8433 -41.0981 1.49
    endloop
  endfacet
  facet normal -0.697877 -0.174707 -0.694583
    outer loop
      vertex 52.1823 -40.5229 0
      vertex 52.2557 -40.8161 0
      vertex 50.804 -40.941 1.49
    endloop
  endfacet
  facet normal -0.677354 0.242371 -0.694585
    outer loop
      vertex 52.1823 -42.3171 0
      vertex 52.0805 -42.6016 0
      vertex 50.804 -41.899 1.49
    endloop
  endfacet
  facet normal -0.697877 0.174707 -0.694583
    outer loop
      vertex 52.2557 -42.0239 0
      vertex 52.1823 -42.3171 0
      vertex 50.804 -41.899 1.49
    endloop
  endfacet
  facet normal 0.61695 -0.369992 -0.694607
    outer loop
      vertex 46.6549 -39.704 0
      vertex 47.8531 -40.5033 1.49
      vertex 47.7698 -40.6422 1.49
    endloop
  endfacet
  facet normal 0.598234 -0.398823 -0.695022
    outer loop
      vertex 47.8531 -40.5033 1.49
      vertex 46.6549 -39.704 0
      vertex 46.6555 -39.7031 0
    endloop
  endfacet
  facet normal 0.617122 -0.36975 -0.694583
    outer loop
      vertex 46.6549 -39.704 0
      vertex 47.7698 -40.6422 1.49
      vertex 46.4996 -39.9632 0
    endloop
  endfacet
  facet normal 0.483428 -0.532748 -0.694605
    outer loop
      vertex 48.0583 -40.2533 1.49
      vertex 47.0406 -39.2341 0
      vertex 48.1782 -40.1445 1.49
    endloop
  endfacet
  facet normal 0.473957 -0.541665 -0.694236
    outer loop
      vertex 47.0406 -39.2341 0
      vertex 48.0583 -40.2533 1.49
      vertex 47.0398 -39.2348 0
    endloop
  endfacet
  facet normal 0.71855 0.035237 -0.694582
    outer loop
      vertex 47.575 -41.42 1.49
      vertex 46.1495 -41.7218 0
      vertex 46.1347 -41.42 0
    endloop
  endfacet
  facet normal 0.718567 0.0351062 -0.694572
    outer loop
      vertex 47.5829 -41.5817 1.49
      vertex 46.1495 -41.7218 0
      vertex 47.575 -41.42 1.49
    endloop
  endfacet
  facet normal 0.720662 0 -0.693287
    outer loop
      vertex 46.1495 -41.7218 0
      vertex 47.5829 -41.5817 1.49
      vertex 46.1495 -41.7229 0
    endloop
  endfacet
  facet normal 0.711625 0.10547 -0.694597
    outer loop
      vertex 47.6067 -41.7419 1.49
      vertex 46.194 -42.0229 0
      vertex 46.1497 -41.724 0
    endloop
  endfacet
  facet normal 0.650408 0.307433 -0.694589
    outer loop
      vertex 46.3704 -42.6036 0
      vertex 47.7006 -42.0514 1.49
      vertex 47.7698 -42.1978 1.49
    endloop
  endfacet
  facet normal 0.643863 0.321931 -0.694119
    outer loop
      vertex 47.7006 -42.0514 1.49
      vertex 46.3704 -42.6036 0
      vertex 46.3699 -42.6026 0
    endloop
  endfacet
  facet normal 0.677354 0.242371 -0.694585
    outer loop
      vertex 47.646 -41.899 1.49
      vertex 46.3695 -42.6016 0
      vertex 46.2677 -42.3171 0
    endloop
  endfacet
  facet normal 0.533075 0.483077 -0.694598
    outer loop
      vertex 48.0583 -42.5867 1.49
      vertex 47.0398 -43.6052 0
      vertex 46.8369 -43.3813 0
    endloop
  endfacet
  facet normal 0.483428 0.532748 -0.694605
    outer loop
      vertex 47.0406 -43.6059 0
      vertex 48.0583 -42.5867 1.49
      vertex 48.1782 -42.6955 1.49
    endloop
  endfacet
  facet normal 0.473957 0.541665 -0.694236
    outer loop
      vertex 48.0583 -42.5867 1.49
      vertex 47.0406 -43.6059 0
      vertex 47.0398 -43.6052 0
    endloop
  endfacet
  facet normal 0.711625 -0.10547 -0.694597
    outer loop
      vertex 46.194 -40.8171 0
      vertex 47.6067 -41.0981 1.49
      vertex 46.1497 -41.116 0
    endloop
  endfacet
  facet normal 0.691899 -0.20757 -0.691513
    outer loop
      vertex 47.646 -40.941 1.49
      vertex 46.194 -40.8171 0
      vertex 46.1943 -40.8161 0
    endloop
  endfacet
  facet normal 0.697886 -0.174583 -0.694605
    outer loop
      vertex 46.194 -40.8171 0
      vertex 47.646 -40.941 1.49
      vertex 47.6067 -41.0981 1.49
    endloop
  endfacet
  facet normal 0.677237 -0.242632 -0.694608
    outer loop
      vertex 46.3695 -40.2384 0
      vertex 47.7006 -40.7886 1.49
      vertex 47.646 -40.941 1.49
    endloop
  endfacet
  facet normal 0.667586 -0.267034 -0.694997
    outer loop
      vertex 47.7006 -40.7886 1.49
      vertex 46.3695 -40.2384 0
      vertex 46.3699 -40.2374 0
    endloop
  endfacet
  facet normal 0.677354 -0.242371 -0.694585
    outer loop
      vertex 46.3695 -40.2384 0
      vertex 47.646 -40.941 1.49
      vertex 46.2677 -40.5229 0
    endloop
  endfacet
  facet normal 0.321931 0.643863 -0.694119
    outer loop
      vertex 48.0414 -44.2746 0
      vertex 48.5936 -42.9444 1.49
      vertex 48.0424 -44.2751 0
    endloop
  endfacet
  facet normal 0.307433 0.650408 -0.694589
    outer loop
      vertex 48.5936 -42.9444 1.49
      vertex 48.0414 -44.2746 0
      vertex 48.4472 -42.8752 1.49
    endloop
  endfacet
  facet normal 0.242369 0.677348 -0.694591
    outer loop
      vertex 48.5936 -42.9444 1.49
      vertex 48.3269 -44.3769 0
      vertex 48.0424 -44.2751 0
    endloop
  endfacet
  facet normal -0.035237 0.71855 -0.694582
    outer loop
      vertex 49.225 -43.07 1.49
      vertex 49.5268 -44.4955 0
      vertex 49.225 -44.5103 0
    endloop
  endfacet
  facet normal 0.174707 0.697877 -0.694583
    outer loop
      vertex 48.746 -42.999 1.49
      vertex 48.6211 -44.4507 0
      vertex 48.3279 -44.3773 0
    endloop
  endfacet
  facet normal -0.267504 0.668759 -0.693688
    outer loop
      vertex 49.704 -42.999 1.49
      vertex 50.1231 -44.3769 0
      vertex 50.1221 -44.3773 0
    endloop
  endfacet
  facet normal -0.242645 0.677273 -0.694568
    outer loop
      vertex 50.1231 -44.3769 0
      vertex 49.704 -42.999 1.49
      vertex 49.8564 -42.9444 1.49
    endloop
  endfacet
  facet normal -0.174707 0.697877 -0.694583
    outer loop
      vertex 50.1221 -44.3773 0
      vertex 49.8289 -44.4507 0
      vertex 49.704 -42.999 1.49
    endloop
  endfacet
  facet normal 0.428555 0.577835 -0.694585
    outer loop
      vertex 48.1782 -42.6955 1.49
      vertex 47.5072 -43.9889 0
      vertex 47.2645 -43.8089 0
    endloop
  endfacet
  facet normal -0.307558 0.650346 -0.694592
    outer loop
      vertex 50.6808 -44.1459 0
      vertex 50.4076 -44.2751 0
      vertex 49.8564 -42.9444 1.49
    endloop
  endfacet
  facet normal -0.577831 0.428552 -0.694589
    outer loop
      vertex 51.7945 -43.1369 0
      vertex 51.6145 -43.3796 0
      vertex 50.5969 -42.3367 1.49
    endloop
  endfacet
  facet normal -0.617122 0.36975 -0.694583
    outer loop
      vertex 51.9504 -42.8768 0
      vertex 51.7951 -43.136 0
      vertex 50.6802 -42.1978 1.49
    endloop
  endfacet
  facet normal -0.307558 -0.650346 -0.694592
    outer loop
      vertex 50.4076 -38.5649 0
      vertex 50.6808 -38.6941 0
      vertex 49.8564 -39.8956 1.49
    endloop
  endfacet
  facet normal -0.242369 -0.677348 -0.694591
    outer loop
      vertex 50.1231 -38.4631 0
      vertex 50.4076 -38.5649 0
      vertex 49.8564 -39.8956 1.49
    endloop
  endfacet
  facet normal -0.428546 -0.577823 -0.6946
    outer loop
      vertex 50.9428 -38.8511 0
      vertex 51.1855 -39.0311 0
      vertex 50.2717 -40.1445 1.49
    endloop
  endfacet
  facet normal -0.105718 -0.711599 -0.694586
    outer loop
      vertex 49.5279 -38.3445 0
      vertex 49.5469 -39.8017 1.49
      vertex 49.3867 -39.7779 1.49
    endloop
  endfacet
  facet normal -0.12905 -0.709776 -0.692506
    outer loop
      vertex 49.5469 -39.8017 1.49
      vertex 49.5279 -38.3445 0
      vertex 49.529 -38.3447 0
    endloop
  endfacet
  facet normal 0.12905 -0.709776 -0.692506
    outer loop
      vertex 48.9221 -38.3445 0
      vertex 48.9031 -39.8017 1.49
      vertex 48.921 -38.3447 0
    endloop
  endfacet
  facet normal 0.105718 -0.711599 -0.694586
    outer loop
      vertex 48.9031 -39.8017 1.49
      vertex 48.9221 -38.3445 0
      vertex 49.0633 -39.7779 1.49
    endloop
  endfacet
  facet normal 0.10547 -0.711625 -0.694597
    outer loop
      vertex 48.921 -38.3447 0
      vertex 48.9031 -39.8017 1.49
      vertex 48.6221 -38.389 0
    endloop
  endfacet
  facet normal 0.307563 -0.650359 -0.694578
    outer loop
      vertex 48.0414 -38.5654 0
      vertex 48.4472 -39.9648 1.49
      vertex 47.7682 -38.6946 0
    endloop
  endfacet
  facet normal -0.483208 -0.532957 -0.694598
    outer loop
      vertex 51.1855 -39.0311 0
      vertex 51.4094 -39.2341 0
      vertex 50.2717 -40.1445 1.49
    endloop
  endfacet
  facet normal -0.628557 -0.349198 -0.694965
    outer loop
      vertex 50.6802 -40.6422 1.49
      vertex 51.9499 -39.9623 0
      vertex 51.9504 -39.9632 0
    endloop
  endfacet
  facet normal -0.616969 -0.370003 -0.694584
    outer loop
      vertex 51.9499 -39.9623 0
      vertex 50.6802 -40.6422 1.49
      vertex 50.5969 -40.5033 1.49
    endloop
  endfacet
  facet normal -0.720662 0 -0.693287
    outer loop
      vertex 52.3005 -41.1182 0
      vertex 50.8671 -41.2583 1.49
      vertex 52.3005 -41.1171 0
    endloop
  endfacet
  facet normal -0.718567 -0.0351062 -0.694572
    outer loop
      vertex 50.8671 -41.2583 1.49
      vertex 52.3005 -41.1182 0
      vertex 50.875 -41.42 1.49
    endloop
  endfacet
  facet normal -0.697886 0.174583 -0.694605
    outer loop
      vertex 52.256 -42.0229 0
      vertex 50.804 -41.899 1.49
      vertex 50.8433 -41.7419 1.49
    endloop
  endfacet
  facet normal -0.691899 0.20757 -0.691513
    outer loop
      vertex 50.804 -41.899 1.49
      vertex 52.256 -42.0229 0
      vertex 52.2557 -42.0239 0
    endloop
  endfacet
  facet normal -0.643863 0.321931 -0.694119
    outer loop
      vertex 52.0796 -42.6036 0
      vertex 50.7494 -42.0514 1.49
      vertex 52.0801 -42.6026 0
    endloop
  endfacet
  facet normal -0.650408 0.307433 -0.694589
    outer loop
      vertex 50.7494 -42.0514 1.49
      vertex 52.0796 -42.6036 0
      vertex 50.6802 -42.1978 1.49
    endloop
  endfacet
  facet normal 0.577867 -0.428511 -0.694585
    outer loop
      vertex 46.8355 -39.4604 0
      vertex 47.9495 -40.3733 1.49
      vertex 47.8531 -40.5033 1.49
    endloop
  endfacet
  facet normal 0.599649 -0.399766 -0.693259
    outer loop
      vertex 47.9495 -40.3733 1.49
      vertex 46.8355 -39.4604 0
      vertex 46.8361 -39.4595 0
    endloop
  endfacet
  facet normal 0.577831 -0.428552 -0.694589
    outer loop
      vertex 46.8355 -39.4604 0
      vertex 47.8531 -40.5033 1.49
      vertex 46.6555 -39.7031 0
    endloop
  endfacet
  facet normal 0.428283 -0.578005 -0.69461
    outer loop
      vertex 47.5072 -38.8511 0
      vertex 48.3083 -40.0481 1.49
      vertex 48.1782 -40.1445 1.49
    endloop
  endfacet
  facet normal 0.398823 -0.598234 -0.695022
    outer loop
      vertex 48.3083 -40.0481 1.49
      vertex 47.5072 -38.8511 0
      vertex 47.5081 -38.8505 0
    endloop
  endfacet
  facet normal 0.428555 -0.577835 -0.694585
    outer loop
      vertex 47.5072 -38.8511 0
      vertex 48.1782 -40.1445 1.49
      vertex 47.2645 -39.0311 0
    endloop
  endfacet
  facet normal 0.709776 -0.12905 -0.692506
    outer loop
      vertex 47.6067 -41.0981 1.49
      vertex 46.1495 -41.1171 0
      vertex 46.1497 -41.116 0
    endloop
  endfacet
  facet normal 0.711599 -0.105718 -0.694586
    outer loop
      vertex 46.1495 -41.1171 0
      vertex 47.6067 -41.0981 1.49
      vertex 47.5829 -41.2583 1.49
    endloop
  endfacet
  facet normal 0.697877 0.174707 -0.694583
    outer loop
      vertex 47.646 -41.899 1.49
      vertex 46.2677 -42.3171 0
      vertex 46.1943 -42.0239 0
    endloop
  endfacet
  facet normal 0.577852 0.4285 -0.694604
    outer loop
      vertex 46.6561 -43.1378 0
      vertex 47.8531 -42.3367 1.49
      vertex 47.9495 -42.4667 1.49
    endloop
  endfacet
  facet normal 0.598234 0.398823 -0.695022
    outer loop
      vertex 47.8531 -42.3367 1.49
      vertex 46.6561 -43.1378 0
      vertex 46.6555 -43.1369 0
    endloop
  endfacet
  facet normal 0.532964 0.483221 -0.694584
    outer loop
      vertex 46.8369 -43.3813 0
      vertex 47.9495 -42.4667 1.49
      vertex 48.0583 -42.5867 1.49
    endloop
  endfacet
  facet normal 0.509577 0.509577 -0.693298
    outer loop
      vertex 47.9495 -42.4667 1.49
      vertex 46.8369 -43.3813 0
      vertex 46.8361 -43.3805 0
    endloop
  endfacet
  facet normal 0.267504 0.668759 -0.693688
    outer loop
      vertex 48.3269 -44.3769 0
      vertex 48.746 -42.999 1.49
      vertex 48.3279 -44.3773 0
    endloop
  endfacet
  facet normal 0.242645 0.677273 -0.694568
    outer loop
      vertex 48.746 -42.999 1.49
      vertex 48.3269 -44.3769 0
      vertex 48.5936 -42.9444 1.49
    endloop
  endfacet
  facet normal 0 0.720662 -0.693287
    outer loop
      vertex 49.5268 -44.4955 0
      vertex 49.3867 -43.0621 1.49
      vertex 49.5279 -44.4955 0
    endloop
  endfacet
  facet normal -0.0351062 0.718567 -0.694572
    outer loop
      vertex 49.3867 -43.0621 1.49
      vertex 49.5268 -44.4955 0
      vertex 49.225 -43.07 1.49
    endloop
  endfacet
  facet normal 0.105705 0.711601 -0.694587
    outer loop
      vertex 49.0633 -43.0621 1.49
      vertex 48.9221 -44.4955 0
      vertex 48.6232 -44.4511 0
    endloop
  endfacet
  facet normal 0.174583 0.697886 -0.694605
    outer loop
      vertex 48.6221 -44.451 0
      vertex 48.746 -42.999 1.49
      vertex 48.9031 -43.0383 1.49
    endloop
  endfacet
  facet normal 0.20757 0.691899 -0.691513
    outer loop
      vertex 48.746 -42.999 1.49
      vertex 48.6221 -44.451 0
      vertex 48.6211 -44.4507 0
    endloop
  endfacet
  facet normal -0.105705 0.711601 -0.694587
    outer loop
      vertex 49.8268 -44.4511 0
      vertex 49.5279 -44.4955 0
      vertex 49.3867 -43.0621 1.49
    endloop
  endfacet
  facet normal -0.20757 0.691899 -0.691513
    outer loop
      vertex 49.8279 -44.451 0
      vertex 49.704 -42.999 1.49
      vertex 49.8289 -44.4507 0
    endloop
  endfacet
  facet normal -0.174583 0.697886 -0.694605
    outer loop
      vertex 49.704 -42.999 1.49
      vertex 49.8279 -44.451 0
      vertex 49.5469 -43.0383 1.49
    endloop
  endfacet
  facet normal 0.36975 0.617122 -0.694583
    outer loop
      vertex 48.4472 -42.8752 1.49
      vertex 47.7682 -44.1454 0
      vertex 47.509 -43.9901 0
    endloop
  endfacet
  facet normal 0.307563 0.650359 -0.694578
    outer loop
      vertex 48.4472 -42.8752 1.49
      vertex 48.0414 -44.2746 0
      vertex 47.7682 -44.1454 0
    endloop
  endfacet
  facet normal -0.473957 0.541665 -0.694236
    outer loop
      vertex 51.4094 -43.6059 0
      vertex 50.3917 -42.5867 1.49
      vertex 51.4102 -43.6052 0
    endloop
  endfacet
  facet normal -0.483212 0.532954 -0.694598
    outer loop
      vertex 50.3917 -42.5867 1.49
      vertex 51.4094 -43.6059 0
      vertex 50.2717 -42.6955 1.49
    endloop
  endfacet
  facet normal -0.533075 0.483077 -0.694598
    outer loop
      vertex 51.6131 -43.3813 0
      vertex 51.4102 -43.6052 0
      vertex 50.3917 -42.5867 1.49
    endloop
  endfacet
  facet normal -0.398823 -0.598234 -0.695022
    outer loop
      vertex 50.1417 -40.0481 1.49
      vertex 50.941 -38.8499 0
      vertex 50.9419 -38.8505 0
    endloop
  endfacet
  facet normal -0.369992 -0.61695 -0.694607
    outer loop
      vertex 50.941 -38.8499 0
      vertex 50.1417 -40.0481 1.49
      vertex 50.0028 -39.9648 1.49
    endloop
  endfacet
  facet normal -0.36975 -0.617122 -0.694583
    outer loop
      vertex 50.6818 -38.6946 0
      vertex 50.941 -38.8499 0
      vertex 50.0028 -39.9648 1.49
    endloop
  endfacet
  facet normal 0.242369 -0.677348 -0.694591
    outer loop
      vertex 48.3269 -38.4631 0
      vertex 48.5936 -39.8956 1.49
      vertex 48.0424 -38.5649 0
    endloop
  endfacet
  facet normal 0.307433 -0.650408 -0.694589
    outer loop
      vertex 48.0414 -38.5654 0
      vertex 48.5936 -39.8956 1.49
      vertex 48.4472 -39.9648 1.49
    endloop
  endfacet
  facet normal 0.321931 -0.643863 -0.694119
    outer loop
      vertex 48.5936 -39.8956 1.49
      vertex 48.0414 -38.5654 0
      vertex 48.0424 -38.5649 0
    endloop
  endfacet
  facet normal -0.4285 -0.577852 -0.694604
    outer loop
      vertex 50.1417 -40.0481 1.49
      vertex 50.9428 -38.8511 0
      vertex 50.2717 -40.1445 1.49
    endloop
  endfacet
  facet normal -0.398823 -0.598234 -0.695022
    outer loop
      vertex 50.9428 -38.8511 0
      vertex 50.1417 -40.0481 1.49
      vertex 50.9419 -38.8505 0
    endloop
  endfacet
  facet normal -0.711601 -0.105705 -0.694587
    outer loop
      vertex 52.2561 -40.8182 0
      vertex 52.3005 -41.1171 0
      vertex 50.8671 -41.2583 1.49
    endloop
  endfacet
  facet normal -0.717958 -0.0652689 -0.69302
    outer loop
      vertex 52.2561 -40.8182 0
      vertex 50.8433 -41.0981 1.49
      vertex 52.256 -40.8171 0
    endloop
  endfacet
  facet normal -0.711598 -0.105718 -0.694588
    outer loop
      vertex 50.8433 -41.0981 1.49
      vertex 52.2561 -40.8182 0
      vertex 50.8671 -41.2583 1.49
    endloop
  endfacet
  facet normal -0.718567 0.0351062 -0.694572
    outer loop
      vertex 52.3005 -41.7218 0
      vertex 50.8671 -41.5817 1.49
      vertex 50.875 -41.42 1.49
    endloop
  endfacet
  facet normal -0.720662 0 -0.693287
    outer loop
      vertex 50.8671 -41.5817 1.49
      vertex 52.3005 -41.7218 0
      vertex 52.3005 -41.7229 0
    endloop
  endfacet
  facet normal -0.667586 0.267034 -0.694997
    outer loop
      vertex 50.7494 -42.0514 1.49
      vertex 52.0805 -42.6016 0
      vertex 52.0801 -42.6026 0
    endloop
  endfacet
  facet normal -0.677237 0.242632 -0.694608
    outer loop
      vertex 52.0805 -42.6016 0
      vertex 50.7494 -42.0514 1.49
      vertex 50.804 -41.899 1.49
    endloop
  endfacet
  facet normal 0.667586 0.267034 -0.694997
    outer loop
      vertex 46.3695 -42.6016 0
      vertex 47.7006 -42.0514 1.49
      vertex 46.3699 -42.6026 0
    endloop
  endfacet
  facet normal 0.677237 0.242632 -0.694608
    outer loop
      vertex 47.7006 -42.0514 1.49
      vertex 46.3695 -42.6016 0
      vertex 47.646 -41.899 1.49
    endloop
  endfacet
  facet normal 0.617122 0.36975 -0.694583
    outer loop
      vertex 47.7698 -42.1978 1.49
      vertex 46.6549 -43.136 0
      vertex 46.4996 -42.8768 0
    endloop
  endfacet
  facet normal 0.650359 0.307563 -0.694578
    outer loop
      vertex 47.7698 -42.1978 1.49
      vertex 46.4996 -42.8768 0
      vertex 46.3704 -42.6036 0
    endloop
  endfacet
  facet normal 0.577823 0.428546 -0.6946
    outer loop
      vertex 47.9495 -42.4667 1.49
      vertex 46.8361 -43.3805 0
      vertex 46.6561 -43.1378 0
    endloop
  endfacet
  facet normal 0.0351062 0.718567 -0.694572
    outer loop
      vertex 48.9232 -44.4955 0
      vertex 49.0633 -43.0621 1.49
      vertex 49.225 -43.07 1.49
    endloop
  endfacet
  facet normal 0 0.720662 -0.693287
    outer loop
      vertex 49.0633 -43.0621 1.49
      vertex 48.9232 -44.4955 0
      vertex 48.9221 -44.4955 0
    endloop
  endfacet
  facet normal 0.035237 0.71855 -0.694582
    outer loop
      vertex 49.225 -43.07 1.49
      vertex 49.225 -44.5103 0
      vertex 48.9232 -44.4955 0
    endloop
  endfacet
  facet normal 0.105718 0.711598 -0.694588
    outer loop
      vertex 48.6232 -44.4511 0
      vertex 48.9031 -43.0383 1.49
      vertex 49.0633 -43.0621 1.49
    endloop
  endfacet
  facet normal 0.0652689 0.717958 -0.69302
    outer loop
      vertex 48.9031 -43.0383 1.49
      vertex 48.6232 -44.4511 0
      vertex 48.6221 -44.451 0
    endloop
  endfacet
  facet normal -0.0652689 0.717958 -0.69302
    outer loop
      vertex 49.8268 -44.4511 0
      vertex 49.5469 -43.0383 1.49
      vertex 49.8279 -44.451 0
    endloop
  endfacet
  facet normal -0.105718 0.711598 -0.694588
    outer loop
      vertex 49.5469 -43.0383 1.49
      vertex 49.8268 -44.4511 0
      vertex 49.3867 -43.0621 1.49
    endloop
  endfacet
  facet normal 0.398823 0.598234 -0.695022
    outer loop
      vertex 47.5072 -43.9889 0
      vertex 48.3083 -42.7919 1.49
      vertex 47.5081 -43.9895 0
    endloop
  endfacet
  facet normal 0.428283 0.578005 -0.69461
    outer loop
      vertex 48.3083 -42.7919 1.49
      vertex 47.5072 -43.9889 0
      vertex 48.1782 -42.6955 1.49
    endloop
  endfacet
  facet normal 0.369992 0.61695 -0.694607
    outer loop
      vertex 47.509 -43.9901 0
      vertex 48.3083 -42.7919 1.49
      vertex 48.4472 -42.8752 1.49
    endloop
  endfacet
  facet normal 0.398823 0.598234 -0.695022
    outer loop
      vertex 48.3083 -42.7919 1.49
      vertex 47.509 -43.9901 0
      vertex 47.5081 -43.9895 0
    endloop
  endfacet
  facet normal -0.398823 0.598234 -0.695022
    outer loop
      vertex 50.941 -43.9901 0
      vertex 50.1417 -42.7919 1.49
      vertex 50.9419 -43.9895 0
    endloop
  endfacet
  facet normal -0.369992 0.61695 -0.694607
    outer loop
      vertex 50.1417 -42.7919 1.49
      vertex 50.941 -43.9901 0
      vertex 50.0028 -42.8752 1.49
    endloop
  endfacet
  facet normal -0.398823 0.598234 -0.695022
    outer loop
      vertex 50.1417 -42.7919 1.49
      vertex 50.9428 -43.9889 0
      vertex 50.9419 -43.9895 0
    endloop
  endfacet
  facet normal -0.4285 0.577852 -0.694604
    outer loop
      vertex 50.9428 -43.9889 0
      vertex 50.1417 -42.7919 1.49
      vertex 50.2717 -42.6955 1.49
    endloop
  endfacet
  facet normal -0.483208 0.532957 -0.694598
    outer loop
      vertex 51.4094 -43.6059 0
      vertex 51.1855 -43.8089 0
      vertex 50.2717 -42.6955 1.49
    endloop
  endfacet
  facet normal -0.509577 0.509577 -0.693298
    outer loop
      vertex 51.6131 -43.3813 0
      vertex 50.5005 -42.4667 1.49
      vertex 51.6139 -43.3805 0
    endloop
  endfacet
  facet normal -0.532964 0.483221 -0.694584
    outer loop
      vertex 50.5005 -42.4667 1.49
      vertex 51.6131 -43.3813 0
      vertex 50.3917 -42.5867 1.49
    endloop
  endfacet
  facet normal -0.599649 0.399766 -0.693259
    outer loop
      vertex 50.5005 -42.4667 1.49
      vertex 51.6145 -43.3796 0
      vertex 51.6139 -43.3805 0
    endloop
  endfacet
  facet normal -0.577867 0.428511 -0.694585
    outer loop
      vertex 51.6145 -43.3796 0
      vertex 50.5005 -42.4667 1.49
      vertex 50.5969 -42.3367 1.49
    endloop
  endfacet
  facet normal -0.71855 -0.035237 -0.694582
    outer loop
      vertex 52.3005 41.7218 0
      vertex 52.3153 41.42 0
      vertex 50.875 41.42 1.49
    endloop
  endfacet
  facet normal 0.711599 0.105718 -0.694586
    outer loop
      vertex 47.6067 41.0981 1.49
      vertex 46.1495 41.1171 0
      vertex 47.5829 41.2583 1.49
    endloop
  endfacet
  facet normal 0.709776 0.12905 -0.692506
    outer loop
      vertex 46.1495 41.1171 0
      vertex 47.6067 41.0981 1.49
      vertex 46.1497 41.116 0
    endloop
  endfacet
  facet normal -0.677354 -0.242371 -0.694585
    outer loop
      vertex 52.0805 42.6016 0
      vertex 52.1823 42.3171 0
      vertex 50.804 41.899 1.49
    endloop
  endfacet
  facet normal -0.36975 0.617122 -0.694583
    outer loop
      vertex 50.941 38.8499 0
      vertex 50.6818 38.6946 0
      vertex 50.0028 39.9648 1.49
    endloop
  endfacet
  facet normal -0.650359 -0.307563 -0.694578
    outer loop
      vertex 51.9504 42.8768 0
      vertex 52.0796 42.6036 0
      vertex 50.6802 42.1978 1.49
    endloop
  endfacet
  facet normal -0.035237 0.71855 -0.694582
    outer loop
      vertex 49.225 39.77 1.49
      vertex 49.5268 38.3445 0
      vertex 49.225 38.3297 0
    endloop
  endfacet
  facet normal -0.242645 -0.677273 -0.694568
    outer loop
      vertex 49.704 42.999 1.49
      vertex 50.1231 44.3769 0
      vertex 49.8564 42.9444 1.49
    endloop
  endfacet
  facet normal -0.267504 -0.668759 -0.693688
    outer loop
      vertex 50.1231 44.3769 0
      vertex 49.704 42.999 1.49
      vertex 50.1221 44.3773 0
    endloop
  endfacet
  facet normal 0.36975 -0.617122 -0.694583
    outer loop
      vertex 47.7682 44.1454 0
      vertex 48.4472 42.8752 1.49
      vertex 47.509 43.9901 0
    endloop
  endfacet
  facet normal -0.677237 -0.242632 -0.694608
    outer loop
      vertex 50.7494 42.0514 1.49
      vertex 52.0805 42.6016 0
      vertex 50.804 41.899 1.49
    endloop
  endfacet
  facet normal -0.667586 -0.267034 -0.694997
    outer loop
      vertex 52.0805 42.6016 0
      vertex 50.7494 42.0514 1.49
      vertex 52.0801 42.6026 0
    endloop
  endfacet
  facet normal -0.677354 0.242371 -0.694585
    outer loop
      vertex 52.1823 40.5229 0
      vertex 52.0805 40.2384 0
      vertex 50.804 40.941 1.49
    endloop
  endfacet
  facet normal -0.321603 0.643207 -0.694879
    outer loop
      vertex 50.6808 38.6941 0
      vertex 50.0028 39.9648 1.49
      vertex 50.6818 38.6946 0
    endloop
  endfacet
  facet normal -0.307437 0.650416 -0.694581
    outer loop
      vertex 50.0028 39.9648 1.49
      vertex 50.6808 38.6941 0
      vertex 49.8564 39.8956 1.49
    endloop
  endfacet
  facet normal 0.650359 -0.307563 -0.694578
    outer loop
      vertex 46.4996 42.8768 0
      vertex 47.7698 42.1978 1.49
      vertex 46.3704 42.6036 0
    endloop
  endfacet
  facet normal 0.532964 -0.483221 -0.694584
    outer loop
      vertex 47.9495 42.4667 1.49
      vertex 46.8369 43.3813 0
      vertex 48.0583 42.5867 1.49
    endloop
  endfacet
  facet normal 0.509577 -0.509577 -0.693298
    outer loop
      vertex 46.8369 43.3813 0
      vertex 47.9495 42.4667 1.49
      vertex 46.8361 43.3805 0
    endloop
  endfacet
  facet normal 0.71855 -0.035237 -0.694582
    outer loop
      vertex 46.1495 41.7218 0
      vertex 47.575 41.42 1.49
      vertex 46.1347 41.42 0
    endloop
  endfacet
  facet normal 0.483219 0.532969 -0.694581
    outer loop
      vertex 48.1782 40.1445 1.49
      vertex 47.2645 39.0311 0
      vertex 47.0406 39.2341 0
    endloop
  endfacet
  facet normal 0.650408 -0.307433 -0.694589
    outer loop
      vertex 47.7006 42.0514 1.49
      vertex 46.3704 42.6036 0
      vertex 47.7698 42.1978 1.49
    endloop
  endfacet
  facet normal 0.643863 -0.321931 -0.694119
    outer loop
      vertex 46.3704 42.6036 0
      vertex 47.7006 42.0514 1.49
      vertex 46.3699 42.6026 0
    endloop
  endfacet
  facet normal 0.174985 0.697795 -0.694595
    outer loop
      vertex 48.9031 39.8017 1.49
      vertex 48.6221 38.389 0
      vertex 48.329 38.4625 0
    endloop
  endfacet
  facet normal -0.0351062 -0.718567 -0.694572
    outer loop
      vertex 49.5268 44.4955 0
      vertex 49.3867 43.0621 1.49
      vertex 49.225 43.07 1.49
    endloop
  endfacet
  facet normal 0 -0.720662 -0.693287
    outer loop
      vertex 49.3867 43.0621 1.49
      vertex 49.5268 44.4955 0
      vertex 49.5279 44.4955 0
    endloop
  endfacet
  facet normal -0 -0.720662 -0.693287
    outer loop
      vertex 48.9232 44.4955 0
      vertex 49.0633 43.0621 1.49
      vertex 48.9221 44.4955 0
    endloop
  endfacet
  facet normal 0.0351062 -0.718567 -0.694572
    outer loop
      vertex 49.0633 43.0621 1.49
      vertex 48.9232 44.4955 0
      vertex 49.225 43.07 1.49
    endloop
  endfacet
  facet normal -0.509577 -0.509577 -0.693298
    outer loop
      vertex 50.5005 42.4667 1.49
      vertex 51.6131 43.3813 0
      vertex 51.6139 43.3805 0
    endloop
  endfacet
  facet normal -0.532964 -0.483221 -0.694584
    outer loop
      vertex 51.6131 43.3813 0
      vertex 50.5005 42.4667 1.49
      vertex 50.3917 42.5867 1.49
    endloop
  endfacet
  facet normal -0.242369 0.677348 -0.694591
    outer loop
      vertex 50.4076 38.5649 0
      vertex 50.1231 38.4631 0
      vertex 49.8564 39.8956 1.49
    endloop
  endfacet
  facet normal -0.533075 0.483077 -0.694598
    outer loop
      vertex 51.6131 39.4587 0
      vertex 51.4102 39.2348 0
      vertex 50.3917 40.2533 1.49
    endloop
  endfacet
  facet normal -0.697877 0.174707 -0.694583
    outer loop
      vertex 52.2557 40.8161 0
      vertex 52.1823 40.5229 0
      vertex 50.804 40.941 1.49
    endloop
  endfacet
  facet normal -0.71855 0.035237 -0.694582
    outer loop
      vertex 52.3153 41.42 0
      vertex 52.3005 41.1182 0
      vertex 50.875 41.42 1.49
    endloop
  endfacet
  facet normal -0.711598 0.105718 -0.694588
    outer loop
      vertex 52.2561 40.8182 0
      vertex 50.8433 41.0981 1.49
      vertex 50.8671 41.2583 1.49
    endloop
  endfacet
  facet normal -0.717958 0.0652689 -0.69302
    outer loop
      vertex 50.8433 41.0981 1.49
      vertex 52.2561 40.8182 0
      vertex 52.256 40.8171 0
    endloop
  endfacet
  facet normal -0.697886 0.174583 -0.694605
    outer loop
      vertex 52.256 40.8171 0
      vertex 50.804 40.941 1.49
      vertex 50.8433 41.0981 1.49
    endloop
  endfacet
  facet normal -0.691899 0.20757 -0.691513
    outer loop
      vertex 50.804 40.941 1.49
      vertex 52.256 40.8171 0
      vertex 52.2557 40.8161 0
    endloop
  endfacet
  facet normal 0.577823 -0.428546 -0.6946
    outer loop
      vertex 46.8361 43.3805 0
      vertex 47.9495 42.4667 1.49
      vertex 46.6561 43.1378 0
    endloop
  endfacet
  facet normal 0.483219 -0.532969 -0.694581
    outer loop
      vertex 47.2645 43.8089 0
      vertex 48.1782 42.6955 1.49
      vertex 47.0406 43.6059 0
    endloop
  endfacet
  facet normal 0.533075 -0.483077 -0.694598
    outer loop
      vertex 47.0398 43.6052 0
      vertex 48.0583 42.5867 1.49
      vertex 46.8369 43.3813 0
    endloop
  endfacet
  facet normal 0.369992 -0.61695 -0.694607
    outer loop
      vertex 48.3083 42.7919 1.49
      vertex 47.509 43.9901 0
      vertex 48.4472 42.8752 1.49
    endloop
  endfacet
  facet normal 0.398823 -0.598234 -0.695022
    outer loop
      vertex 47.509 43.9901 0
      vertex 48.3083 42.7919 1.49
      vertex 47.5081 43.9895 0
    endloop
  endfacet
  facet normal 0.720662 0 -0.693287
    outer loop
      vertex 47.5829 41.5817 1.49
      vertex 46.1495 41.7218 0
      vertex 46.1495 41.7229 0
    endloop
  endfacet
  facet normal 0.718567 -0.0351062 -0.694572
    outer loop
      vertex 46.1495 41.7218 0
      vertex 47.5829 41.5817 1.49
      vertex 47.575 41.42 1.49
    endloop
  endfacet
  facet normal 0.697886 0.174583 -0.694605
    outer loop
      vertex 47.646 40.941 1.49
      vertex 46.194 40.8171 0
      vertex 47.6067 41.0981 1.49
    endloop
  endfacet
  facet normal 0.691899 0.20757 -0.691513
    outer loop
      vertex 46.194 40.8171 0
      vertex 47.646 40.941 1.49
      vertex 46.1943 40.8161 0
    endloop
  endfacet
  facet normal 0.598234 0.398823 -0.695022
    outer loop
      vertex 46.6549 39.704 0
      vertex 47.8531 40.5033 1.49
      vertex 46.6555 39.7031 0
    endloop
  endfacet
  facet normal 0.61695 0.369992 -0.694607
    outer loop
      vertex 47.8531 40.5033 1.49
      vertex 46.6549 39.704 0
      vertex 47.7698 40.6422 1.49
    endloop
  endfacet
  facet normal 0.697877 -0.174707 -0.694583
    outer loop
      vertex 46.2677 42.3171 0
      vertex 47.646 41.899 1.49
      vertex 46.1943 42.0239 0
    endloop
  endfacet
  facet normal -0.174707 -0.697877 -0.694583
    outer loop
      vertex 49.8289 44.4507 0
      vertex 50.1221 44.3773 0
      vertex 49.704 42.999 1.49
    endloop
  endfacet
  facet normal -0.321603 -0.643207 -0.694879
    outer loop
      vertex 50.0028 42.8752 1.49
      vertex 50.6808 44.1459 0
      vertex 50.6818 44.1454 0
    endloop
  endfacet
  facet normal -0.307437 -0.650416 -0.694581
    outer loop
      vertex 50.6808 44.1459 0
      vertex 50.0028 42.8752 1.49
      vertex 49.8564 42.9444 1.49
    endloop
  endfacet
  facet normal -0.105718 -0.711598 -0.694588
    outer loop
      vertex 49.8268 44.4511 0
      vertex 49.5469 43.0383 1.49
      vertex 49.3867 43.0621 1.49
    endloop
  endfacet
  facet normal -0.0652689 -0.717958 -0.69302
    outer loop
      vertex 49.5469 43.0383 1.49
      vertex 49.8268 44.4511 0
      vertex 49.8279 44.451 0
    endloop
  endfacet
  facet normal -0.105705 -0.711601 -0.694587
    outer loop
      vertex 49.5279 44.4955 0
      vertex 49.8268 44.4511 0
      vertex 49.3867 43.0621 1.49
    endloop
  endfacet
  facet normal 0.035237 -0.71855 -0.694582
    outer loop
      vertex 49.225 44.5103 0
      vertex 49.225 43.07 1.49
      vertex 48.9232 44.4955 0
    endloop
  endfacet
  facet normal -0.035237 -0.71855 -0.694582
    outer loop
      vertex 49.225 44.5103 0
      vertex 49.5268 44.4955 0
      vertex 49.225 43.07 1.49
    endloop
  endfacet
  facet normal 0.105705 -0.711601 -0.694587
    outer loop
      vertex 48.9221 44.4955 0
      vertex 49.0633 43.0621 1.49
      vertex 48.6232 44.4511 0
    endloop
  endfacet
  facet normal 0.242369 -0.677348 -0.694591
    outer loop
      vertex 48.3269 44.3769 0
      vertex 48.5936 42.9444 1.49
      vertex 48.0424 44.2751 0
    endloop
  endfacet
  facet normal -0.61695 -0.369992 -0.694607
    outer loop
      vertex 50.5969 42.3367 1.49
      vertex 51.7951 43.136 0
      vertex 50.6802 42.1978 1.49
    endloop
  endfacet
  facet normal -0.598234 -0.398823 -0.695022
    outer loop
      vertex 51.7951 43.136 0
      vertex 50.5969 42.3367 1.49
      vertex 51.7945 43.1369 0
    endloop
  endfacet
  facet normal -0.533075 -0.483077 -0.694598
    outer loop
      vertex 51.4102 43.6052 0
      vertex 51.6131 43.3813 0
      vertex 50.3917 42.5867 1.49
    endloop
  endfacet
  facet normal -0.643863 -0.321931 -0.694119
    outer loop
      vertex 50.7494 42.0514 1.49
      vertex 52.0796 42.6036 0
      vertex 52.0801 42.6026 0
    endloop
  endfacet
  facet normal -0.650408 -0.307433 -0.694589
    outer loop
      vertex 52.0796 42.6036 0
      vertex 50.7494 42.0514 1.49
      vertex 50.6802 42.1978 1.49
    endloop
  endfacet
  facet normal -0.617122 -0.36975 -0.694583
    outer loop
      vertex 51.7951 43.136 0
      vertex 51.9504 42.8768 0
      vertex 50.6802 42.1978 1.49
    endloop
  endfacet
  facet normal -0.691899 -0.20757 -0.691513
    outer loop
      vertex 52.256 42.0229 0
      vertex 50.804 41.899 1.49
      vertex 52.2557 42.0239 0
    endloop
  endfacet
  facet normal -0.697886 -0.174583 -0.694605
    outer loop
      vertex 50.804 41.899 1.49
      vertex 52.256 42.0229 0
      vertex 50.8433 41.7419 1.49
    endloop
  endfacet
  facet normal -0.697877 -0.174707 -0.694583
    outer loop
      vertex 52.1823 42.3171 0
      vertex 52.2557 42.0239 0
      vertex 50.804 41.899 1.49
    endloop
  endfacet
  facet normal -0.10547 0.711625 -0.694597
    outer loop
      vertex 49.5469 39.8017 1.49
      vertex 49.8279 38.389 0
      vertex 49.529 38.3447 0
    endloop
  endfacet
  facet normal -0.307558 0.650346 -0.694592
    outer loop
      vertex 50.6808 38.6941 0
      vertex 50.4076 38.5649 0
      vertex 49.8564 39.8956 1.49
    endloop
  endfacet
  facet normal -0.650359 0.307563 -0.694578
    outer loop
      vertex 52.0796 40.2364 0
      vertex 51.9504 39.9632 0
      vertex 50.6802 40.6422 1.49
    endloop
  endfacet
  facet normal -0.398823 0.598234 -0.695022
    outer loop
      vertex 50.1417 40.0481 1.49
      vertex 50.9428 38.8511 0
      vertex 50.9419 38.8505 0
    endloop
  endfacet
  facet normal -0.4285 0.577852 -0.694604
    outer loop
      vertex 50.9428 38.8511 0
      vertex 50.1417 40.0481 1.49
      vertex 50.2717 40.1445 1.49
    endloop
  endfacet
  facet normal -0.483208 0.532957 -0.694598
    outer loop
      vertex 51.4094 39.2341 0
      vertex 51.1855 39.0311 0
      vertex 50.2717 40.1445 1.49
    endloop
  endfacet
  facet normal 0.61695 -0.369992 -0.694607
    outer loop
      vertex 46.6549 43.136 0
      vertex 47.8531 42.3367 1.49
      vertex 47.7698 42.1978 1.49
    endloop
  endfacet
  facet normal 0.598234 -0.398823 -0.695022
    outer loop
      vertex 47.8531 42.3367 1.49
      vertex 46.6549 43.136 0
      vertex 46.6555 43.1369 0
    endloop
  endfacet
  facet normal 0.617122 -0.36975 -0.694583
    outer loop
      vertex 46.6549 43.136 0
      vertex 47.7698 42.1978 1.49
      vertex 46.4996 42.8768 0
    endloop
  endfacet
  facet normal 0.483428 -0.532748 -0.694605
    outer loop
      vertex 48.0583 42.5867 1.49
      vertex 47.0406 43.6059 0
      vertex 48.1782 42.6955 1.49
    endloop
  endfacet
  facet normal 0.473957 -0.541665 -0.694236
    outer loop
      vertex 47.0406 43.6059 0
      vertex 48.0583 42.5867 1.49
      vertex 47.0398 43.6052 0
    endloop
  endfacet
  facet normal 0.71855 0.035237 -0.694582
    outer loop
      vertex 47.575 41.42 1.49
      vertex 46.1495 41.1182 0
      vertex 46.1347 41.42 0
    endloop
  endfacet
  facet normal 0.718567 0.0351062 -0.694572
    outer loop
      vertex 47.5829 41.2583 1.49
      vertex 46.1495 41.1182 0
      vertex 47.575 41.42 1.49
    endloop
  endfacet
  facet normal 0.720662 0 -0.693287
    outer loop
      vertex 46.1495 41.1182 0
      vertex 47.5829 41.2583 1.49
      vertex 46.1495 41.1171 0
    endloop
  endfacet
  facet normal 0.711625 0.10547 -0.694597
    outer loop
      vertex 47.6067 41.0981 1.49
      vertex 46.194 40.8171 0
      vertex 46.1497 41.116 0
    endloop
  endfacet
  facet normal 0.650408 0.307433 -0.694589
    outer loop
      vertex 46.3704 40.2364 0
      vertex 47.7006 40.7886 1.49
      vertex 47.7698 40.6422 1.49
    endloop
  endfacet
  facet normal 0.643863 0.321931 -0.694119
    outer loop
      vertex 47.7006 40.7886 1.49
      vertex 46.3704 40.2364 0
      vertex 46.3699 40.2374 0
    endloop
  endfacet
  facet normal 0.677354 0.242371 -0.694585
    outer loop
      vertex 47.646 40.941 1.49
      vertex 46.3695 40.2384 0
      vertex 46.2677 40.5229 0
    endloop
  endfacet
  facet normal 0.577831 0.428552 -0.694589
    outer loop
      vertex 47.8531 40.5033 1.49
      vertex 46.8355 39.4604 0
      vertex 46.6555 39.7031 0
    endloop
  endfacet
  facet normal 0.483428 0.532748 -0.694605
    outer loop
      vertex 47.0406 39.2341 0
      vertex 48.0583 40.2533 1.49
      vertex 48.1782 40.1445 1.49
    endloop
  endfacet
  facet normal 0.473957 0.541665 -0.694236
    outer loop
      vertex 48.0583 40.2533 1.49
      vertex 47.0406 39.2341 0
      vertex 47.0398 39.2348 0
    endloop
  endfacet
  facet normal 0.711625 -0.10547 -0.694597
    outer loop
      vertex 46.194 42.0229 0
      vertex 47.6067 41.7419 1.49
      vertex 46.1497 41.724 0
    endloop
  endfacet
  facet normal 0.691899 -0.20757 -0.691513
    outer loop
      vertex 47.646 41.899 1.49
      vertex 46.194 42.0229 0
      vertex 46.1943 42.0239 0
    endloop
  endfacet
  facet normal 0.697886 -0.174583 -0.694605
    outer loop
      vertex 46.194 42.0229 0
      vertex 47.646 41.899 1.49
      vertex 47.6067 41.7419 1.49
    endloop
  endfacet
  facet normal 0.677237 -0.242632 -0.694608
    outer loop
      vertex 46.3695 42.6016 0
      vertex 47.7006 42.0514 1.49
      vertex 47.646 41.899 1.49
    endloop
  endfacet
  facet normal 0.667586 -0.267034 -0.694997
    outer loop
      vertex 47.7006 42.0514 1.49
      vertex 46.3695 42.6016 0
      vertex 46.3699 42.6026 0
    endloop
  endfacet
  facet normal 0.677354 -0.242371 -0.694585
    outer loop
      vertex 46.3695 42.6016 0
      vertex 47.646 41.899 1.49
      vertex 46.2677 42.3171 0
    endloop
  endfacet
  facet normal 0.321931 0.643863 -0.694119
    outer loop
      vertex 48.0414 38.5654 0
      vertex 48.5936 39.8956 1.49
      vertex 48.0424 38.5649 0
    endloop
  endfacet
  facet normal 0.307433 0.650408 -0.694589
    outer loop
      vertex 48.5936 39.8956 1.49
      vertex 48.0414 38.5654 0
      vertex 48.4472 39.9648 1.49
    endloop
  endfacet
  facet normal 0.242369 0.677348 -0.694591
    outer loop
      vertex 48.5936 39.8956 1.49
      vertex 48.3269 38.4631 0
      vertex 48.0424 38.5649 0
    endloop
  endfacet
  facet normal 0.105718 0.711599 -0.694586
    outer loop
      vertex 48.9221 38.3445 0
      vertex 48.9031 39.8017 1.49
      vertex 49.0633 39.7779 1.49
    endloop
  endfacet
  facet normal 0.12905 0.709776 -0.692506
    outer loop
      vertex 48.9031 39.8017 1.49
      vertex 48.9221 38.3445 0
      vertex 48.921 38.3447 0
    endloop
  endfacet
  facet normal -0.174985 0.697795 -0.694595
    outer loop
      vertex 50.121 38.4625 0
      vertex 49.8279 38.389 0
      vertex 49.5469 39.8017 1.49
    endloop
  endfacet
  facet normal 0.428555 0.577835 -0.694585
    outer loop
      vertex 48.1782 40.1445 1.49
      vertex 47.5072 38.8511 0
      vertex 47.2645 39.0311 0
    endloop
  endfacet
  facet normal -0.307558 -0.650346 -0.694592
    outer loop
      vertex 50.4076 44.2751 0
      vertex 50.6808 44.1459 0
      vertex 49.8564 42.9444 1.49
    endloop
  endfacet
  facet normal -0.242369 -0.677348 -0.694591
    outer loop
      vertex 50.1231 44.3769 0
      vertex 50.4076 44.2751 0
      vertex 49.8564 42.9444 1.49
    endloop
  endfacet
  facet normal -0.483208 -0.532957 -0.694598
    outer loop
      vertex 51.1855 43.8089 0
      vertex 51.4094 43.6059 0
      vertex 50.2717 42.6955 1.49
    endloop
  endfacet
  facet normal -0.174583 -0.697886 -0.694605
    outer loop
      vertex 49.8279 44.451 0
      vertex 49.704 42.999 1.49
      vertex 49.5469 43.0383 1.49
    endloop
  endfacet
  facet normal -0.20757 -0.691899 -0.691513
    outer loop
      vertex 49.704 42.999 1.49
      vertex 49.8279 44.451 0
      vertex 49.8289 44.4507 0
    endloop
  endfacet
  facet normal 0.174707 -0.697877 -0.694583
    outer loop
      vertex 48.6211 44.4507 0
      vertex 48.746 42.999 1.49
      vertex 48.3279 44.3773 0
    endloop
  endfacet
  facet normal 0.242645 -0.677273 -0.694568
    outer loop
      vertex 48.3269 44.3769 0
      vertex 48.746 42.999 1.49
      vertex 48.5936 42.9444 1.49
    endloop
  endfacet
  facet normal 0.267504 -0.668759 -0.693688
    outer loop
      vertex 48.746 42.999 1.49
      vertex 48.3269 44.3769 0
      vertex 48.3279 44.3773 0
    endloop
  endfacet
  facet normal 0.307563 -0.650359 -0.694578
    outer loop
      vertex 48.0414 44.2746 0
      vertex 48.4472 42.8752 1.49
      vertex 47.7682 44.1454 0
    endloop
  endfacet
  facet normal -0.473957 -0.541665 -0.694236
    outer loop
      vertex 50.3917 42.5867 1.49
      vertex 51.4094 43.6059 0
      vertex 51.4102 43.6052 0
    endloop
  endfacet
  facet normal -0.483212 -0.532954 -0.694598
    outer loop
      vertex 51.4094 43.6059 0
      vertex 50.3917 42.5867 1.49
      vertex 50.2717 42.6955 1.49
    endloop
  endfacet
  facet normal -0.577831 -0.428552 -0.694589
    outer loop
      vertex 51.6145 43.3796 0
      vertex 51.7945 43.1369 0
      vertex 50.5969 42.3367 1.49
    endloop
  endfacet
  facet normal -0.577867 -0.428511 -0.694585
    outer loop
      vertex 50.5005 42.4667 1.49
      vertex 51.6145 43.3796 0
      vertex 50.5969 42.3367 1.49
    endloop
  endfacet
  facet normal -0.599649 -0.399766 -0.693259
    outer loop
      vertex 51.6145 43.3796 0
      vertex 50.5005 42.4667 1.49
      vertex 51.6139 43.3805 0
    endloop
  endfacet
  facet normal -0.720662 0 -0.693287
    outer loop
      vertex 52.3005 41.7218 0
      vertex 50.8671 41.5817 1.49
      vertex 52.3005 41.7229 0
    endloop
  endfacet
  facet normal -0.718567 -0.0351062 -0.694572
    outer loop
      vertex 50.8671 41.5817 1.49
      vertex 52.3005 41.7218 0
      vertex 50.875 41.42 1.49
    endloop
  endfacet
  facet normal -0.509577 0.509577 -0.693298
    outer loop
      vertex 51.6131 39.4587 0
      vertex 50.5005 40.3733 1.49
      vertex 51.6139 39.4595 0
    endloop
  endfacet
  facet normal -0.532964 0.483221 -0.694584
    outer loop
      vertex 50.5005 40.3733 1.49
      vertex 51.6131 39.4587 0
      vertex 50.3917 40.2533 1.49
    endloop
  endfacet
  facet normal -0.61701 0.36992 -0.694592
    outer loop
      vertex 51.9499 39.9623 0
      vertex 51.7945 39.7031 0
      vertex 50.5969 40.5033 1.49
    endloop
  endfacet
  facet normal -0.428546 0.577823 -0.6946
    outer loop
      vertex 51.1855 39.0311 0
      vertex 50.9428 38.8511 0
      vertex 50.2717 40.1445 1.49
    endloop
  endfacet
  facet normal 0.577852 -0.4285 -0.694604
    outer loop
      vertex 47.8531 42.3367 1.49
      vertex 46.6561 43.1378 0
      vertex 47.9495 42.4667 1.49
    endloop
  endfacet
  facet normal 0.598234 -0.398823 -0.695022
    outer loop
      vertex 46.6561 43.1378 0
      vertex 47.8531 42.3367 1.49
      vertex 46.6555 43.1369 0
    endloop
  endfacet
  facet normal 0.428283 -0.578005 -0.69461
    outer loop
      vertex 47.5072 43.9889 0
      vertex 48.3083 42.7919 1.49
      vertex 48.1782 42.6955 1.49
    endloop
  endfacet
  facet normal 0.398823 -0.598234 -0.695022
    outer loop
      vertex 48.3083 42.7919 1.49
      vertex 47.5072 43.9889 0
      vertex 47.5081 43.9895 0
    endloop
  endfacet
  facet normal 0.428555 -0.577835 -0.694585
    outer loop
      vertex 47.5072 43.9889 0
      vertex 48.1782 42.6955 1.49
      vertex 47.2645 43.8089 0
    endloop
  endfacet
  facet normal 0.709776 -0.12905 -0.692506
    outer loop
      vertex 47.6067 41.7419 1.49
      vertex 46.1495 41.7229 0
      vertex 46.1497 41.724 0
    endloop
  endfacet
  facet normal 0.711599 -0.105718 -0.694586
    outer loop
      vertex 46.1495 41.7229 0
      vertex 47.6067 41.7419 1.49
      vertex 47.5829 41.5817 1.49
    endloop
  endfacet
  facet normal 0.697877 0.174707 -0.694583
    outer loop
      vertex 47.646 40.941 1.49
      vertex 46.2677 40.5229 0
      vertex 46.1943 40.8161 0
    endloop
  endfacet
  facet normal 0.533075 0.483077 -0.694598
    outer loop
      vertex 48.0583 40.2533 1.49
      vertex 47.0398 39.2348 0
      vertex 46.8369 39.4587 0
    endloop
  endfacet
  facet normal -0.12905 0.709776 -0.692506
    outer loop
      vertex 49.5279 38.3445 0
      vertex 49.5469 39.8017 1.49
      vertex 49.529 38.3447 0
    endloop
  endfacet
  facet normal -0.105718 0.711599 -0.694586
    outer loop
      vertex 49.5469 39.8017 1.49
      vertex 49.5279 38.3445 0
      vertex 49.3867 39.7779 1.49
    endloop
  endfacet
  facet normal 0 0.720662 -0.693287
    outer loop
      vertex 49.5268 38.3445 0
      vertex 49.3867 39.7779 1.49
      vertex 49.5279 38.3445 0
    endloop
  endfacet
  facet normal -0.0351062 0.718567 -0.694572
    outer loop
      vertex 49.3867 39.7779 1.49
      vertex 49.5268 38.3445 0
      vertex 49.225 39.77 1.49
    endloop
  endfacet
  facet normal -0.129026 0.709642 -0.692648
    outer loop
      vertex 50.121 38.4625 0
      vertex 49.704 39.841 1.49
      vertex 50.1221 38.4627 0
    endloop
  endfacet
  facet normal -0.174593 0.697927 -0.694562
    outer loop
      vertex 49.704 39.841 1.49
      vertex 50.121 38.4625 0
      vertex 49.5469 39.8017 1.49
    endloop
  endfacet
  facet normal -0.267504 0.668759 -0.693688
    outer loop
      vertex 49.704 39.841 1.49
      vertex 50.1231 38.4631 0
      vertex 50.1221 38.4627 0
    endloop
  endfacet
  facet normal -0.242645 0.677273 -0.694568
    outer loop
      vertex 50.1231 38.4631 0
      vertex 49.704 39.841 1.49
      vertex 49.8564 39.8956 1.49
    endloop
  endfacet
  facet normal 0.36975 0.617122 -0.694583
    outer loop
      vertex 48.4472 39.9648 1.49
      vertex 47.7682 38.6946 0
      vertex 47.509 38.8499 0
    endloop
  endfacet
  facet normal 0.307563 0.650359 -0.694578
    outer loop
      vertex 48.4472 39.9648 1.49
      vertex 48.0414 38.5654 0
      vertex 47.7682 38.6946 0
    endloop
  endfacet
  facet normal -0.398823 -0.598234 -0.695022
    outer loop
      vertex 50.1417 42.7919 1.49
      vertex 50.941 43.9901 0
      vertex 50.9419 43.9895 0
    endloop
  endfacet
  facet normal -0.369992 -0.61695 -0.694607
    outer loop
      vertex 50.941 43.9901 0
      vertex 50.1417 42.7919 1.49
      vertex 50.0028 42.8752 1.49
    endloop
  endfacet
  facet normal -0.36975 -0.617122 -0.694583
    outer loop
      vertex 50.6818 44.1454 0
      vertex 50.941 43.9901 0
      vertex 50.0028 42.8752 1.49
    endloop
  endfacet
  facet normal 0.0652689 -0.717958 -0.69302
    outer loop
      vertex 48.6232 44.4511 0
      vertex 48.9031 43.0383 1.49
      vertex 48.6221 44.451 0
    endloop
  endfacet
  facet normal 0.105718 -0.711598 -0.694588
    outer loop
      vertex 48.9031 43.0383 1.49
      vertex 48.6232 44.4511 0
      vertex 49.0633 43.0621 1.49
    endloop
  endfacet
  facet normal 0.20757 -0.691899 -0.691513
    outer loop
      vertex 48.6221 44.451 0
      vertex 48.746 42.999 1.49
      vertex 48.6211 44.4507 0
    endloop
  endfacet
  facet normal 0.174583 -0.697886 -0.694605
    outer loop
      vertex 48.746 42.999 1.49
      vertex 48.6221 44.451 0
      vertex 48.9031 43.0383 1.49
    endloop
  endfacet
  facet normal 0.307433 -0.650408 -0.694589
    outer loop
      vertex 48.0414 44.2746 0
      vertex 48.5936 42.9444 1.49
      vertex 48.4472 42.8752 1.49
    endloop
  endfacet
  facet normal 0.321931 -0.643863 -0.694119
    outer loop
      vertex 48.5936 42.9444 1.49
      vertex 48.0414 44.2746 0
      vertex 48.0424 44.2751 0
    endloop
  endfacet
  facet normal -0.428546 -0.577823 -0.6946
    outer loop
      vertex 50.9428 43.9889 0
      vertex 51.1855 43.8089 0
      vertex 50.2717 42.6955 1.49
    endloop
  endfacet
  facet normal -0.4285 -0.577852 -0.694604
    outer loop
      vertex 50.1417 42.7919 1.49
      vertex 50.9428 43.9889 0
      vertex 50.2717 42.6955 1.49
    endloop
  endfacet
  facet normal -0.398823 -0.598234 -0.695022
    outer loop
      vertex 50.9428 43.9889 0
      vertex 50.1417 42.7919 1.49
      vertex 50.9419 43.9895 0
    endloop
  endfacet
  facet normal -0.711601 -0.105705 -0.694587
    outer loop
      vertex 52.2561 42.0218 0
      vertex 52.3005 41.7229 0
      vertex 50.8671 41.5817 1.49
    endloop
  endfacet
  facet normal -0.717958 -0.0652689 -0.69302
    outer loop
      vertex 52.2561 42.0218 0
      vertex 50.8433 41.7419 1.49
      vertex 52.256 42.0229 0
    endloop
  endfacet
  facet normal -0.711598 -0.105718 -0.694588
    outer loop
      vertex 50.8433 41.7419 1.49
      vertex 52.2561 42.0218 0
      vertex 50.8671 41.5817 1.49
    endloop
  endfacet
  facet normal -0.711601 0.105705 -0.694587
    outer loop
      vertex 52.3005 41.1171 0
      vertex 52.2561 40.8182 0
      vertex 50.8671 41.2583 1.49
    endloop
  endfacet
  facet normal -0.643863 0.321931 -0.694119
    outer loop
      vertex 52.0796 40.2364 0
      vertex 50.7494 40.7886 1.49
      vertex 52.0801 40.2374 0
    endloop
  endfacet
  facet normal -0.650408 0.307433 -0.694589
    outer loop
      vertex 50.7494 40.7886 1.49
      vertex 52.0796 40.2364 0
      vertex 50.6802 40.6422 1.49
    endloop
  endfacet
  facet normal -0.667586 0.267034 -0.694997
    outer loop
      vertex 50.7494 40.7886 1.49
      vertex 52.0805 40.2384 0
      vertex 52.0801 40.2374 0
    endloop
  endfacet
  facet normal -0.677237 0.242632 -0.694608
    outer loop
      vertex 52.0805 40.2384 0
      vertex 50.7494 40.7886 1.49
      vertex 50.804 40.941 1.49
    endloop
  endfacet
  facet normal -0.628557 0.349198 -0.694965
    outer loop
      vertex 51.9499 39.9623 0
      vertex 50.6802 40.6422 1.49
      vertex 51.9504 39.9632 0
    endloop
  endfacet
  facet normal -0.616969 0.370003 -0.694584
    outer loop
      vertex 50.6802 40.6422 1.49
      vertex 51.9499 39.9623 0
      vertex 50.5969 40.5033 1.49
    endloop
  endfacet
  facet normal -0.473957 0.541665 -0.694236
    outer loop
      vertex 51.4094 39.2341 0
      vertex 50.3917 40.2533 1.49
      vertex 51.4102 39.2348 0
    endloop
  endfacet
  facet normal -0.483212 0.532954 -0.694598
    outer loop
      vertex 50.3917 40.2533 1.49
      vertex 51.4094 39.2341 0
      vertex 50.2717 40.1445 1.49
    endloop
  endfacet
  facet normal -0.577831 0.428552 -0.694589
    outer loop
      vertex 51.7945 39.7031 0
      vertex 51.6145 39.4604 0
      vertex 50.5969 40.5033 1.49
    endloop
  endfacet
  facet normal -0.599649 0.399766 -0.693259
    outer loop
      vertex 50.5005 40.3733 1.49
      vertex 51.6145 39.4604 0
      vertex 51.6139 39.4595 0
    endloop
  endfacet
  facet normal -0.577867 0.428511 -0.694585
    outer loop
      vertex 51.6145 39.4604 0
      vertex 50.5005 40.3733 1.49
      vertex 50.5969 40.5033 1.49
    endloop
  endfacet
  facet normal -0.398823 0.598234 -0.695022
    outer loop
      vertex 50.941 38.8499 0
      vertex 50.1417 40.0481 1.49
      vertex 50.9419 38.8505 0
    endloop
  endfacet
  facet normal -0.369992 0.61695 -0.694607
    outer loop
      vertex 50.1417 40.0481 1.49
      vertex 50.941 38.8499 0
      vertex 50.0028 39.9648 1.49
    endloop
  endfacet
  facet normal 0.667586 0.267034 -0.694997
    outer loop
      vertex 46.3695 40.2384 0
      vertex 47.7006 40.7886 1.49
      vertex 46.3699 40.2374 0
    endloop
  endfacet
  facet normal 0.677237 0.242632 -0.694608
    outer loop
      vertex 47.7006 40.7886 1.49
      vertex 46.3695 40.2384 0
      vertex 47.646 40.941 1.49
    endloop
  endfacet
  facet normal 0.617122 0.36975 -0.694583
    outer loop
      vertex 47.7698 40.6422 1.49
      vertex 46.6549 39.704 0
      vertex 46.4996 39.9632 0
    endloop
  endfacet
  facet normal 0.650359 0.307563 -0.694578
    outer loop
      vertex 47.7698 40.6422 1.49
      vertex 46.4996 39.9632 0
      vertex 46.3704 40.2364 0
    endloop
  endfacet
  facet normal 0.532964 0.483221 -0.694584
    outer loop
      vertex 46.8369 39.4587 0
      vertex 47.9495 40.3733 1.49
      vertex 48.0583 40.2533 1.49
    endloop
  endfacet
  facet normal 0.509577 0.509577 -0.693298
    outer loop
      vertex 47.9495 40.3733 1.49
      vertex 46.8369 39.4587 0
      vertex 46.8361 39.4595 0
    endloop
  endfacet
  facet normal 0.599649 0.399766 -0.693259
    outer loop
      vertex 46.8355 39.4604 0
      vertex 47.9495 40.3733 1.49
      vertex 46.8361 39.4595 0
    endloop
  endfacet
  facet normal 0.577867 0.428511 -0.694585
    outer loop
      vertex 47.9495 40.3733 1.49
      vertex 46.8355 39.4604 0
      vertex 47.8531 40.5033 1.49
    endloop
  endfacet
  facet normal 0.10547 0.711625 -0.694597
    outer loop
      vertex 48.9031 39.8017 1.49
      vertex 48.921 38.3447 0
      vertex 48.6221 38.389 0
    endloop
  endfacet
  facet normal 0.267504 0.668759 -0.693688
    outer loop
      vertex 48.3269 38.4631 0
      vertex 48.746 39.841 1.49
      vertex 48.3279 38.4627 0
    endloop
  endfacet
  facet normal 0.242645 0.677273 -0.694568
    outer loop
      vertex 48.746 39.841 1.49
      vertex 48.3269 38.4631 0
      vertex 48.5936 39.8956 1.49
    endloop
  endfacet
  facet normal 0.174593 0.697927 -0.694562
    outer loop
      vertex 48.329 38.4625 0
      vertex 48.746 39.841 1.49
      vertex 48.9031 39.8017 1.49
    endloop
  endfacet
  facet normal 0.129026 0.709642 -0.692648
    outer loop
      vertex 48.746 39.841 1.49
      vertex 48.329 38.4625 0
      vertex 48.3279 38.4627 0
    endloop
  endfacet
  facet normal 0.0351062 0.718567 -0.694572
    outer loop
      vertex 48.9232 38.3445 0
      vertex 49.0633 39.7779 1.49
      vertex 49.225 39.77 1.49
    endloop
  endfacet
  facet normal 0 0.720662 -0.693287
    outer loop
      vertex 49.0633 39.7779 1.49
      vertex 48.9232 38.3445 0
      vertex 48.9221 38.3445 0
    endloop
  endfacet
  facet normal 0.035237 0.71855 -0.694582
    outer loop
      vertex 49.225 39.77 1.49
      vertex 49.225 38.3297 0
      vertex 48.9232 38.3445 0
    endloop
  endfacet
  facet normal 0.398823 0.598234 -0.695022
    outer loop
      vertex 47.5072 38.8511 0
      vertex 48.3083 40.0481 1.49
      vertex 47.5081 38.8505 0
    endloop
  endfacet
  facet normal 0.428283 0.578005 -0.69461
    outer loop
      vertex 48.3083 40.0481 1.49
      vertex 47.5072 38.8511 0
      vertex 48.1782 40.1445 1.49
    endloop
  endfacet
  facet normal 0.369992 0.61695 -0.694607
    outer loop
      vertex 47.509 38.8499 0
      vertex 48.3083 40.0481 1.49
      vertex 48.4472 39.9648 1.49
    endloop
  endfacet
  facet normal 0.398823 0.598234 -0.695022
    outer loop
      vertex 48.3083 40.0481 1.49
      vertex 47.509 38.8499 0
      vertex 47.5081 38.8505 0
    endloop
  endfacet
  facet normal -0.718567 0.0351062 -0.694572
    outer loop
      vertex 52.3005 41.1182 0
      vertex 50.8671 41.2583 1.49
      vertex 50.875 41.42 1.49
    endloop
  endfacet
  facet normal -0.720662 0 -0.693287
    outer loop
      vertex 50.8671 41.2583 1.49
      vertex 52.3005 41.1182 0
      vertex 52.3005 41.1171 0
    endloop
  endfacet
  facet normal 1 -0 0
    outer loop
      vertex 24 -28 2.5
      vertex 24 -22 0
      vertex 24 -22 2.5
    endloop
  endfacet
  facet normal 1 0 0
    outer loop
      vertex 24 -22 0
      vertex 24 -28 2.5
      vertex 24 -28 0
    endloop
  endfacet
  facet normal -1 0 0
    outer loop
      vertex 36 -28 0
      vertex 36 -22 2.5
      vertex 36 -22 0
    endloop
  endfacet
  facet normal -1 -0 0
    outer loop
      vertex 36 -22 2.5
      vertex 36 -28 0
      vertex 36 -28 2.5
    endloop
  endfacet
  facet normal 0 1 -0
    outer loop
      vertex 36 -28 0
      vertex 24 -28 2.5
      vertex 36 -28 2.5
    endloop
  endfacet
  facet normal 0 1 0
    outer loop
      vertex 24 -28 2.5
      vertex 36 -28 0
      vertex 24 -28 0
    endloop
  endfacet
  facet normal 0 -1 0
    outer loop
      vertex 24 -22 0
      vertex 36 -22 2.5
      vertex 24 -22 2.5
    endloop
  endfacet
  facet normal 0 -1 -0
    outer loop
      vertex 36 -22 2.5
      vertex 24 -22 0
      vertex 36 -22 0
    endloop
  endfacet
  facet normal -0.671526 -0.740981 0
    outer loop
      vertex 43.7129 -25.9129 0
      vertex 43.9092 -26.0908 2.5
      vertex 43.7129 -25.9129 2.5
    endloop
  endfacet
  facet normal -0.671526 -0.740981 -0
    outer loop
      vertex 43.9092 -26.0908 2.5
      vertex 43.7129 -25.9129 0
      vertex 43.9092 -26.0908 0
    endloop
  endfacet
  facet normal 0.336767 -0.941588 0
    outer loop
      vertex 40.9668 -25.5055 0
      vertex 41.2162 -25.4163 2.5
      vertex 40.9668 -25.5055 2.5
    endloop
  endfacet
  facet normal 0.336767 -0.941588 0
    outer loop
      vertex 41.2162 -25.4163 2.5
      vertex 40.9668 -25.5055 0
      vertex 41.2162 -25.4163 0
    endloop
  endfacet
  facet normal 0.904022 -0.427486 0
    outer loop
      vertex 39.5055 -26.9668 2.5
      vertex 39.6188 -26.7272 0
      vertex 39.6188 -26.7272 2.5
    endloop
  endfacet
  facet normal 0.904022 -0.427486 0
    outer loop
      vertex 39.6188 -26.7272 0
      vertex 39.5055 -26.9668 2.5
      vertex 39.5055 -26.9668 0
    endloop
  endfacet
  facet normal -0.904022 0.427486 0
    outer loop
      vertex 44.3812 -29.2728 0
      vertex 44.4945 -29.0332 2.5
      vertex 44.4945 -29.0332 0
    endloop
  endfacet
  facet normal -0.904022 0.427486 0
    outer loop
      vertex 44.4945 -29.0332 2.5
      vertex 44.3812 -29.2728 0
      vertex 44.3812 -29.2728 2.5
    endloop
  endfacet
  facet normal 0.427486 0.904022 -0
    outer loop
      vertex 40.9668 -30.4945 0
      vertex 40.7272 -30.3812 2.5
      vertex 40.9668 -30.4945 2.5
    endloop
  endfacet
  facet normal 0.427486 0.904022 0
    outer loop
      vertex 40.7272 -30.3812 2.5
      vertex 40.9668 -30.4945 0
      vertex 40.7272 -30.3812 0
    endloop
  endfacet
  facet normal -0.941588 -0.336767 0
    outer loop
      vertex 44.5837 -27.2162 0
      vertex 44.4945 -26.9668 2.5
      vertex 44.4945 -26.9668 0
    endloop
  endfacet
  facet normal -0.941588 -0.336767 0
    outer loop
      vertex 44.4945 -26.9668 2.5
      vertex 44.5837 -27.2162 0
      vertex 44.5837 -27.2162 2.5
    endloop
  endfacet
  facet normal -0.989165 -0.146809 0
    outer loop
      vertex 44.687 -27.7354 0
      vertex 44.6481 -27.4733 2.5
      vertex 44.6481 -27.4733 0
    endloop
  endfacet
  facet normal -0.989165 -0.146809 0
    outer loop
      vertex 44.6481 -27.4733 2.5
      vertex 44.687 -27.7354 0
      vertex 44.687 -27.7354 2.5
    endloop
  endfacet
  facet normal -0.904022 -0.427486 0
    outer loop
      vertex 44.4945 -26.9668 0
      vertex 44.3812 -26.7272 2.5
      vertex 44.3812 -26.7272 0
    endloop
  endfacet
  facet normal -0.904022 -0.427486 0
    outer loop
      vertex 44.3812 -26.7272 2.5
      vertex 44.4945 -26.9668 0
      vertex 44.4945 -26.9668 2.5
    endloop
  endfacet
  facet normal -0.427486 -0.904022 0
    outer loop
      vertex 43.0332 -25.5055 0
      vertex 43.2728 -25.6188 2.5
      vertex 43.0332 -25.5055 2.5
    endloop
  endfacet
  facet normal -0.427486 -0.904022 -0
    outer loop
      vertex 43.2728 -25.6188 2.5
      vertex 43.0332 -25.5055 0
      vertex 43.2728 -25.6188 0
    endloop
  endfacet
  facet normal -0.146809 -0.989165 0
    outer loop
      vertex 42.2646 -25.313 0
      vertex 42.5267 -25.3519 2.5
      vertex 42.2646 -25.313 2.5
    endloop
  endfacet
  facet normal -0.146809 -0.989165 -0
    outer loop
      vertex 42.5267 -25.3519 2.5
      vertex 42.2646 -25.313 0
      vertex 42.5267 -25.3519 0
    endloop
  endfacet
  facet normal 0.989165 -0.146809 0
    outer loop
      vertex 39.313 -27.7354 2.5
      vertex 39.3519 -27.4733 0
      vertex 39.3519 -27.4733 2.5
    endloop
  endfacet
  facet normal 0.989165 -0.146809 0
    outer loop
      vertex 39.3519 -27.4733 0
      vertex 39.313 -27.7354 2.5
      vertex 39.313 -27.7354 0
    endloop
  endfacet
  facet normal 0.740981 -0.671526 0
    outer loop
      vertex 39.9129 -26.2871 2.5
      vertex 40.0908 -26.0908 0
      vertex 40.0908 -26.0908 2.5
    endloop
  endfacet
  facet normal 0.740981 -0.671526 0
    outer loop
      vertex 40.0908 -26.0908 0
      vertex 39.9129 -26.2871 2.5
      vertex 39.9129 -26.2871 0
    endloop
  endfacet
  facet normal 0.146809 -0.989165 0
    outer loop
      vertex 41.4733 -25.3519 0
      vertex 41.7354 -25.313 2.5
      vertex 41.4733 -25.3519 2.5
    endloop
  endfacet
  facet normal 0.146809 -0.989165 0
    outer loop
      vertex 41.7354 -25.313 2.5
      vertex 41.4733 -25.3519 0
      vertex 41.7354 -25.313 0
    endloop
  endfacet
  facet normal -0.998795 0.0490716 0
    outer loop
      vertex 44.687 -28.2646 0
      vertex 44.7 -28 2.5
      vertex 44.7 -28 0
    endloop
  endfacet
  facet normal -0.998795 0.0490716 0
    outer loop
      vertex 44.7 -28 2.5
      vertex 44.687 -28.2646 0
      vertex 44.687 -28.2646 2.5
    endloop
  endfacet
  facet normal -0.740981 0.671526 0
    outer loop
      vertex 43.9092 -29.9092 0
      vertex 44.0871 -29.7129 2.5
      vertex 44.0871 -29.7129 0
    endloop
  endfacet
  facet normal -0.740981 0.671526 0
    outer loop
      vertex 44.0871 -29.7129 2.5
      vertex 43.9092 -29.9092 0
      vertex 43.9092 -29.9092 2.5
    endloop
  endfacet
  facet normal 0.146809 0.989165 -0
    outer loop
      vertex 41.7354 -30.687 0
      vertex 41.4733 -30.6481 2.5
      vertex 41.7354 -30.687 2.5
    endloop
  endfacet
  facet normal 0.146809 0.989165 0
    outer loop
      vertex 41.4733 -30.6481 2.5
      vertex 41.7354 -30.687 0
      vertex 41.4733 -30.6481 0
    endloop
  endfacet
  facet normal 0.671526 0.740981 -0
    outer loop
      vertex 40.2871 -30.0871 0
      vertex 40.0908 -29.9092 2.5
      vertex 40.2871 -30.0871 2.5
    endloop
  endfacet
  facet normal 0.671526 0.740981 0
    outer loop
      vertex 40.0908 -29.9092 2.5
      vertex 40.2871 -30.0871 0
      vertex 40.0908 -29.9092 0
    endloop
  endfacet
  facet normal 0.998795 0.0490716 0
    outer loop
      vertex 39.313 -28.2646 2.5
      vertex 39.3 -28 0
      vertex 39.3 -28 2.5
    endloop
  endfacet
  facet normal 0.998795 0.0490716 0
    outer loop
      vertex 39.3 -28 0
      vertex 39.313 -28.2646 2.5
      vertex 39.313 -28.2646 0
    endloop
  endfacet
  facet normal 0.803203 0.595706 0
    outer loop
      vertex 39.9129 -29.7129 2.5
      vertex 39.755 -29.5 0
      vertex 39.755 -29.5 2.5
    endloop
  endfacet
  facet normal 0.803203 0.595706 0
    outer loop
      vertex 39.755 -29.5 0
      vertex 39.9129 -29.7129 2.5
      vertex 39.9129 -29.7129 0
    endloop
  endfacet
  facet normal -0.970031 -0.242979 0
    outer loop
      vertex 44.6481 -27.4733 0
      vertex 44.5837 -27.2162 2.5
      vertex 44.5837 -27.2162 0
    endloop
  endfacet
  facet normal -0.970031 -0.242979 0
    outer loop
      vertex 44.5837 -27.2162 2.5
      vertex 44.6481 -27.4733 0
      vertex 44.6481 -27.4733 2.5
    endloop
  endfacet
  facet normal -0.803203 -0.595706 0
    outer loop
      vertex 44.245 -26.5 0
      vertex 44.0871 -26.2871 2.5
      vertex 44.0871 -26.2871 0
    endloop
  endfacet
  facet normal -0.803203 -0.595706 0
    outer loop
      vertex 44.0871 -26.2871 2.5
      vertex 44.245 -26.5 0
      vertex 44.245 -26.5 2.5
    endloop
  endfacet
  facet normal -0.857693 -0.514163 0
    outer loop
      vertex 44.3812 -26.7272 0
      vertex 44.245 -26.5 2.5
      vertex 44.245 -26.5 0
    endloop
  endfacet
  facet normal -0.857693 -0.514163 0
    outer loop
      vertex 44.245 -26.5 2.5
      vertex 44.3812 -26.7272 0
      vertex 44.3812 -26.7272 2.5
    endloop
  endfacet
  facet normal -0.740981 -0.671526 0
    outer loop
      vertex 44.0871 -26.2871 0
      vertex 43.9092 -26.0908 2.5
      vertex 43.9092 -26.0908 0
    endloop
  endfacet
  facet normal -0.740981 -0.671526 0
    outer loop
      vertex 43.9092 -26.0908 2.5
      vertex 44.0871 -26.2871 0
      vertex 44.0871 -26.2871 2.5
    endloop
  endfacet
  facet normal -0.595706 -0.803203 0
    outer loop
      vertex 43.5 -25.755 0
      vertex 43.7129 -25.9129 2.5
      vertex 43.5 -25.755 2.5
    endloop
  endfacet
  facet normal -0.595706 -0.803203 -0
    outer loop
      vertex 43.7129 -25.9129 2.5
      vertex 43.5 -25.755 0
      vertex 43.7129 -25.9129 0
    endloop
  endfacet
  facet normal -0.0490716 -0.998795 0
    outer loop
      vertex 42 -25.3 0
      vertex 42.2646 -25.313 2.5
      vertex 42 -25.3 2.5
    endloop
  endfacet
  facet normal -0.0490716 -0.998795 -0
    outer loop
      vertex 42.2646 -25.313 2.5
      vertex 42 -25.3 0
      vertex 42.2646 -25.313 0
    endloop
  endfacet
  facet normal -0.514163 -0.857693 0
    outer loop
      vertex 43.2728 -25.6188 0
      vertex 43.5 -25.755 2.5
      vertex 43.2728 -25.6188 2.5
    endloop
  endfacet
  facet normal -0.514163 -0.857693 -0
    outer loop
      vertex 43.5 -25.755 2.5
      vertex 43.2728 -25.6188 0
      vertex 43.5 -25.755 0
    endloop
  endfacet
  facet normal -0.336767 -0.941588 0
    outer loop
      vertex 42.7838 -25.4163 0
      vertex 43.0332 -25.5055 2.5
      vertex 42.7838 -25.4163 2.5
    endloop
  endfacet
  facet normal -0.336767 -0.941588 -0
    outer loop
      vertex 43.0332 -25.5055 2.5
      vertex 42.7838 -25.4163 0
      vertex 43.0332 -25.5055 0
    endloop
  endfacet
  facet normal -0.242979 -0.970031 0
    outer loop
      vertex 42.5267 -25.3519 0
      vertex 42.7838 -25.4163 2.5
      vertex 42.5267 -25.3519 2.5
    endloop
  endfacet
  facet normal -0.242979 -0.970031 -0
    outer loop
      vertex 42.7838 -25.4163 2.5
      vertex 42.5267 -25.3519 0
      vertex 42.7838 -25.4163 0
    endloop
  endfacet
  facet normal 0.998795 -0.0490716 0
    outer loop
      vertex 39.3 -28 2.5
      vertex 39.313 -27.7354 0
      vertex 39.313 -27.7354 2.5
    endloop
  endfacet
  facet normal 0.998795 -0.0490716 0
    outer loop
      vertex 39.313 -27.7354 0
      vertex 39.3 -28 2.5
      vertex 39.3 -28 0
    endloop
  endfacet
  facet normal 0.941588 -0.336767 0
    outer loop
      vertex 39.4163 -27.2162 2.5
      vertex 39.5055 -26.9668 0
      vertex 39.5055 -26.9668 2.5
    endloop
  endfacet
  facet normal 0.941588 -0.336767 0
    outer loop
      vertex 39.5055 -26.9668 0
      vertex 39.4163 -27.2162 2.5
      vertex 39.4163 -27.2162 0
    endloop
  endfacet
  facet normal 0.970031 -0.242979 0
    outer loop
      vertex 39.3519 -27.4733 2.5
      vertex 39.4163 -27.2162 0
      vertex 39.4163 -27.2162 2.5
    endloop
  endfacet
  facet normal 0.970031 -0.242979 0
    outer loop
      vertex 39.4163 -27.2162 0
      vertex 39.3519 -27.4733 2.5
      vertex 39.3519 -27.4733 0
    endloop
  endfacet
  facet normal 0.857693 -0.514163 0
    outer loop
      vertex 39.6188 -26.7272 2.5
      vertex 39.755 -26.5 0
      vertex 39.755 -26.5 2.5
    endloop
  endfacet
  facet normal 0.857693 -0.514163 0
    outer loop
      vertex 39.755 -26.5 0
      vertex 39.6188 -26.7272 2.5
      vertex 39.6188 -26.7272 0
    endloop
  endfacet
  facet normal 0.803203 -0.595706 0
    outer loop
      vertex 39.755 -26.5 2.5
      vertex 39.9129 -26.2871 0
      vertex 39.9129 -26.2871 2.5
    endloop
  endfacet
  facet normal 0.803203 -0.595706 0
    outer loop
      vertex 39.9129 -26.2871 0
      vertex 39.755 -26.5 2.5
      vertex 39.755 -26.5 0
    endloop
  endfacet
  facet normal 0.242979 -0.970031 0
    outer loop
      vertex 41.2162 -25.4163 0
      vertex 41.4733 -25.3519 2.5
      vertex 41.2162 -25.4163 2.5
    endloop
  endfacet
  facet normal 0.242979 -0.970031 0
    outer loop
      vertex 41.4733 -25.3519 2.5
      vertex 41.2162 -25.4163 0
      vertex 41.4733 -25.3519 0
    endloop
  endfacet
  facet normal 0.0490716 -0.998795 0
    outer loop
      vertex 41.7354 -25.313 0
      vertex 42 -25.3 2.5
      vertex 41.7354 -25.313 2.5
    endloop
  endfacet
  facet normal 0.0490716 -0.998795 0
    outer loop
      vertex 42 -25.3 2.5
      vertex 41.7354 -25.313 0
      vertex 42 -25.3 0
    endloop
  endfacet
  facet normal 0.514163 -0.857693 0
    outer loop
      vertex 40.5 -25.755 0
      vertex 40.7272 -25.6188 2.5
      vertex 40.5 -25.755 2.5
    endloop
  endfacet
  facet normal 0.514163 -0.857693 0
    outer loop
      vertex 40.7272 -25.6188 2.5
      vertex 40.5 -25.755 0
      vertex 40.7272 -25.6188 0
    endloop
  endfacet
  facet normal 0.595706 -0.803203 0
    outer loop
      vertex 40.2871 -25.9129 0
      vertex 40.5 -25.755 2.5
      vertex 40.2871 -25.9129 2.5
    endloop
  endfacet
  facet normal 0.595706 -0.803203 0
    outer loop
      vertex 40.5 -25.755 2.5
      vertex 40.2871 -25.9129 0
      vertex 40.5 -25.755 0
    endloop
  endfacet
  facet normal 0.427486 -0.904022 0
    outer loop
      vertex 40.7272 -25.6188 0
      vertex 40.9668 -25.5055 2.5
      vertex 40.7272 -25.6188 2.5
    endloop
  endfacet
  facet normal 0.427486 -0.904022 0
    outer loop
      vertex 40.9668 -25.5055 2.5
      vertex 40.7272 -25.6188 0
      vertex 40.9668 -25.5055 0
    endloop
  endfacet
  facet normal 0.671526 -0.740981 0
    outer loop
      vertex 40.0908 -26.0908 0
      vertex 40.2871 -25.9129 2.5
      vertex 40.0908 -26.0908 2.5
    endloop
  endfacet
  facet normal 0.671526 -0.740981 0
    outer loop
      vertex 40.2871 -25.9129 2.5
      vertex 40.0908 -26.0908 0
      vertex 40.2871 -25.9129 0
    endloop
  endfacet
  facet normal -0.998795 -0.0490716 0
    outer loop
      vertex 44.7 -28 0
      vertex 44.687 -27.7354 2.5
      vertex 44.687 -27.7354 0
    endloop
  endfacet
  facet normal -0.998795 -0.0490716 0
    outer loop
      vertex 44.687 -27.7354 2.5
      vertex 44.7 -28 0
      vertex 44.7 -28 2.5
    endloop
  endfacet
  facet normal -0.0490716 0.998795 0
    outer loop
      vertex 42.2646 -30.687 0
      vertex 42 -30.7 2.5
      vertex 42.2646 -30.687 2.5
    endloop
  endfacet
  facet normal -0.0490716 0.998795 0
    outer loop
      vertex 42 -30.7 2.5
      vertex 42.2646 -30.687 0
      vertex 42 -30.7 0
    endloop
  endfacet
  facet normal -0.242979 0.970031 0
    outer loop
      vertex 42.7838 -30.5837 0
      vertex 42.5267 -30.6481 2.5
      vertex 42.7838 -30.5837 2.5
    endloop
  endfacet
  facet normal -0.242979 0.970031 0
    outer loop
      vertex 42.5267 -30.6481 2.5
      vertex 42.7838 -30.5837 0
      vertex 42.5267 -30.6481 0
    endloop
  endfacet
  facet normal -0.595706 0.803203 0
    outer loop
      vertex 43.7129 -30.0871 0
      vertex 43.5 -30.245 2.5
      vertex 43.7129 -30.0871 2.5
    endloop
  endfacet
  facet normal -0.595706 0.803203 0
    outer loop
      vertex 43.5 -30.245 2.5
      vertex 43.7129 -30.0871 0
      vertex 43.5 -30.245 0
    endloop
  endfacet
  facet normal -0.427486 0.904022 0
    outer loop
      vertex 43.2728 -30.3812 0
      vertex 43.0332 -30.4945 2.5
      vertex 43.2728 -30.3812 2.5
    endloop
  endfacet
  facet normal -0.427486 0.904022 0
    outer loop
      vertex 43.0332 -30.4945 2.5
      vertex 43.2728 -30.3812 0
      vertex 43.0332 -30.4945 0
    endloop
  endfacet
  facet normal -0.857693 0.514163 0
    outer loop
      vertex 44.245 -29.5 0
      vertex 44.3812 -29.2728 2.5
      vertex 44.3812 -29.2728 0
    endloop
  endfacet
  facet normal -0.857693 0.514163 0
    outer loop
      vertex 44.3812 -29.2728 2.5
      vertex 44.245 -29.5 0
      vertex 44.245 -29.5 2.5
    endloop
  endfacet
  facet normal 0.0490716 0.998795 -0
    outer loop
      vertex 42 -30.7 0
      vertex 41.7354 -30.687 2.5
      vertex 42 -30.7 2.5
    endloop
  endfacet
  facet normal 0.0490716 0.998795 0
    outer loop
      vertex 41.7354 -30.687 2.5
      vertex 42 -30.7 0
      vertex 41.7354 -30.687 0
    endloop
  endfacet
  facet normal 0.336767 0.941588 -0
    outer loop
      vertex 41.2162 -30.5837 0
      vertex 40.9668 -30.4945 2.5
      vertex 41.2162 -30.5837 2.5
    endloop
  endfacet
  facet normal 0.336767 0.941588 0
    outer loop
      vertex 40.9668 -30.4945 2.5
      vertex 41.2162 -30.5837 0
      vertex 40.9668 -30.4945 0
    endloop
  endfacet
  facet normal 0.514163 0.857693 -0
    outer loop
      vertex 40.7272 -30.3812 0
      vertex 40.5 -30.245 2.5
      vertex 40.7272 -30.3812 2.5
    endloop
  endfacet
  facet normal 0.514163 0.857693 0
    outer loop
      vertex 40.5 -30.245 2.5
      vertex 40.7272 -30.3812 0
      vertex 40.5 -30.245 0
    endloop
  endfacet
  facet normal 0.970031 0.242979 0
    outer loop
      vertex 39.4163 -28.7838 2.5
      vertex 39.3519 -28.5267 0
      vertex 39.3519 -28.5267 2.5
    endloop
  endfacet
  facet normal 0.970031 0.242979 0
    outer loop
      vertex 39.3519 -28.5267 0
      vertex 39.4163 -28.7838 2.5
      vertex 39.4163 -28.7838 0
    endloop
  endfacet
  facet normal 0.989165 0.146809 0
    outer loop
      vertex 39.3519 -28.5267 2.5
      vertex 39.313 -28.2646 0
      vertex 39.313 -28.2646 2.5
    endloop
  endfacet
  facet normal 0.989165 0.146809 0
    outer loop
      vertex 39.313 -28.2646 0
      vertex 39.3519 -28.5267 2.5
      vertex 39.3519 -28.5267 0
    endloop
  endfacet
  facet normal 0.904022 0.427486 0
    outer loop
      vertex 39.6188 -29.2728 2.5
      vertex 39.5055 -29.0332 0
      vertex 39.5055 -29.0332 2.5
    endloop
  endfacet
  facet normal 0.904022 0.427486 0
    outer loop
      vertex 39.5055 -29.0332 0
      vertex 39.6188 -29.2728 2.5
      vertex 39.6188 -29.2728 0
    endloop
  endfacet
  facet normal -0.970031 0.242979 0
    outer loop
      vertex 44.5837 -28.7838 0
      vertex 44.6481 -28.5267 2.5
      vertex 44.6481 -28.5267 0
    endloop
  endfacet
  facet normal -0.970031 0.242979 0
    outer loop
      vertex 44.6481 -28.5267 2.5
      vertex 44.5837 -28.7838 0
      vertex 44.5837 -28.7838 2.5
    endloop
  endfacet
  facet normal -0.941588 0.336767 0
    outer loop
      vertex 44.4945 -29.0332 0
      vertex 44.5837 -28.7838 2.5
      vertex 44.5837 -28.7838 0
    endloop
  endfacet
  facet normal -0.941588 0.336767 0
    outer loop
      vertex 44.5837 -28.7838 2.5
      vertex 44.4945 -29.0332 0
      vertex 44.4945 -29.0332 2.5
    endloop
  endfacet
  facet normal -0.989165 0.146809 0
    outer loop
      vertex 44.6481 -28.5267 0
      vertex 44.687 -28.2646 2.5
      vertex 44.687 -28.2646 0
    endloop
  endfacet
  facet normal -0.989165 0.146809 0
    outer loop
      vertex 44.687 -28.2646 2.5
      vertex 44.6481 -28.5267 0
      vertex 44.6481 -28.5267 2.5
    endloop
  endfacet
  facet normal -0.146809 0.989165 0
    outer loop
      vertex 42.5267 -30.6481 0
      vertex 42.2646 -30.687 2.5
      vertex 42.5267 -30.6481 2.5
    endloop
  endfacet
  facet normal -0.146809 0.989165 0
    outer loop
      vertex 42.2646 -30.687 2.5
      vertex 42.5267 -30.6481 0
      vertex 42.2646 -30.687 0
    endloop
  endfacet
  facet normal -0.336767 0.941588 0
    outer loop
      vertex 43.0332 -30.4945 0
      vertex 42.7838 -30.5837 2.5
      vertex 43.0332 -30.4945 2.5
    endloop
  endfacet
  facet normal -0.336767 0.941588 0
    outer loop
      vertex 42.7838 -30.5837 2.5
      vertex 43.0332 -30.4945 0
      vertex 42.7838 -30.5837 0
    endloop
  endfacet
  facet normal -0.671526 0.740981 0
    outer loop
      vertex 43.9092 -29.9092 0
      vertex 43.7129 -30.0871 2.5
      vertex 43.9092 -29.9092 2.5
    endloop
  endfacet
  facet normal -0.671526 0.740981 0
    outer loop
      vertex 43.7129 -30.0871 2.5
      vertex 43.9092 -29.9092 0
      vertex 43.7129 -30.0871 0
    endloop
  endfacet
  facet normal -0.514163 0.857693 0
    outer loop
      vertex 43.5 -30.245 0
      vertex 43.2728 -30.3812 2.5
      vertex 43.5 -30.245 2.5
    endloop
  endfacet
  facet normal -0.514163 0.857693 0
    outer loop
      vertex 43.2728 -30.3812 2.5
      vertex 43.5 -30.245 0
      vertex 43.2728 -30.3812 0
    endloop
  endfacet
  facet normal -0.803203 0.595706 0
    outer loop
      vertex 44.0871 -29.7129 0
      vertex 44.245 -29.5 2.5
      vertex 44.245 -29.5 0
    endloop
  endfacet
  facet normal -0.803203 0.595706 0
    outer loop
      vertex 44.245 -29.5 2.5
      vertex 44.0871 -29.7129 0
      vertex 44.0871 -29.7129 2.5
    endloop
  endfacet
  facet normal 0.242979 0.970031 -0
    outer loop
      vertex 41.4733 -30.6481 0
      vertex 41.2162 -30.5837 2.5
      vertex 41.4733 -30.6481 2.5
    endloop
  endfacet
  facet normal 0.242979 0.970031 0
    outer loop
      vertex 41.2162 -30.5837 2.5
      vertex 41.4733 -30.6481 0
      vertex 41.2162 -30.5837 0
    endloop
  endfacet
  facet normal 0.595706 0.803203 -0
    outer loop
      vertex 40.5 -30.245 0
      vertex 40.2871 -30.0871 2.5
      vertex 40.5 -30.245 2.5
    endloop
  endfacet
  facet normal 0.595706 0.803203 0
    outer loop
      vertex 40.2871 -30.0871 2.5
      vertex 40.5 -30.245 0
      vertex 40.2871 -30.0871 0
    endloop
  endfacet
  facet normal 0.941588 0.336767 0
    outer loop
      vertex 39.5055 -29.0332 2.5
      vertex 39.4163 -28.7838 0
      vertex 39.4163 -28.7838 2.5
    endloop
  endfacet
  facet normal 0.941588 0.336767 0
    outer loop
      vertex 39.4163 -28.7838 0
      vertex 39.5055 -29.0332 2.5
      vertex 39.5055 -29.0332 0
    endloop
  endfacet
  facet normal 0.857693 0.514163 0
    outer loop
      vertex 39.755 -29.5 2.5
      vertex 39.6188 -29.2728 0
      vertex 39.6188 -29.2728 2.5
    endloop
  endfacet
  facet normal 0.857693 0.514163 0
    outer loop
      vertex 39.6188 -29.2728 0
      vertex 39.755 -29.5 2.5
      vertex 39.755 -29.5 0
    endloop
  endfacet
  facet normal 0.740981 0.671526 0
    outer loop
      vertex 40.0908 -29.9092 2.5
      vertex 39.9129 -29.7129 0
      vertex 39.9129 -29.7129 2.5
    endloop
  endfacet
  facet normal 0.740981 0.671526 0
    outer loop
      vertex 39.9129 -29.7129 0
      vertex 40.0908 -29.9092 2.5
      vertex 40.0908 -29.9092 0
    endloop
  endfacet
  facet normal -0.996815 0.0797472 0
    outer loop
      vertex -8.40001 -1 0
      vertex -8 4 0.79
      vertex -8 4 0
    endloop
  endfacet
  facet normal -0.996815 0.0797472 0
    outer loop
      vertex -8 4 0.79
      vertex -8.40001 -1 0
      vertex -8.40001 -1 0.79
    endloop
  endfacet
  facet normal 0 0 -1
    outer loop
      vertex -22 4 0.79
      vertex -8 4 0.79
      vertex -8.40001 -1 0.79
    endloop
  endfacet
  facet normal 0 0 -1
    outer loop
      vertex -21.6 -1 0.79
      vertex -8.40001 -1 0.79
      vertex -11 -5 0.79
    endloop
  endfacet
  facet normal 0 0 -1
    outer loop
      vertex -19 -5 0.79
      vertex -11 -5 0.79
      vertex -15 -7 0.79
    endloop
  endfacet
  facet normal 0 0 -1
    outer loop
      vertex -8.40001 -1 0.79
      vertex -21.6 -1 0.79
      vertex -22 4 0.79
    endloop
  endfacet
  facet normal 0 0 -1
    outer loop
      vertex -11 -5 0.79
      vertex -19 -5 0.79
      vertex -21.6 -1 0.79
    endloop
  endfacet
  facet normal 0 0 -1
    outer loop
      vertex -10.5 10 0.79
      vertex -19.5 10 0.79
      vertex -15 17 0.79
    endloop
  endfacet
  facet normal 0 0 -1
    outer loop
      vertex -8 4 0.79
      vertex -22 4 0.79
      vertex -10.5 10 0.79
    endloop
  endfacet
  facet normal -0 0 -1
    outer loop
      vertex -10.5 10 0.79
      vertex -22 4 0.79
      vertex -19.5 10 0.79
    endloop
  endfacet
  facet normal 0.923077 -0.384615 0
    outer loop
      vertex -22 4 0.79
      vertex -19.5 10 0
      vertex -19.5 10 0.79
    endloop
  endfacet
  facet normal 0.923077 -0.384615 0
    outer loop
      vertex -19.5 10 0
      vertex -22 4 0.79
      vertex -22 4 0
    endloop
  endfacet
  facet normal -0.841178 -0.540758 0
    outer loop
      vertex -10.5 10 0
      vertex -15 17 0.79
      vertex -15 17 0
    endloop
  endfacet
  facet normal -0.841178 -0.540758 0
    outer loop
      vertex -15 17 0.79
      vertex -10.5 10 0
      vertex -10.5 10 0.79
    endloop
  endfacet
  facet normal -0.923077 -0.384615 0
    outer loop
      vertex -8 4 0
      vertex -10.5 10 0.79
      vertex -10.5 10 0
    endloop
  endfacet
  facet normal -0.923077 -0.384615 0
    outer loop
      vertex -10.5 10 0.79
      vertex -8 4 0
      vertex -8 4 0.79
    endloop
  endfacet
  facet normal -0.447214 0.894427 0
    outer loop
      vertex -11 -5 0
      vertex -15 -7 0.79
      vertex -11 -5 0.79
    endloop
  endfacet
  facet normal -0.447214 0.894427 0
    outer loop
      vertex -15 -7 0.79
      vertex -11 -5 0
      vertex -15 -7 0
    endloop
  endfacet
  facet normal -0.838445 0.544987 0
    outer loop
      vertex -11 -5 0
      vertex -8.40001 -1 0.79
      vertex -8.40001 -1 0
    endloop
  endfacet
  facet normal -0.838445 0.544987 0
    outer loop
      vertex -8.40001 -1 0.79
      vertex -11 -5 0
      vertex -11 -5 0.79
    endloop
  endfacet
  facet normal 0.447214 0.894427 -0
    outer loop
      vertex -15 -7 0
      vertex -19 -5 0.79
      vertex -15 -7 0.79
    endloop
  endfacet
  facet normal 0.447214 0.894427 0
    outer loop
      vertex -19 -5 0.79
      vertex -15 -7 0
      vertex -19 -5 0
    endloop
  endfacet
  facet normal 0.841178 -0.540758 0
    outer loop
      vertex -19.5 10 0.79
      vertex -15 17 0
      vertex -15 17 0.79
    endloop
  endfacet
  facet normal 0.841178 -0.540758 0
    outer loop
      vertex -15 17 0
      vertex -19.5 10 0.79
      vertex -19.5 10 0
    endloop
  endfacet
  facet normal 0.996815 0.0797452 0
    outer loop
      vertex -21.6 -1 0.79
      vertex -22 4 0
      vertex -22 4 0.79
    endloop
  endfacet
  facet normal 0.996815 0.0797452 0
    outer loop
      vertex -22 4 0
      vertex -21.6 -1 0.79
      vertex -21.6 -1 0
    endloop
  endfacet
  facet normal 0.838444 0.544988 0
    outer loop
      vertex -19 -5 0.79
      vertex -21.6 -1 0
      vertex -21.6 -1 0.79
    endloop
  endfacet
  facet normal 0.838444 0.544988 0
    outer loop
      vertex -21.6 -1 0
      vertex -19 -5 0.79
      vertex -19 -5 0
    endloop
  endfacet
endsolid OpenSCAD_Model
