solid OpenSCAD_Model
  facet normal 0 0 -1
    outer loop
      vertex 32.3233 -31.0322 0
      vertex 36.8213 -34.8213 0
      vertex 36.6032 -35.019 0
    endloop
  endfacet
  facet normal -0 0 -1
    outer loop
      vertex 37.1944 -34.3667 0
      vertex 37.019 -34.6032 0
      vertex 32.3233 -31.0322 0
    endloop
  endfacet
  facet normal 0 0 -1
    outer loop
      vertex 32.3233 -31.0322 0
      vertex 36.6032 -35.019 0
      vertex 36.3667 -35.1944 0
    endloop
  endfacet
  facet normal -0 0 -1
    outer loop
      vertex 37.3458 -34.1142 0
      vertex 37.1944 -34.3667 0
      vertex 32.3233 -31.0322 0
    endloop
  endfacet
  facet normal 0 0 -1
    outer loop
      vertex 36.8213 -34.8213 0
      vertex 32.3233 -31.0322 0
      vertex 37.019 -34.6032 0
    endloop
  endfacet
  facet normal 0 0 -1
    outer loop
      vertex 37.5708 -33.5708 0
      vertex 32.3233 -31.0322 0
      vertex 37.6423 -33.2853 0
    endloop
  endfacet
  facet normal -0 0 -1
    outer loop
      vertex 37.4716 -33.8481 0
      vertex 37.3458 -34.1142 0
      vertex 32.3233 -31.0322 0
    endloop
  endfacet
  facet normal -0 0 -1
    outer loop
      vertex 37.6855 -32.994 0
      vertex 37.6423 -33.2853 0
      vertex 32.3233 -31.0322 0
    endloop
  endfacet
  facet normal 0 0 -1
    outer loop
      vertex 37.4716 -33.8481 0
      vertex 32.3233 -31.0322 0
      vertex 37.5708 -33.5708 0
    endloop
  endfacet
  facet normal 0 0 -1
    outer loop
      vertex 32.3233 -31.0322 0
      vertex 36.3667 -35.1944 0
      vertex 36.1142 -35.3458 0
    endloop
  endfacet
  facet normal 0 0 -1
    outer loop
      vertex 32.3233 -31.0322 0
      vertex 32.4461 -30.8667 0
      vertex 37.6855 -32.994 0
    endloop
  endfacet
  facet normal 0 0 -1
    outer loop
      vertex 35.8481 -35.4716 0
      vertex 32.3233 -31.0322 0
      vertex 36.1142 -35.3458 0
    endloop
  endfacet
  facet normal -0 0 -1
    outer loop
      vertex 37.7 -32.7 0
      vertex 37.6855 -32.994 0
      vertex 32.4461 -30.8667 0
    endloop
  endfacet
  facet normal -0 0 -1
    outer loop
      vertex 35.8481 -35.4716 0
      vertex 35.5708 -35.5708 0
      vertex 32.3233 -31.0322 0
    endloop
  endfacet
  facet normal 0 0 -1
    outer loop
      vertex 32.4461 -30.8667 0
      vertex 32.552 -30.6899 0
      vertex 37.7 -32.7 0
    endloop
  endfacet
  facet normal 0 0 -1
    outer loop
      vertex 9.92735 -23.7 0
      vertex 29.7101 -27.848 0
      vertex 29.5333 -27.9539 0
    endloop
  endfacet
  facet normal 0 -0 -1
    outer loop
      vertex 37.019 -24.7968 0
      vertex 37.1944 -25.0333 0
      vertex 32.3233 -28.3678 0
    endloop
  endfacet
  facet normal 0 0 -1
    outer loop
      vertex 32.3233 -28.3678 0
      vertex 37.1944 -25.0333 0
      vertex 37.3458 -25.2858 0
    endloop
  endfacet
  facet normal -0 0 -1
    outer loop
      vertex 36.3667 -24.2056 0
      vertex 32.3233 -28.3678 0
      vertex 36.1142 -24.0542 0
    endloop
  endfacet
  facet normal 0 -0 -1
    outer loop
      vertex 36.3667 -24.2056 0
      vertex 36.6032 -24.381 0
      vertex 32.3233 -28.3678 0
    endloop
  endfacet
  facet normal -0 0 -1
    outer loop
      vertex 37.019 -24.7968 0
      vertex 32.3233 -28.3678 0
      vertex 36.8213 -24.5787 0
    endloop
  endfacet
  facet normal -0 0 -1
    outer loop
      vertex 35.8481 -23.9284 0
      vertex 32.3233 -28.3678 0
      vertex 35.5708 -23.8292 0
    endloop
  endfacet
  facet normal 0 -0 -1
    outer loop
      vertex 36.6032 -24.381 0
      vertex 36.8213 -24.5787 0
      vertex 32.3233 -28.3678 0
    endloop
  endfacet
  facet normal 0 -0 -1
    outer loop
      vertex 35.2853 -23.7576 0
      vertex 35.5708 -23.8292 0
      vertex 32.3233 -28.3678 0
    endloop
  endfacet
  facet normal -0 0 -1
    outer loop
      vertex 36.1142 -24.0542 0
      vertex 32.3233 -28.3678 0
      vertex 35.8481 -23.9284 0
    endloop
  endfacet
  facet normal 0 -0 -1
    outer loop
      vertex 34.994 -23.7144 0
      vertex 35.2853 -23.7576 0
      vertex 32.3233 -28.3678 0
    endloop
  endfacet
  facet normal 0 0 -1
    outer loop
      vertex 32.3233 -28.3678 0
      vertex 37.3458 -25.2858 0
      vertex 37.4716 -25.5519 0
    endloop
  endfacet
  facet normal 0 0 -1
    outer loop
      vertex 32.3233 -28.3678 0
      vertex 34.7 -23.7 0
      vertex 34.994 -23.7144 0
    endloop
  endfacet
  facet normal -0 0 -1
    outer loop
      vertex 37.5708 -25.8291 0
      vertex 32.3233 -28.3678 0
      vertex 37.4716 -25.5519 0
    endloop
  endfacet
  facet normal 0 0 -1
    outer loop
      vertex 34.7 -23.7 0
      vertex 32.3233 -28.3678 0
      vertex 32.1849 -28.2151 0
    endloop
  endfacet
  facet normal 0 -0 -1
    outer loop
      vertex 37.5708 -25.8291 0
      vertex 37.6423 -26.1147 0
      vertex 32.3233 -28.3678 0
    endloop
  endfacet
  facet normal 0 0 -1
    outer loop
      vertex 32.7899 -29.4942 0
      vertex 32.7596 -29.2903 0
      vertex 37.7 -26.7 0
    endloop
  endfacet
  facet normal 0 0 -1
    outer loop
      vertex 9.92735 -23.7 0
      vertex 2.20538 -22.3916 0
      vertex 4.38953 -22.0677 0
    endloop
  endfacet
  facet normal 0 0 -1
    outer loop
      vertex 22.0677 -4.38953 0
      vertex 22.3916 -2.20538 0
      vertex 25.2062 -5.01381 0
    endloop
  endfacet
  facet normal 0 0 -1
    outer loop
      vertex 22.3916 -2.20538 0
      vertex 22.5 0 0
      vertex 25.5762 -2.51903 0
    endloop
  endfacet
  facet normal 0 0 -1
    outer loop
      vertex 22.5 0 0
      vertex 25.5762 2.51903 0
      vertex 25.7 0 0
    endloop
  endfacet
  facet normal 0 0 -1
    outer loop
      vertex 22.3916 2.20538 0
      vertex 25.2062 5.01381 0
      vertex 25.5762 2.51903 0
    endloop
  endfacet
  facet normal 0 0 -1
    outer loop
      vertex 22.0677 4.38953 0
      vertex 24.5934 7.46031 0
      vertex 25.2062 5.01381 0
    endloop
  endfacet
  facet normal 0 0 -1
    outer loop
      vertex 21.5311 6.5314 0
      vertex 20.7873 8.61037 0
      vertex 24.5934 7.46031 0
    endloop
  endfacet
  facet normal 0 0 -1
    outer loop
      vertex 20.7873 8.61037 0
      vertex 22.6654 12.1149 0
      vertex 23.7437 9.83496 0
    endloop
  endfacet
  facet normal 0 0 -1
    outer loop
      vertex 19.8432 10.6064 0
      vertex 21.3688 14.2782 0
      vertex 22.6654 12.1149 0
    endloop
  endfacet
  facet normal 0 0 -1
    outer loop
      vertex 18.7081 12.5003 0
      vertex 17.3927 14.2738 0
      vertex 21.3688 14.2782 0
    endloop
  endfacet
  facet normal 0 0 -1
    outer loop
      vertex 17.3927 14.2738 0
      vertex 15.9099 15.9099 0
      vertex 19.8664 16.3039 0
    endloop
  endfacet
  facet normal 0 0 -1
    outer loop
      vertex 15.9099 15.9099 0
      vertex 16.3039 19.8664 0
      vertex 18.1726 18.1726 0
    endloop
  endfacet
  facet normal 0 0 -1
    outer loop
      vertex 15.9099 15.9099 0
      vertex 14.2738 17.3927 0
      vertex 16.3039 19.8664 0
    endloop
  endfacet
  facet normal -0 0 -1
    outer loop
      vertex 16.3039 19.8664 0
      vertex 14.2738 17.3927 0
      vertex 14.2782 21.3688 0
    endloop
  endfacet
  facet normal 0 0 -1
    outer loop
      vertex 14.2782 21.3688 0
      vertex 14.2738 17.3927 0
      vertex 12.5003 18.7081 0
    endloop
  endfacet
  facet normal 0 0 -1
    outer loop
      vertex 11 19.6073 0
      vertex 14.2782 21.3688 0
      vertex 12.5003 18.7081 0
    endloop
  endfacet
  facet normal 0 0 -1
    outer loop
      vertex 11 19.6073 0
      vertex 12.1149 22.6654 0
      vertex 14.2782 21.3688 0
    endloop
  endfacet
  facet normal 0 0 -1
    outer loop
      vertex 11 19.6073 0
      vertex 11 23.1927 0
      vertex 12.1149 22.6654 0
    endloop
  endfacet
  facet normal 0 0 -1
    outer loop
      vertex 14.2738 -17.3927 0
      vertex 16.3039 -19.8664 0
      vertex 14.2782 -21.3688 0
    endloop
  endfacet
  facet normal 0 0 -1
    outer loop
      vertex 10.6064 -19.8432 0
      vertex 9.92735 -23.7 0
      vertex 8.61037 -20.7873 0
    endloop
  endfacet
  facet normal -0 0 -1
    outer loop
      vertex 19.8664 16.3039 0
      vertex 15.9099 15.9099 0
      vertex 18.1726 18.1726 0
    endloop
  endfacet
  facet normal -0 0 -1
    outer loop
      vertex 21.3688 14.2782 0
      vertex 17.3927 14.2738 0
      vertex 19.8664 16.3039 0
    endloop
  endfacet
  facet normal 0 0 -1
    outer loop
      vertex 19.8432 10.6064 0
      vertex 18.7081 12.5003 0
      vertex 21.3688 14.2782 0
    endloop
  endfacet
  facet normal 0 0 -1
    outer loop
      vertex 20.7873 8.61037 0
      vertex 19.8432 10.6064 0
      vertex 22.6654 12.1149 0
    endloop
  endfacet
  facet normal 0 0 -1
    outer loop
      vertex 24.5934 7.46031 0
      vertex 20.7873 8.61037 0
      vertex 23.7437 9.83496 0
    endloop
  endfacet
  facet normal 0 0 -1
    outer loop
      vertex 22.0677 4.38953 0
      vertex 21.5311 6.5314 0
      vertex 24.5934 7.46031 0
    endloop
  endfacet
  facet normal 0 0 -1
    outer loop
      vertex 22.3916 2.20538 0
      vertex 22.0677 4.38953 0
      vertex 25.2062 5.01381 0
    endloop
  endfacet
  facet normal 0 0 -1
    outer loop
      vertex 22.5 0 0
      vertex 22.3916 2.20538 0
      vertex 25.5762 2.51903 0
    endloop
  endfacet
  facet normal 0 0 -1
    outer loop
      vertex 25.5762 -2.51903 0
      vertex 22.5 0 0
      vertex 25.7 0 0
    endloop
  endfacet
  facet normal 0 0 -1
    outer loop
      vertex 25.2062 -5.01381 0
      vertex 22.3916 -2.20538 0
      vertex 25.5762 -2.51903 0
    endloop
  endfacet
  facet normal 0 0 -1
    outer loop
      vertex 24.5934 -7.46031 0
      vertex 22.0677 -4.38953 0
      vertex 25.2062 -5.01381 0
    endloop
  endfacet
  facet normal -0 0 -1
    outer loop
      vertex 24.5934 -7.46031 0
      vertex 20.7873 -8.61037 0
      vertex 21.5311 -6.5314 0
    endloop
  endfacet
  facet normal 0 0 -1
    outer loop
      vertex 24.5934 -7.46031 0
      vertex 21.5311 -6.5314 0
      vertex 22.0677 -4.38953 0
    endloop
  endfacet
  facet normal -0 0 -1
    outer loop
      vertex 23.7437 -9.83496 0
      vertex 22.6654 -12.1149 0
      vertex 20.7873 -8.61037 0
    endloop
  endfacet
  facet normal 0 0 -1
    outer loop
      vertex 23.7437 -9.83496 0
      vertex 20.7873 -8.61037 0
      vertex 24.5934 -7.46031 0
    endloop
  endfacet
  facet normal -0 0 -1
    outer loop
      vertex 22.6654 -12.1149 0
      vertex 21.3688 -14.2782 0
      vertex 19.8432 -10.6064 0
    endloop
  endfacet
  facet normal 0 0 -1
    outer loop
      vertex 22.6654 -12.1149 0
      vertex 19.8432 -10.6064 0
      vertex 20.7873 -8.61037 0
    endloop
  endfacet
  facet normal 0 0 -1
    outer loop
      vertex 21.3688 -14.2782 0
      vertex 17.3927 -14.2738 0
      vertex 18.7081 -12.5003 0
    endloop
  endfacet
  facet normal 0 0 -1
    outer loop
      vertex 21.3688 -14.2782 0
      vertex 18.7081 -12.5003 0
      vertex 19.8432 -10.6064 0
    endloop
  endfacet
  facet normal 0 0 -1
    outer loop
      vertex 19.8664 -16.3039 0
      vertex 15.9099 -15.9099 0
      vertex 17.3927 -14.2738 0
    endloop
  endfacet
  facet normal 0 0 -1
    outer loop
      vertex 19.8664 -16.3039 0
      vertex 17.3927 -14.2738 0
      vertex 21.3688 -14.2782 0
    endloop
  endfacet
  facet normal -0 0 -1
    outer loop
      vertex 18.1726 -18.1726 0
      vertex 16.3039 -19.8664 0
      vertex 15.9099 -15.9099 0
    endloop
  endfacet
  facet normal 0 0 -1
    outer loop
      vertex 18.1726 -18.1726 0
      vertex 15.9099 -15.9099 0
      vertex 19.8664 -16.3039 0
    endloop
  endfacet
  facet normal 0 -0 -1
    outer loop
      vertex 15.9099 -15.9099 0
      vertex 16.3039 -19.8664 0
      vertex 14.2738 -17.3927 0
    endloop
  endfacet
  facet normal 0 0 -1
    outer loop
      vertex 14.2782 -21.3688 0
      vertex 12.5003 -18.7081 0
      vertex 14.2738 -17.3927 0
    endloop
  endfacet
  facet normal 0 0 -1
    outer loop
      vertex 14.2782 -21.3688 0
      vertex 10.6064 -19.8432 0
      vertex 12.5003 -18.7081 0
    endloop
  endfacet
  facet normal -0 0 -1
    outer loop
      vertex 14.2782 -21.3688 0
      vertex 12.1149 -22.6654 0
      vertex 10.6064 -19.8432 0
    endloop
  endfacet
  facet normal 0 -0 -1
    outer loop
      vertex 10.6064 -19.8432 0
      vertex 12.1149 -22.6654 0
      vertex 9.92735 -23.7 0
    endloop
  endfacet
  facet normal 0 -0 -1
    outer loop
      vertex 8.61037 -20.7873 0
      vertex 9.92735 -23.7 0
      vertex 6.5314 -21.5311 0
    endloop
  endfacet
  facet normal 0 -0 -1
    outer loop
      vertex 6.5314 -21.5311 0
      vertex 9.92735 -23.7 0
      vertex 4.38953 -22.0677 0
    endloop
  endfacet
  facet normal 0 0 -1
    outer loop
      vertex 9.92735 -23.7 0
      vertex 0 -22.5 0
      vertex 2.20538 -22.3916 0
    endloop
  endfacet
  facet normal 0 0 -1
    outer loop
      vertex 9.92735 -23.7 0
      vertex -9.92735 -23.7 0
      vertex 0 -22.5 0
    endloop
  endfacet
  facet normal -0 0 -1
    outer loop
      vertex 0 -22.5 0
      vertex -9.92735 -23.7 0
      vertex -2.20538 -22.3916 0
    endloop
  endfacet
  facet normal 0 -0 -1
    outer loop
      vertex -8.61037 -20.7873 0
      vertex -6.5314 -21.5311 0
      vertex -9.92735 -23.7 0
    endloop
  endfacet
  facet normal 0 -0 -1
    outer loop
      vertex -10.6064 -19.8432 0
      vertex -9.92735 -23.7 0
      vertex -12.1149 -22.6654 0
    endloop
  endfacet
  facet normal 0 0 -1
    outer loop
      vertex -14.2782 -21.3688 0
      vertex -10.6064 -19.8432 0
      vertex -12.1149 -22.6654 0
    endloop
  endfacet
  facet normal 0 0 -1
    outer loop
      vertex -14.2782 -21.3688 0
      vertex -12.5003 -18.7081 0
      vertex -10.6064 -19.8432 0
    endloop
  endfacet
  facet normal 0 0 -1
    outer loop
      vertex -16.3039 -19.8664 0
      vertex -14.2738 -17.3927 0
      vertex -14.2782 -21.3688 0
    endloop
  endfacet
  facet normal 0 0 -1
    outer loop
      vertex -18.1726 -18.1726 0
      vertex -15.9099 -15.9099 0
      vertex -16.3039 -19.8664 0
    endloop
  endfacet
  facet normal 0 0 -1
    outer loop
      vertex -19.8664 -16.3039 0
      vertex -17.3927 -14.2738 0
      vertex -15.9099 -15.9099 0
    endloop
  endfacet
  facet normal 0 0 -1
    outer loop
      vertex -21.3688 -14.2782 0
      vertex -18.7081 -12.5003 0
      vertex -17.3927 -14.2738 0
    endloop
  endfacet
  facet normal 0 0 -1
    outer loop
      vertex -22.6654 -12.1149 0
      vertex -19.8432 -10.6064 0
      vertex -21.3688 -14.2782 0
    endloop
  endfacet
  facet normal 0 0 -1
    outer loop
      vertex -23.7437 -9.83496 0
      vertex -20.7873 -8.61037 0
      vertex -22.6654 -12.1149 0
    endloop
  endfacet
  facet normal 0 0 -1
    outer loop
      vertex -24.5934 -7.46031 0
      vertex -21.5311 -6.5314 0
      vertex -20.7873 -8.61037 0
    endloop
  endfacet
  facet normal 0 0 -1
    outer loop
      vertex -25.2062 -5.01381 0
      vertex -22.0677 -4.38953 0
      vertex -24.5934 -7.46031 0
    endloop
  endfacet
  facet normal 0 0 -1
    outer loop
      vertex -25.5762 -2.51903 0
      vertex -22.3916 -2.20538 0
      vertex -25.2062 -5.01381 0
    endloop
  endfacet
  facet normal 0 0 -1
    outer loop
      vertex -25.7 0 0
      vertex -22.5 0 0
      vertex -25.5762 -2.51903 0
    endloop
  endfacet
  facet normal 0 0 -1
    outer loop
      vertex -25.5762 2.51903 0
      vertex -22.3916 2.20538 0
      vertex -22.5 0 0
    endloop
  endfacet
  facet normal 0 0 -1
    outer loop
      vertex -25.2062 5.01381 0
      vertex -22.0677 4.38953 0
      vertex -22.3916 2.20538 0
    endloop
  endfacet
  facet normal 0 0 -1
    outer loop
      vertex -24.5934 7.46031 0
      vertex -21.5311 6.5314 0
      vertex -22.0677 4.38953 0
    endloop
  endfacet
  facet normal 0 -0 -1
    outer loop
      vertex -23.7437 9.83496 0
      vertex -20.7873 8.61037 0
      vertex -24.5934 7.46031 0
    endloop
  endfacet
  facet normal 0 0 -1
    outer loop
      vertex -22.6654 12.1149 0
      vertex -19.8432 10.6064 0
      vertex -20.7873 8.61037 0
    endloop
  endfacet
  facet normal 0 0 -1
    outer loop
      vertex -21.3688 14.2782 0
      vertex -18.7081 12.5003 0
      vertex -19.8432 10.6064 0
    endloop
  endfacet
  facet normal 0 -0 -1
    outer loop
      vertex -19.8664 16.3039 0
      vertex -17.3927 14.2738 0
      vertex -21.3688 14.2782 0
    endloop
  endfacet
  facet normal 0 -0 -1
    outer loop
      vertex -18.1726 18.1726 0
      vertex -15.9099 15.9099 0
      vertex -19.8664 16.3039 0
    endloop
  endfacet
  facet normal 0 -0 -1
    outer loop
      vertex -14.2782 21.3688 0
      vertex -14.2738 17.3927 0
      vertex -16.3039 19.8664 0
    endloop
  endfacet
  facet normal 0 0 -1
    outer loop
      vertex -14.2782 21.3688 0
      vertex -12.5003 18.7081 0
      vertex -14.2738 17.3927 0
    endloop
  endfacet
  facet normal 0 0 -1
    outer loop
      vertex -14.2782 21.3688 0
      vertex -11 19.6073 0
      vertex -12.5003 18.7081 0
    endloop
  endfacet
  facet normal 0 0 -1
    outer loop
      vertex -14.2782 21.3688 0
      vertex -12.1149 22.6654 0
      vertex -11 19.6073 0
    endloop
  endfacet
  facet normal 0 0 -1
    outer loop
      vertex -11 19.6073 0
      vertex -12.1149 22.6654 0
      vertex -11 23.1927 0
    endloop
  endfacet
  facet normal 0 0 -1
    outer loop
      vertex -16.3039 19.8664 0
      vertex -14.2738 17.3927 0
      vertex -15.9099 15.9099 0
    endloop
  endfacet
  facet normal 0 0 -1
    outer loop
      vertex -18.1726 18.1726 0
      vertex -16.3039 19.8664 0
      vertex -15.9099 15.9099 0
    endloop
  endfacet
  facet normal 0 0 -1
    outer loop
      vertex -19.8664 16.3039 0
      vertex -15.9099 15.9099 0
      vertex -17.3927 14.2738 0
    endloop
  endfacet
  facet normal 0 0 -1
    outer loop
      vertex -21.3688 14.2782 0
      vertex -17.3927 14.2738 0
      vertex -18.7081 12.5003 0
    endloop
  endfacet
  facet normal 0 0 -1
    outer loop
      vertex -22.6654 12.1149 0
      vertex -21.3688 14.2782 0
      vertex -19.8432 10.6064 0
    endloop
  endfacet
  facet normal 0 0 -1
    outer loop
      vertex -23.7437 9.83496 0
      vertex -22.6654 12.1149 0
      vertex -20.7873 8.61037 0
    endloop
  endfacet
  facet normal 0 0 -1
    outer loop
      vertex -24.5934 7.46031 0
      vertex -20.7873 8.61037 0
      vertex -21.5311 6.5314 0
    endloop
  endfacet
  facet normal 0 0 -1
    outer loop
      vertex -25.2062 5.01381 0
      vertex -24.5934 7.46031 0
      vertex -22.0677 4.38953 0
    endloop
  endfacet
  facet normal 0 0 -1
    outer loop
      vertex -25.5762 2.51903 0
      vertex -25.2062 5.01381 0
      vertex -22.3916 2.20538 0
    endloop
  endfacet
  facet normal 0 0 -1
    outer loop
      vertex -25.7 0 0
      vertex -25.5762 2.51903 0
      vertex -22.5 0 0
    endloop
  endfacet
  facet normal 0 0 -1
    outer loop
      vertex -25.5762 -2.51903 0
      vertex -22.5 0 0
      vertex -22.3916 -2.20538 0
    endloop
  endfacet
  facet normal 0 0 -1
    outer loop
      vertex -25.2062 -5.01381 0
      vertex -22.3916 -2.20538 0
      vertex -22.0677 -4.38953 0
    endloop
  endfacet
  facet normal 0 0 -1
    outer loop
      vertex -24.5934 -7.46031 0
      vertex -22.0677 -4.38953 0
      vertex -21.5311 -6.5314 0
    endloop
  endfacet
  facet normal 0 0 -1
    outer loop
      vertex -23.7437 -9.83496 0
      vertex -24.5934 -7.46031 0
      vertex -20.7873 -8.61037 0
    endloop
  endfacet
  facet normal 0 0 -1
    outer loop
      vertex -22.6654 -12.1149 0
      vertex -20.7873 -8.61037 0
      vertex -19.8432 -10.6064 0
    endloop
  endfacet
  facet normal 0 0 -1
    outer loop
      vertex -21.3688 -14.2782 0
      vertex -19.8432 -10.6064 0
      vertex -18.7081 -12.5003 0
    endloop
  endfacet
  facet normal 0 0 -1
    outer loop
      vertex -19.8664 -16.3039 0
      vertex -21.3688 -14.2782 0
      vertex -17.3927 -14.2738 0
    endloop
  endfacet
  facet normal 0 0 -1
    outer loop
      vertex -18.1726 -18.1726 0
      vertex -19.8664 -16.3039 0
      vertex -15.9099 -15.9099 0
    endloop
  endfacet
  facet normal 0 0 -1
    outer loop
      vertex -16.3039 -19.8664 0
      vertex -15.9099 -15.9099 0
      vertex -14.2738 -17.3927 0
    endloop
  endfacet
  facet normal 0 0 -1
    outer loop
      vertex -14.2782 -21.3688 0
      vertex -14.2738 -17.3927 0
      vertex -12.5003 -18.7081 0
    endloop
  endfacet
  facet normal 0 0 -1
    outer loop
      vertex -10.6064 -19.8432 0
      vertex -8.61037 -20.7873 0
      vertex -9.92735 -23.7 0
    endloop
  endfacet
  facet normal 0 0 -1
    outer loop
      vertex -9.92735 -23.7 0
      vertex -6.5314 -21.5311 0
      vertex -4.38953 -22.0677 0
    endloop
  endfacet
  facet normal -0 0 -1
    outer loop
      vertex -2.20538 -22.3916 0
      vertex -9.92735 -23.7 0
      vertex -4.38953 -22.0677 0
    endloop
  endfacet
  facet normal -0 0 -1
    outer loop
      vertex 9.92735 -23.7 0
      vertex -34.7 -35.7 0
      vertex -9.92735 -23.7 0
    endloop
  endfacet
  facet normal 0 -0 -1
    outer loop
      vertex -36.3667 -24.2056 0
      vertex -32.3233 -28.3678 0
      vertex -36.6032 -24.381 0
    endloop
  endfacet
  facet normal 0 -0 -1
    outer loop
      vertex -36.6032 -24.381 0
      vertex -32.3233 -28.3678 0
      vertex -36.8213 -24.5787 0
    endloop
  endfacet
  facet normal 0 0 -1
    outer loop
      vertex -37.4716 -25.5519 0
      vertex -37.3458 -25.2858 0
      vertex -32.3233 -28.3678 0
    endloop
  endfacet
  facet normal 0 0 -1
    outer loop
      vertex -32.3233 -28.3678 0
      vertex -37.3458 -25.2858 0
      vertex -37.1944 -25.0333 0
    endloop
  endfacet
  facet normal 0 0 -1
    outer loop
      vertex -37.019 -24.7968 0
      vertex -36.8213 -24.5787 0
      vertex -32.3233 -28.3678 0
    endloop
  endfacet
  facet normal 0 0 -1
    outer loop
      vertex -37.6423 -26.1147 0
      vertex -37.5708 -25.8291 0
      vertex -32.3233 -28.3678 0
    endloop
  endfacet
  facet normal 0 0 -1
    outer loop
      vertex -32.3233 -28.3678 0
      vertex -37.1944 -25.0333 0
      vertex -37.019 -24.7968 0
    endloop
  endfacet
  facet normal 0 0 -1
    outer loop
      vertex -32.3233 -28.3678 0
      vertex -37.6855 -26.4059 0
      vertex -37.6423 -26.1147 0
    endloop
  endfacet
  facet normal 0 0 -1
    outer loop
      vertex -37.5708 -25.8291 0
      vertex -37.4716 -25.5519 0
      vertex -32.3233 -28.3678 0
    endloop
  endfacet
  facet normal -0 0 -1
    outer loop
      vertex -32.3233 -28.3678 0
      vertex -32.4461 -28.5333 0
      vertex -37.6855 -26.4059 0
    endloop
  endfacet
  facet normal 0 -0 -1
    outer loop
      vertex -36.1142 -24.0542 0
      vertex -32.3233 -28.3678 0
      vertex -36.3667 -24.2056 0
    endloop
  endfacet
  facet normal 0 0 -1
    outer loop
      vertex -37.7 -26.7 0
      vertex -37.6855 -26.4059 0
      vertex -32.4461 -28.5333 0
    endloop
  endfacet
  facet normal 0 0 -1
    outer loop
      vertex -36.1142 -24.0542 0
      vertex -35.8481 -23.9284 0
      vertex -32.3233 -28.3678 0
    endloop
  endfacet
  facet normal -0 0 -1
    outer loop
      vertex -32.4461 -28.5333 0
      vertex -32.552 -28.7101 0
      vertex -37.7 -26.7 0
    endloop
  endfacet
  facet normal 0 0 -1
    outer loop
      vertex -32.3233 -28.3678 0
      vertex -35.8481 -23.9284 0
      vertex -35.5708 -23.8292 0
    endloop
  endfacet
  facet normal 0 -0 -1
    outer loop
      vertex -30.9058 -31.7899 0
      vertex -30.7 -31.8 0
      vertex -34.7 -35.7 0
    endloop
  endfacet
  facet normal 0 0 -1
    outer loop
      vertex -32.3233 -31.0322 0
      vertex -37.019 -34.6032 0
      vertex -37.1944 -34.3667 0
    endloop
  endfacet
  facet normal 0 0 -1
    outer loop
      vertex -37.3458 -34.1142 0
      vertex -32.3233 -31.0322 0
      vertex -37.1944 -34.3667 0
    endloop
  endfacet
  facet normal 0 0 -1
    outer loop
      vertex -32.3233 -31.0322 0
      vertex -36.6032 -35.019 0
      vertex -36.8213 -34.8213 0
    endloop
  endfacet
  facet normal 0 0 -1
    outer loop
      vertex -32.3233 -31.0322 0
      vertex -36.3667 -35.1944 0
      vertex -36.6032 -35.019 0
    endloop
  endfacet
  facet normal 0 0 -1
    outer loop
      vertex -36.8213 -34.8213 0
      vertex -37.019 -34.6032 0
      vertex -32.3233 -31.0322 0
    endloop
  endfacet
  facet normal 0 0 -1
    outer loop
      vertex -35.5708 -35.5708 0
      vertex -35.8481 -35.4716 0
      vertex -32.3233 -31.0322 0
    endloop
  endfacet
  facet normal 0 0 -1
    outer loop
      vertex -32.3233 -31.0322 0
      vertex -36.1142 -35.3458 0
      vertex -36.3667 -35.1944 0
    endloop
  endfacet
  facet normal 0 0 -1
    outer loop
      vertex -32.3233 -31.0322 0
      vertex -35.2853 -35.6423 0
      vertex -35.5708 -35.5708 0
    endloop
  endfacet
  facet normal 0 0 -1
    outer loop
      vertex -35.8481 -35.4716 0
      vertex -36.1142 -35.3458 0
      vertex -32.3233 -31.0322 0
    endloop
  endfacet
  facet normal 0 0 -1
    outer loop
      vertex -37.4716 -33.8481 0
      vertex -32.3233 -31.0322 0
      vertex -37.3458 -34.1142 0
    endloop
  endfacet
  facet normal 0 0 -1
    outer loop
      vertex -35.2853 -35.6423 0
      vertex -32.3233 -31.0322 0
      vertex -34.994 -35.6855 0
    endloop
  endfacet
  facet normal 0 0 -1
    outer loop
      vertex -37.4716 -33.8481 0
      vertex -37.5708 -33.5708 0
      vertex -32.3233 -31.0322 0
    endloop
  endfacet
  facet normal 0 0 -1
    outer loop
      vertex -34.7 -35.7 0
      vertex -34.994 -35.6855 0
      vertex -32.3233 -31.0322 0
    endloop
  endfacet
  facet normal 0 0 -1
    outer loop
      vertex -32.3233 -31.0322 0
      vertex -37.5708 -33.5708 0
      vertex -37.6423 -33.2853 0
    endloop
  endfacet
  facet normal 0 -0 -1
    outer loop
      vertex -32.3233 -31.0322 0
      vertex -32.1849 -31.1849 0
      vertex -34.7 -35.7 0
    endloop
  endfacet
  facet normal 0 0 -1
    outer loop
      vertex -32.3233 -31.0322 0
      vertex -37.6423 -33.2853 0
      vertex -37.6855 -32.994 0
    endloop
  endfacet
  facet normal 0 0 -1
    outer loop
      vertex -9.92735 -23.7 0
      vertex -29.5333 -31.4461 0
      vertex -29.3678 -31.3233 0
    endloop
  endfacet
  facet normal 0 -0 -1
    outer loop
      vertex 9.92735 -23.7 0
      vertex 34.7 -35.7 0
      vertex -34.7 -35.7 0
    endloop
  endfacet
  facet normal 0 -0 -1
    outer loop
      vertex -32.4461 -30.8667 0
      vertex -32.3233 -31.0322 0
      vertex -37.6855 -32.994 0
    endloop
  endfacet
  facet normal 0 -0 -1
    outer loop
      vertex -31.1097 -31.7596 0
      vertex -30.9058 -31.7899 0
      vertex -34.7 -35.7 0
    endloop
  endfacet
  facet normal 0 -0 -1
    outer loop
      vertex -32.8 -29.7 0
      vertex -32.7899 -29.9058 0
      vertex -37.7 -32.7 0
    endloop
  endfacet
  facet normal 0 -0 -1
    outer loop
      vertex -31.3096 -31.7096 0
      vertex -31.1097 -31.7596 0
      vertex -34.7 -35.7 0
    endloop
  endfacet
  facet normal 0 -0 -1
    outer loop
      vertex -31.5036 -31.6401 0
      vertex -31.3096 -31.7096 0
      vertex -34.7 -35.7 0
    endloop
  endfacet
  facet normal 0 -0 -1
    outer loop
      vertex -31.6899 -31.552 0
      vertex -31.5036 -31.6401 0
      vertex -34.7 -35.7 0
    endloop
  endfacet
  facet normal 0 -0 -1
    outer loop
      vertex -31.8667 -31.4461 0
      vertex -31.6899 -31.552 0
      vertex -34.7 -35.7 0
    endloop
  endfacet
  facet normal 0 -0 -1
    outer loop
      vertex -32.0322 -31.3233 0
      vertex -31.8667 -31.4461 0
      vertex -34.7 -35.7 0
    endloop
  endfacet
  facet normal 0 -0 -1
    outer loop
      vertex -32.1849 -31.1849 0
      vertex -32.0322 -31.3233 0
      vertex -34.7 -35.7 0
    endloop
  endfacet
  facet normal 0 0 -1
    outer loop
      vertex -37.7 -32.7 0
      vertex -32.4461 -30.8667 0
      vertex -37.6855 -32.994 0
    endloop
  endfacet
  facet normal 0 0 -1
    outer loop
      vertex -37.7 -32.7 0
      vertex -32.552 -30.6899 0
      vertex -32.4461 -30.8667 0
    endloop
  endfacet
  facet normal 0 0 -1
    outer loop
      vertex -37.7 -32.7 0
      vertex -32.6401 -30.5036 0
      vertex -32.552 -30.6899 0
    endloop
  endfacet
  facet normal 0 0 -1
    outer loop
      vertex -37.7 -32.7 0
      vertex -32.7096 -30.3096 0
      vertex -32.6401 -30.5036 0
    endloop
  endfacet
  facet normal 0 0 -1
    outer loop
      vertex -37.7 -32.7 0
      vertex -32.7596 -30.1097 0
      vertex -32.7096 -30.3096 0
    endloop
  endfacet
  facet normal 0 0 -1
    outer loop
      vertex -37.7 -32.7 0
      vertex -32.7899 -29.9058 0
      vertex -32.7596 -30.1097 0
    endloop
  endfacet
  facet normal 0 0 -1
    outer loop
      vertex -37.7 -26.7 0
      vertex -32.8 -29.7 0
      vertex -37.7 -32.7 0
    endloop
  endfacet
  facet normal 0 0 -1
    outer loop
      vertex -37.7 -26.7 0
      vertex -32.7899 -29.4942 0
      vertex -32.8 -29.7 0
    endloop
  endfacet
  facet normal 0 0 -1
    outer loop
      vertex -37.7 -26.7 0
      vertex -32.7596 -29.2903 0
      vertex -32.7899 -29.4942 0
    endloop
  endfacet
  facet normal 0 0 -1
    outer loop
      vertex -37.7 -26.7 0
      vertex -32.7096 -29.0904 0
      vertex -32.7596 -29.2903 0
    endloop
  endfacet
  facet normal 0 0 -1
    outer loop
      vertex -34.7 -23.7 0
      vertex -30.7 -27.6 0
      vertex -30.9058 -27.6101 0
    endloop
  endfacet
  facet normal 0 0 -1
    outer loop
      vertex -32.7096 -29.0904 0
      vertex -37.7 -26.7 0
      vertex -32.6401 -28.8964 0
    endloop
  endfacet
  facet normal 0 0 -1
    outer loop
      vertex -32.6401 -28.8964 0
      vertex -37.7 -26.7 0
      vertex -32.552 -28.7101 0
    endloop
  endfacet
  facet normal 0 -0 -1
    outer loop
      vertex -35.2853 -23.7576 0
      vertex -32.3233 -28.3678 0
      vertex -35.5708 -23.8292 0
    endloop
  endfacet
  facet normal 0 0 -1
    outer loop
      vertex -35.2853 -23.7576 0
      vertex -34.994 -23.7144 0
      vertex -32.3233 -28.3678 0
    endloop
  endfacet
  facet normal 0 0 -1
    outer loop
      vertex -32.3233 -28.3678 0
      vertex -34.994 -23.7144 0
      vertex -34.7 -23.7 0
    endloop
  endfacet
  facet normal -0 0 -1
    outer loop
      vertex -32.1849 -28.2151 0
      vertex -32.3233 -28.3678 0
      vertex -34.7 -23.7 0
    endloop
  endfacet
  facet normal -0 0 -1
    outer loop
      vertex -32.0322 -28.0767 0
      vertex -32.1849 -28.2151 0
      vertex -34.7 -23.7 0
    endloop
  endfacet
  facet normal -0 0 -1
    outer loop
      vertex -31.8667 -27.9539 0
      vertex -32.0322 -28.0767 0
      vertex -34.7 -23.7 0
    endloop
  endfacet
  facet normal -0 0 -1
    outer loop
      vertex -31.6899 -27.848 0
      vertex -31.8667 -27.9539 0
      vertex -34.7 -23.7 0
    endloop
  endfacet
  facet normal -0 0 -1
    outer loop
      vertex -31.5036 -27.7598 0
      vertex -31.6899 -27.848 0
      vertex -34.7 -23.7 0
    endloop
  endfacet
  facet normal -0 0 -1
    outer loop
      vertex -31.3096 -27.6904 0
      vertex -31.5036 -27.7598 0
      vertex -34.7 -23.7 0
    endloop
  endfacet
  facet normal -0 0 -1
    outer loop
      vertex -30.9058 -27.6101 0
      vertex -31.1097 -27.6404 0
      vertex -34.7 -23.7 0
    endloop
  endfacet
  facet normal -0 0 -1
    outer loop
      vertex -31.1097 -27.6404 0
      vertex -31.3096 -27.6904 0
      vertex -34.7 -23.7 0
    endloop
  endfacet
  facet normal 0 0 -1
    outer loop
      vertex -34.7 -23.7 0
      vertex -30.4942 -27.6101 0
      vertex -30.7 -27.6 0
    endloop
  endfacet
  facet normal 0 0 -1
    outer loop
      vertex -34.7 -23.7 0
      vertex -30.2903 -27.6404 0
      vertex -30.4942 -27.6101 0
    endloop
  endfacet
  facet normal 0 0 -1
    outer loop
      vertex -34.7 -23.7 0
      vertex -30.0904 -27.6904 0
      vertex -30.2903 -27.6404 0
    endloop
  endfacet
  facet normal 0 0 -1
    outer loop
      vertex -34.7 -23.7 0
      vertex -29.8964 -27.7598 0
      vertex -30.0904 -27.6904 0
    endloop
  endfacet
  facet normal 0 0 -1
    outer loop
      vertex -34.7 -23.7 0
      vertex -29.7101 -27.848 0
      vertex -29.8964 -27.7598 0
    endloop
  endfacet
  facet normal 0 0 -1
    outer loop
      vertex -34.7 -23.7 0
      vertex -9.92735 -23.7 0
      vertex -29.7101 -27.848 0
    endloop
  endfacet
  facet normal 0 0 -1
    outer loop
      vertex -29.7101 -27.848 0
      vertex -9.92735 -23.7 0
      vertex -29.5333 -27.9539 0
    endloop
  endfacet
  facet normal 0 0 -1
    outer loop
      vertex -29.5333 -27.9539 0
      vertex -9.92735 -23.7 0
      vertex -29.3678 -28.0767 0
    endloop
  endfacet
  facet normal 0 0 -1
    outer loop
      vertex -29.3678 -28.0767 0
      vertex -9.92735 -23.7 0
      vertex -29.2151 -28.2151 0
    endloop
  endfacet
  facet normal 0 0 -1
    outer loop
      vertex -29.2151 -28.2151 0
      vertex -9.92735 -23.7 0
      vertex -29.0767 -28.3678 0
    endloop
  endfacet
  facet normal 0 0 -1
    outer loop
      vertex -29.0767 -28.3678 0
      vertex -9.92735 -23.7 0
      vertex -28.9539 -28.5333 0
    endloop
  endfacet
  facet normal 0 0 -1
    outer loop
      vertex -28.9539 -28.5333 0
      vertex -9.92735 -23.7 0
      vertex -28.848 -28.7101 0
    endloop
  endfacet
  facet normal 0 0 -1
    outer loop
      vertex -28.848 -28.7101 0
      vertex -9.92735 -23.7 0
      vertex -28.7598 -28.8964 0
    endloop
  endfacet
  facet normal 0 0 -1
    outer loop
      vertex -28.7598 -28.8964 0
      vertex -9.92735 -23.7 0
      vertex -28.6904 -29.0904 0
    endloop
  endfacet
  facet normal 0 0 -1
    outer loop
      vertex -28.6904 -29.0904 0
      vertex -9.92735 -23.7 0
      vertex -28.6404 -29.2903 0
    endloop
  endfacet
  facet normal 0 0 -1
    outer loop
      vertex -28.6404 -29.2903 0
      vertex -9.92735 -23.7 0
      vertex -28.6101 -29.4942 0
    endloop
  endfacet
  facet normal 0 0 -1
    outer loop
      vertex -28.6101 -29.4942 0
      vertex -9.92735 -23.7 0
      vertex -28.6 -29.7 0
    endloop
  endfacet
  facet normal 0 -0 -1
    outer loop
      vertex -28.6 -29.7 0
      vertex -9.92735 -23.7 0
      vertex -28.6101 -29.9058 0
    endloop
  endfacet
  facet normal 0 -0 -1
    outer loop
      vertex -28.6101 -29.9058 0
      vertex -9.92735 -23.7 0
      vertex -28.6404 -30.1097 0
    endloop
  endfacet
  facet normal 0 -0 -1
    outer loop
      vertex -28.6404 -30.1097 0
      vertex -9.92735 -23.7 0
      vertex -28.6904 -30.3096 0
    endloop
  endfacet
  facet normal 0 0 -1
    outer loop
      vertex -9.92735 -23.7 0
      vertex -34.7 -35.7 0
      vertex -29.5333 -31.4461 0
    endloop
  endfacet
  facet normal 0 0 -1
    outer loop
      vertex -9.92735 -23.7 0
      vertex -28.7598 -30.5036 0
      vertex -28.6904 -30.3096 0
    endloop
  endfacet
  facet normal 0 0 -1
    outer loop
      vertex -9.92735 -23.7 0
      vertex -28.848 -30.6899 0
      vertex -28.7598 -30.5036 0
    endloop
  endfacet
  facet normal 0 0 -1
    outer loop
      vertex -9.92735 -23.7 0
      vertex -28.9539 -30.8667 0
      vertex -28.848 -30.6899 0
    endloop
  endfacet
  facet normal 0 0 -1
    outer loop
      vertex -9.92735 -23.7 0
      vertex -29.0767 -31.0322 0
      vertex -28.9539 -30.8667 0
    endloop
  endfacet
  facet normal 0 0 -1
    outer loop
      vertex -9.92735 -23.7 0
      vertex -29.2151 -31.1849 0
      vertex -29.0767 -31.0322 0
    endloop
  endfacet
  facet normal 0 0 -1
    outer loop
      vertex -9.92735 -23.7 0
      vertex -29.3678 -31.3233 0
      vertex -29.2151 -31.1849 0
    endloop
  endfacet
  facet normal 0 0 -1
    outer loop
      vertex -29.5333 -31.4461 0
      vertex -34.7 -35.7 0
      vertex -29.7101 -31.552 0
    endloop
  endfacet
  facet normal 0 0 -1
    outer loop
      vertex -29.7101 -31.552 0
      vertex -34.7 -35.7 0
      vertex -29.8964 -31.6401 0
    endloop
  endfacet
  facet normal 0 0 -1
    outer loop
      vertex -29.8964 -31.6401 0
      vertex -34.7 -35.7 0
      vertex -30.0904 -31.7096 0
    endloop
  endfacet
  facet normal 0 0 -1
    outer loop
      vertex -30.0904 -31.7096 0
      vertex -34.7 -35.7 0
      vertex -30.2903 -31.7596 0
    endloop
  endfacet
  facet normal 0 0 -1
    outer loop
      vertex -30.2903 -31.7596 0
      vertex -34.7 -35.7 0
      vertex -30.4942 -31.7899 0
    endloop
  endfacet
  facet normal 0 0 -1
    outer loop
      vertex -30.4942 -31.7899 0
      vertex -34.7 -35.7 0
      vertex -30.7 -31.8 0
    endloop
  endfacet
  facet normal -0 -0 -1
    outer loop
      vertex 30.7 -31.8 0
      vertex 34.7 -35.7 0
      vertex 30.4942 -31.7899 0
    endloop
  endfacet
  facet normal -0 -0 -1
    outer loop
      vertex 30.4942 -31.7899 0
      vertex 34.7 -35.7 0
      vertex 30.2903 -31.7596 0
    endloop
  endfacet
  facet normal -0 -0 -1
    outer loop
      vertex 30.2903 -31.7596 0
      vertex 34.7 -35.7 0
      vertex 30.0904 -31.7096 0
    endloop
  endfacet
  facet normal -0 -0 -1
    outer loop
      vertex 30.0904 -31.7096 0
      vertex 34.7 -35.7 0
      vertex 29.8964 -31.6401 0
    endloop
  endfacet
  facet normal -0 -0 -1
    outer loop
      vertex 29.8964 -31.6401 0
      vertex 34.7 -35.7 0
      vertex 29.7101 -31.552 0
    endloop
  endfacet
  facet normal -0 -0 -1
    outer loop
      vertex 29.7101 -31.552 0
      vertex 34.7 -35.7 0
      vertex 29.5333 -31.4461 0
    endloop
  endfacet
  facet normal -0 -0 -1
    outer loop
      vertex 29.5333 -31.4461 0
      vertex 34.7 -35.7 0
      vertex 9.92735 -23.7 0
    endloop
  endfacet
  facet normal -0 -0 -1
    outer loop
      vertex 29.3678 -31.3233 0
      vertex 29.5333 -31.4461 0
      vertex 9.92735 -23.7 0
    endloop
  endfacet
  facet normal -0 -0 -1
    outer loop
      vertex 29.2151 -31.1849 0
      vertex 29.3678 -31.3233 0
      vertex 9.92735 -23.7 0
    endloop
  endfacet
  facet normal -0 -0 -1
    outer loop
      vertex 29.0767 -31.0322 0
      vertex 29.2151 -31.1849 0
      vertex 9.92735 -23.7 0
    endloop
  endfacet
  facet normal -0 -0 -1
    outer loop
      vertex 28.9539 -30.8667 0
      vertex 29.0767 -31.0322 0
      vertex 9.92735 -23.7 0
    endloop
  endfacet
  facet normal -0 -0 -1
    outer loop
      vertex 28.848 -30.6899 0
      vertex 28.9539 -30.8667 0
      vertex 9.92735 -23.7 0
    endloop
  endfacet
  facet normal -0 -0 -1
    outer loop
      vertex 28.7598 -30.5036 0
      vertex 28.848 -30.6899 0
      vertex 9.92735 -23.7 0
    endloop
  endfacet
  facet normal -0 -0 -1
    outer loop
      vertex 28.6904 -30.3096 0
      vertex 28.7598 -30.5036 0
      vertex 9.92735 -23.7 0
    endloop
  endfacet
  facet normal -0 -0 -1
    outer loop
      vertex 28.6404 -30.1097 0
      vertex 28.6904 -30.3096 0
      vertex 9.92735 -23.7 0
    endloop
  endfacet
  facet normal -0 -0 -1
    outer loop
      vertex 28.6101 -29.9058 0
      vertex 28.6404 -30.1097 0
      vertex 9.92735 -23.7 0
    endloop
  endfacet
  facet normal -0 -0 -1
    outer loop
      vertex 28.6 -29.7 0
      vertex 28.6101 -29.9058 0
      vertex 9.92735 -23.7 0
    endloop
  endfacet
  facet normal -0 0 -1
    outer loop
      vertex 28.6101 -29.4942 0
      vertex 28.6 -29.7 0
      vertex 9.92735 -23.7 0
    endloop
  endfacet
  facet normal -0 0 -1
    outer loop
      vertex 28.6404 -29.2903 0
      vertex 28.6101 -29.4942 0
      vertex 9.92735 -23.7 0
    endloop
  endfacet
  facet normal -0 0 -1
    outer loop
      vertex 28.6904 -29.0904 0
      vertex 28.6404 -29.2903 0
      vertex 9.92735 -23.7 0
    endloop
  endfacet
  facet normal -0 0 -1
    outer loop
      vertex 28.7598 -28.8964 0
      vertex 28.6904 -29.0904 0
      vertex 9.92735 -23.7 0
    endloop
  endfacet
  facet normal -0 0 -1
    outer loop
      vertex 28.848 -28.7101 0
      vertex 28.7598 -28.8964 0
      vertex 9.92735 -23.7 0
    endloop
  endfacet
  facet normal -0 0 -1
    outer loop
      vertex 28.9539 -28.5333 0
      vertex 28.848 -28.7101 0
      vertex 9.92735 -23.7 0
    endloop
  endfacet
  facet normal -0 0 -1
    outer loop
      vertex 29.0767 -28.3678 0
      vertex 28.9539 -28.5333 0
      vertex 9.92735 -23.7 0
    endloop
  endfacet
  facet normal -0 0 -1
    outer loop
      vertex 29.2151 -28.2151 0
      vertex 29.0767 -28.3678 0
      vertex 9.92735 -23.7 0
    endloop
  endfacet
  facet normal -0 0 -1
    outer loop
      vertex 29.5333 -27.9539 0
      vertex 29.3678 -28.0767 0
      vertex 9.92735 -23.7 0
    endloop
  endfacet
  facet normal -0 0 -1
    outer loop
      vertex 29.3678 -28.0767 0
      vertex 29.2151 -28.2151 0
      vertex 9.92735 -23.7 0
    endloop
  endfacet
  facet normal 0 0 -1
    outer loop
      vertex 9.92735 -23.7 0
      vertex 34.7 -23.7 0
      vertex 29.7101 -27.848 0
    endloop
  endfacet
  facet normal 0 0 -1
    outer loop
      vertex 29.7101 -27.848 0
      vertex 34.7 -23.7 0
      vertex 29.8964 -27.7598 0
    endloop
  endfacet
  facet normal 0 0 -1
    outer loop
      vertex 29.8964 -27.7598 0
      vertex 34.7 -23.7 0
      vertex 30.0904 -27.6904 0
    endloop
  endfacet
  facet normal 0 0 -1
    outer loop
      vertex 30.0904 -27.6904 0
      vertex 34.7 -23.7 0
      vertex 30.2903 -27.6404 0
    endloop
  endfacet
  facet normal 0 0 -1
    outer loop
      vertex 30.2903 -27.6404 0
      vertex 34.7 -23.7 0
      vertex 30.4942 -27.6101 0
    endloop
  endfacet
  facet normal 0 0 -1
    outer loop
      vertex 30.4942 -27.6101 0
      vertex 34.7 -23.7 0
      vertex 30.7 -27.6 0
    endloop
  endfacet
  facet normal 0 0 -1
    outer loop
      vertex 30.7 -27.6 0
      vertex 34.7 -23.7 0
      vertex 30.9058 -27.6101 0
    endloop
  endfacet
  facet normal 0 0 -1
    outer loop
      vertex 30.9058 -27.6101 0
      vertex 34.7 -23.7 0
      vertex 31.1097 -27.6404 0
    endloop
  endfacet
  facet normal 0 0 -1
    outer loop
      vertex 31.1097 -27.6404 0
      vertex 34.7 -23.7 0
      vertex 31.3096 -27.6904 0
    endloop
  endfacet
  facet normal 0 0 -1
    outer loop
      vertex 31.3096 -27.6904 0
      vertex 34.7 -23.7 0
      vertex 31.5036 -27.7598 0
    endloop
  endfacet
  facet normal 0 0 -1
    outer loop
      vertex 31.5036 -27.7598 0
      vertex 34.7 -23.7 0
      vertex 31.6899 -27.848 0
    endloop
  endfacet
  facet normal 0 0 -1
    outer loop
      vertex 31.6899 -27.848 0
      vertex 34.7 -23.7 0
      vertex 31.8667 -27.9539 0
    endloop
  endfacet
  facet normal 0 0 -1
    outer loop
      vertex 31.8667 -27.9539 0
      vertex 34.7 -23.7 0
      vertex 32.0322 -28.0767 0
    endloop
  endfacet
  facet normal 0 -0 -1
    outer loop
      vertex 37.6423 -26.1147 0
      vertex 37.6855 -26.4059 0
      vertex 32.3233 -28.3678 0
    endloop
  endfacet
  facet normal 0 0 -1
    outer loop
      vertex 32.0322 -28.0767 0
      vertex 34.7 -23.7 0
      vertex 32.1849 -28.2151 0
    endloop
  endfacet
  facet normal 0 0 -1
    outer loop
      vertex 37.6855 -26.4059 0
      vertex 32.4461 -28.5333 0
      vertex 32.3233 -28.3678 0
    endloop
  endfacet
  facet normal 0 -0 -1
    outer loop
      vertex 37.6855 -26.4059 0
      vertex 37.7 -26.7 0
      vertex 32.4461 -28.5333 0
    endloop
  endfacet
  facet normal 0 0 -1
    outer loop
      vertex 32.4461 -28.5333 0
      vertex 37.7 -26.7 0
      vertex 32.552 -28.7101 0
    endloop
  endfacet
  facet normal 0 0 -1
    outer loop
      vertex 32.552 -28.7101 0
      vertex 37.7 -26.7 0
      vertex 32.6401 -28.8964 0
    endloop
  endfacet
  facet normal 0 0 -1
    outer loop
      vertex 32.6401 -28.8964 0
      vertex 37.7 -26.7 0
      vertex 32.7096 -29.0904 0
    endloop
  endfacet
  facet normal 0 0 -1
    outer loop
      vertex 32.7096 -29.0904 0
      vertex 37.7 -26.7 0
      vertex 32.7596 -29.2903 0
    endloop
  endfacet
  facet normal 0 0 -1
    outer loop
      vertex 37.7 -26.7 0
      vertex 32.8 -29.7 0
      vertex 32.7899 -29.4942 0
    endloop
  endfacet
  facet normal 0 -0 -1
    outer loop
      vertex 37.7 -26.7 0
      vertex 37.7 -32.7 0
      vertex 32.8 -29.7 0
    endloop
  endfacet
  facet normal 0 -0 -1
    outer loop
      vertex 32.8 -29.7 0
      vertex 37.7 -32.7 0
      vertex 32.7899 -29.9058 0
    endloop
  endfacet
  facet normal 0 -0 -1
    outer loop
      vertex 32.7899 -29.9058 0
      vertex 37.7 -32.7 0
      vertex 32.7596 -30.1097 0
    endloop
  endfacet
  facet normal 0 -0 -1
    outer loop
      vertex 32.7596 -30.1097 0
      vertex 37.7 -32.7 0
      vertex 32.7096 -30.3096 0
    endloop
  endfacet
  facet normal 0 -0 -1
    outer loop
      vertex 32.7096 -30.3096 0
      vertex 37.7 -32.7 0
      vertex 32.6401 -30.5036 0
    endloop
  endfacet
  facet normal 0 -0 -1
    outer loop
      vertex 32.6401 -30.5036 0
      vertex 37.7 -32.7 0
      vertex 32.552 -30.6899 0
    endloop
  endfacet
  facet normal 0 0 -1
    outer loop
      vertex 35.2853 -35.6423 0
      vertex 32.3233 -31.0322 0
      vertex 35.5708 -35.5708 0
    endloop
  endfacet
  facet normal -0 0 -1
    outer loop
      vertex 35.2853 -35.6423 0
      vertex 34.994 -35.6855 0
      vertex 32.3233 -31.0322 0
    endloop
  endfacet
  facet normal 0 0 -1
    outer loop
      vertex 32.3233 -31.0322 0
      vertex 34.994 -35.6855 0
      vertex 34.7 -35.7 0
    endloop
  endfacet
  facet normal 0 0 -1
    outer loop
      vertex 32.1849 -31.1849 0
      vertex 32.3233 -31.0322 0
      vertex 34.7 -35.7 0
    endloop
  endfacet
  facet normal 0 0 -1
    outer loop
      vertex 32.0322 -31.3233 0
      vertex 32.1849 -31.1849 0
      vertex 34.7 -35.7 0
    endloop
  endfacet
  facet normal 0 0 -1
    outer loop
      vertex 31.8667 -31.4461 0
      vertex 32.0322 -31.3233 0
      vertex 34.7 -35.7 0
    endloop
  endfacet
  facet normal 0 0 -1
    outer loop
      vertex 31.6899 -31.552 0
      vertex 31.8667 -31.4461 0
      vertex 34.7 -35.7 0
    endloop
  endfacet
  facet normal 0 0 -1
    outer loop
      vertex 31.5036 -31.6401 0
      vertex 31.6899 -31.552 0
      vertex 34.7 -35.7 0
    endloop
  endfacet
  facet normal 0 0 -1
    outer loop
      vertex 31.3096 -31.7096 0
      vertex 31.5036 -31.6401 0
      vertex 34.7 -35.7 0
    endloop
  endfacet
  facet normal 0 0 -1
    outer loop
      vertex 31.1097 -31.7596 0
      vertex 31.3096 -31.7096 0
      vertex 34.7 -35.7 0
    endloop
  endfacet
  facet normal 0 0 -1
    outer loop
      vertex 30.7 -31.8 0
      vertex 30.9058 -31.7899 0
      vertex 34.7 -35.7 0
    endloop
  endfacet
  facet normal 0 0 -1
    outer loop
      vertex 30.9058 -31.7899 0
      vertex 31.1097 -31.7596 0
      vertex 34.7 -35.7 0
    endloop
  endfacet
  facet normal 0 -0 1
    outer loop
      vertex 36.6032 -35.019 12
      vertex 36.8213 -34.8213 12
      vertex 32.3233 -31.0322 12
    endloop
  endfacet
  facet normal 0 0 1
    outer loop
      vertex 32.3233 -31.0322 12
      vertex 37.019 -34.6032 12
      vertex 37.1944 -34.3667 12
    endloop
  endfacet
  facet normal 0 -0 1
    outer loop
      vertex 36.3667 -35.1944 12
      vertex 36.6032 -35.019 12
      vertex 32.3233 -31.0322 12
    endloop
  endfacet
  facet normal 0 0 1
    outer loop
      vertex 32.3233 -31.0322 12
      vertex 37.1944 -34.3667 12
      vertex 37.3458 -34.1142 12
    endloop
  endfacet
  facet normal 0 0 1
    outer loop
      vertex 37.019 -34.6032 12
      vertex 32.3233 -31.0322 12
      vertex 36.8213 -34.8213 12
    endloop
  endfacet
  facet normal 0 0 1
    outer loop
      vertex 37.6423 -33.2853 12
      vertex 32.3233 -31.0322 12
      vertex 37.5708 -33.5708 12
    endloop
  endfacet
  facet normal 0 0 1
    outer loop
      vertex 32.3233 -31.0322 12
      vertex 37.3458 -34.1142 12
      vertex 37.4716 -33.8481 12
    endloop
  endfacet
  facet normal 0 0 1
    outer loop
      vertex 32.3233 -31.0322 12
      vertex 37.6423 -33.2853 12
      vertex 37.6855 -32.994 12
    endloop
  endfacet
  facet normal 0 0 1
    outer loop
      vertex 37.5708 -33.5708 12
      vertex 32.3233 -31.0322 12
      vertex 37.4716 -33.8481 12
    endloop
  endfacet
  facet normal 0 -0 1
    outer loop
      vertex 36.1142 -35.3458 12
      vertex 36.3667 -35.1944 12
      vertex 32.3233 -31.0322 12
    endloop
  endfacet
  facet normal 0 0 1
    outer loop
      vertex 37.6855 -32.994 12
      vertex 32.4461 -30.8667 12
      vertex 32.3233 -31.0322 12
    endloop
  endfacet
  facet normal 0 0 1
    outer loop
      vertex 36.1142 -35.3458 12
      vertex 32.3233 -31.0322 12
      vertex 35.8481 -35.4716 12
    endloop
  endfacet
  facet normal 0 0 1
    outer loop
      vertex 32.4461 -30.8667 12
      vertex 37.6855 -32.994 12
      vertex 37.7 -32.7 12
    endloop
  endfacet
  facet normal 0 0 1
    outer loop
      vertex 32.3233 -31.0322 12
      vertex 35.5708 -35.5708 12
      vertex 35.8481 -35.4716 12
    endloop
  endfacet
  facet normal 0 0 1
    outer loop
      vertex 37.7 -32.7 12
      vertex 32.552 -30.6899 12
      vertex 32.4461 -30.8667 12
    endloop
  endfacet
  facet normal 0 -0 1
    outer loop
      vertex 29.5333 -27.9539 12
      vertex 29.7101 -27.848 12
      vertex 9.92735 -23.7 12
    endloop
  endfacet
  facet normal 0 0 1
    outer loop
      vertex 32.3233 -28.3678 12
      vertex 37.1944 -25.0333 12
      vertex 37.019 -24.7968 12
    endloop
  endfacet
  facet normal 0 0 1
    outer loop
      vertex 37.3458 -25.2858 12
      vertex 37.1944 -25.0333 12
      vertex 32.3233 -28.3678 12
    endloop
  endfacet
  facet normal 0 0 1
    outer loop
      vertex 36.1142 -24.0542 12
      vertex 32.3233 -28.3678 12
      vertex 36.3667 -24.2056 12
    endloop
  endfacet
  facet normal 0 0 1
    outer loop
      vertex 32.3233 -28.3678 12
      vertex 36.6032 -24.381 12
      vertex 36.3667 -24.2056 12
    endloop
  endfacet
  facet normal 0 0 1
    outer loop
      vertex 36.8213 -24.5787 12
      vertex 32.3233 -28.3678 12
      vertex 37.019 -24.7968 12
    endloop
  endfacet
  facet normal 0 0 1
    outer loop
      vertex 35.5708 -23.8292 12
      vertex 32.3233 -28.3678 12
      vertex 35.8481 -23.9284 12
    endloop
  endfacet
  facet normal 0 0 1
    outer loop
      vertex 32.3233 -28.3678 12
      vertex 36.8213 -24.5787 12
      vertex 36.6032 -24.381 12
    endloop
  endfacet
  facet normal 0 0 1
    outer loop
      vertex 32.3233 -28.3678 12
      vertex 35.5708 -23.8292 12
      vertex 35.2853 -23.7576 12
    endloop
  endfacet
  facet normal 0 0 1
    outer loop
      vertex 35.8481 -23.9284 12
      vertex 32.3233 -28.3678 12
      vertex 36.1142 -24.0542 12
    endloop
  endfacet
  facet normal 0 0 1
    outer loop
      vertex 32.3233 -28.3678 12
      vertex 35.2853 -23.7576 12
      vertex 34.994 -23.7144 12
    endloop
  endfacet
  facet normal 0 0 1
    outer loop
      vertex 37.4716 -25.5519 12
      vertex 37.3458 -25.2858 12
      vertex 32.3233 -28.3678 12
    endloop
  endfacet
  facet normal 0 0 1
    outer loop
      vertex 34.994 -23.7144 12
      vertex 34.7 -23.7 12
      vertex 32.3233 -28.3678 12
    endloop
  endfacet
  facet normal 0 0 1
    outer loop
      vertex 37.4716 -25.5519 12
      vertex 32.3233 -28.3678 12
      vertex 37.5708 -25.8291 12
    endloop
  endfacet
  facet normal -0 0 1
    outer loop
      vertex 32.1849 -28.2151 12
      vertex 32.3233 -28.3678 12
      vertex 34.7 -23.7 12
    endloop
  endfacet
  facet normal 0 0 1
    outer loop
      vertex 32.3233 -28.3678 12
      vertex 37.6423 -26.1147 12
      vertex 37.5708 -25.8291 12
    endloop
  endfacet
  facet normal 0 0 1
    outer loop
      vertex 37.7 -26.7 12
      vertex 32.7596 -29.2903 12
      vertex 32.7899 -29.4942 12
    endloop
  endfacet
  facet normal 0 0 1
    outer loop
      vertex 4.38953 -22.0677 12
      vertex 2.20538 -22.3916 12
      vertex 9.92735 -23.7 12
    endloop
  endfacet
  facet normal 0 0 1
    outer loop
      vertex 25.2062 -5.01381 12
      vertex 22.3916 -2.20538 12
      vertex 22.0677 -4.38953 12
    endloop
  endfacet
  facet normal 0 0 1
    outer loop
      vertex 25.5762 -2.51903 12
      vertex 22.5 0 12
      vertex 22.3916 -2.20538 12
    endloop
  endfacet
  facet normal 0 0 1
    outer loop
      vertex 25.7 0 12
      vertex 25.5762 2.51903 12
      vertex 22.5 0 12
    endloop
  endfacet
  facet normal 0 0 1
    outer loop
      vertex 25.5762 2.51903 12
      vertex 25.2062 5.01381 12
      vertex 22.3916 2.20538 12
    endloop
  endfacet
  facet normal 0 0 1
    outer loop
      vertex 25.2062 5.01381 12
      vertex 24.5934 7.46031 12
      vertex 22.0677 4.38953 12
    endloop
  endfacet
  facet normal 0 0 1
    outer loop
      vertex 24.5934 7.46031 12
      vertex 20.7873 8.61037 12
      vertex 21.5311 6.5314 12
    endloop
  endfacet
  facet normal 0 0 1
    outer loop
      vertex 23.7437 9.83496 12
      vertex 22.6654 12.1149 12
      vertex 20.7873 8.61037 12
    endloop
  endfacet
  facet normal 0 0 1
    outer loop
      vertex 22.6654 12.1149 12
      vertex 21.3688 14.2782 12
      vertex 19.8432 10.6064 12
    endloop
  endfacet
  facet normal 0 0 1
    outer loop
      vertex 21.3688 14.2782 12
      vertex 17.3927 14.2738 12
      vertex 18.7081 12.5003 12
    endloop
  endfacet
  facet normal 0 0 1
    outer loop
      vertex 19.8664 16.3039 12
      vertex 15.9099 15.9099 12
      vertex 17.3927 14.2738 12
    endloop
  endfacet
  facet normal 0 0 1
    outer loop
      vertex 18.1726 18.1726 12
      vertex 16.3039 19.8664 12
      vertex 15.9099 15.9099 12
    endloop
  endfacet
  facet normal 0 0 1
    outer loop
      vertex 16.3039 19.8664 12
      vertex 14.2738 17.3927 12
      vertex 15.9099 15.9099 12
    endloop
  endfacet
  facet normal 0 0 1
    outer loop
      vertex 14.2782 21.3688 12
      vertex 14.2738 17.3927 12
      vertex 16.3039 19.8664 12
    endloop
  endfacet
  facet normal -0 0 1
    outer loop
      vertex 12.5003 18.7081 12
      vertex 14.2738 17.3927 12
      vertex 14.2782 21.3688 12
    endloop
  endfacet
  facet normal 0 -0 1
    outer loop
      vertex 12.5003 18.7081 12
      vertex 14.2782 21.3688 12
      vertex 11 19.6073 12
    endloop
  endfacet
  facet normal 0 0 1
    outer loop
      vertex 14.2782 21.3688 12
      vertex 12.1149 22.6654 12
      vertex 11 19.6073 12
    endloop
  endfacet
  facet normal 0 0 1
    outer loop
      vertex 12.1149 22.6654 12
      vertex 11 23.1927 12
      vertex 11 19.6073 12
    endloop
  endfacet
  facet normal 0 -0 1
    outer loop
      vertex 14.2782 -21.3688 12
      vertex 16.3039 -19.8664 12
      vertex 14.2738 -17.3927 12
    endloop
  endfacet
  facet normal -0 0 1
    outer loop
      vertex 8.61037 -20.7873 12
      vertex 9.92735 -23.7 12
      vertex 10.6064 -19.8432 12
    endloop
  endfacet
  facet normal 0 0 1
    outer loop
      vertex 18.1726 18.1726 12
      vertex 15.9099 15.9099 12
      vertex 19.8664 16.3039 12
    endloop
  endfacet
  facet normal 0 0 1
    outer loop
      vertex 19.8664 16.3039 12
      vertex 17.3927 14.2738 12
      vertex 21.3688 14.2782 12
    endloop
  endfacet
  facet normal 0 0 1
    outer loop
      vertex 21.3688 14.2782 12
      vertex 18.7081 12.5003 12
      vertex 19.8432 10.6064 12
    endloop
  endfacet
  facet normal 0 0 1
    outer loop
      vertex 22.6654 12.1149 12
      vertex 19.8432 10.6064 12
      vertex 20.7873 8.61037 12
    endloop
  endfacet
  facet normal 0 0 1
    outer loop
      vertex 23.7437 9.83496 12
      vertex 20.7873 8.61037 12
      vertex 24.5934 7.46031 12
    endloop
  endfacet
  facet normal 0 0 1
    outer loop
      vertex 24.5934 7.46031 12
      vertex 21.5311 6.5314 12
      vertex 22.0677 4.38953 12
    endloop
  endfacet
  facet normal 0 0 1
    outer loop
      vertex 25.2062 5.01381 12
      vertex 22.0677 4.38953 12
      vertex 22.3916 2.20538 12
    endloop
  endfacet
  facet normal 0 0 1
    outer loop
      vertex 25.5762 2.51903 12
      vertex 22.3916 2.20538 12
      vertex 22.5 0 12
    endloop
  endfacet
  facet normal 0 0 1
    outer loop
      vertex 25.7 0 12
      vertex 22.5 0 12
      vertex 25.5762 -2.51903 12
    endloop
  endfacet
  facet normal 0 0 1
    outer loop
      vertex 25.5762 -2.51903 12
      vertex 22.3916 -2.20538 12
      vertex 25.2062 -5.01381 12
    endloop
  endfacet
  facet normal 0 0 1
    outer loop
      vertex 25.2062 -5.01381 12
      vertex 22.0677 -4.38953 12
      vertex 24.5934 -7.46031 12
    endloop
  endfacet
  facet normal 0 0 1
    outer loop
      vertex 21.5311 -6.5314 12
      vertex 20.7873 -8.61037 12
      vertex 24.5934 -7.46031 12
    endloop
  endfacet
  facet normal 0 0 1
    outer loop
      vertex 22.0677 -4.38953 12
      vertex 21.5311 -6.5314 12
      vertex 24.5934 -7.46031 12
    endloop
  endfacet
  facet normal 0 0 1
    outer loop
      vertex 20.7873 -8.61037 12
      vertex 22.6654 -12.1149 12
      vertex 23.7437 -9.83496 12
    endloop
  endfacet
  facet normal 0 0 1
    outer loop
      vertex 24.5934 -7.46031 12
      vertex 20.7873 -8.61037 12
      vertex 23.7437 -9.83496 12
    endloop
  endfacet
  facet normal 0 0 1
    outer loop
      vertex 19.8432 -10.6064 12
      vertex 21.3688 -14.2782 12
      vertex 22.6654 -12.1149 12
    endloop
  endfacet
  facet normal 0 0 1
    outer loop
      vertex 20.7873 -8.61037 12
      vertex 19.8432 -10.6064 12
      vertex 22.6654 -12.1149 12
    endloop
  endfacet
  facet normal 0 0 1
    outer loop
      vertex 18.7081 -12.5003 12
      vertex 17.3927 -14.2738 12
      vertex 21.3688 -14.2782 12
    endloop
  endfacet
  facet normal 0 0 1
    outer loop
      vertex 19.8432 -10.6064 12
      vertex 18.7081 -12.5003 12
      vertex 21.3688 -14.2782 12
    endloop
  endfacet
  facet normal 0 0 1
    outer loop
      vertex 17.3927 -14.2738 12
      vertex 15.9099 -15.9099 12
      vertex 19.8664 -16.3039 12
    endloop
  endfacet
  facet normal 0 0 1
    outer loop
      vertex 21.3688 -14.2782 12
      vertex 17.3927 -14.2738 12
      vertex 19.8664 -16.3039 12
    endloop
  endfacet
  facet normal 0 0 1
    outer loop
      vertex 15.9099 -15.9099 12
      vertex 16.3039 -19.8664 12
      vertex 18.1726 -18.1726 12
    endloop
  endfacet
  facet normal 0 0 1
    outer loop
      vertex 19.8664 -16.3039 12
      vertex 15.9099 -15.9099 12
      vertex 18.1726 -18.1726 12
    endloop
  endfacet
  facet normal -0 0 1
    outer loop
      vertex 14.2738 -17.3927 12
      vertex 16.3039 -19.8664 12
      vertex 15.9099 -15.9099 12
    endloop
  endfacet
  facet normal 0 0 1
    outer loop
      vertex 14.2738 -17.3927 12
      vertex 12.5003 -18.7081 12
      vertex 14.2782 -21.3688 12
    endloop
  endfacet
  facet normal 0 0 1
    outer loop
      vertex 12.5003 -18.7081 12
      vertex 10.6064 -19.8432 12
      vertex 14.2782 -21.3688 12
    endloop
  endfacet
  facet normal 0 0 1
    outer loop
      vertex 10.6064 -19.8432 12
      vertex 12.1149 -22.6654 12
      vertex 14.2782 -21.3688 12
    endloop
  endfacet
  facet normal 0 0 1
    outer loop
      vertex 9.92735 -23.7 12
      vertex 12.1149 -22.6654 12
      vertex 10.6064 -19.8432 12
    endloop
  endfacet
  facet normal -0 0 1
    outer loop
      vertex 6.5314 -21.5311 12
      vertex 9.92735 -23.7 12
      vertex 8.61037 -20.7873 12
    endloop
  endfacet
  facet normal -0 0 1
    outer loop
      vertex 4.38953 -22.0677 12
      vertex 9.92735 -23.7 12
      vertex 6.5314 -21.5311 12
    endloop
  endfacet
  facet normal 0 0 1
    outer loop
      vertex 2.20538 -22.3916 12
      vertex 0 -22.5 12
      vertex 9.92735 -23.7 12
    endloop
  endfacet
  facet normal 0 0 1
    outer loop
      vertex 0 -22.5 12
      vertex -9.92735 -23.7 12
      vertex 9.92735 -23.7 12
    endloop
  endfacet
  facet normal 0 0 1
    outer loop
      vertex -2.20538 -22.3916 12
      vertex -9.92735 -23.7 12
      vertex 0 -22.5 12
    endloop
  endfacet
  facet normal 0 0 1
    outer loop
      vertex -9.92735 -23.7 12
      vertex -6.5314 -21.5311 12
      vertex -8.61037 -20.7873 12
    endloop
  endfacet
  facet normal -0 0 1
    outer loop
      vertex -12.1149 -22.6654 12
      vertex -9.92735 -23.7 12
      vertex -10.6064 -19.8432 12
    endloop
  endfacet
  facet normal 0 -0 1
    outer loop
      vertex -12.1149 -22.6654 12
      vertex -10.6064 -19.8432 12
      vertex -14.2782 -21.3688 12
    endloop
  endfacet
  facet normal 0 0 1
    outer loop
      vertex -10.6064 -19.8432 12
      vertex -12.5003 -18.7081 12
      vertex -14.2782 -21.3688 12
    endloop
  endfacet
  facet normal 0 -0 1
    outer loop
      vertex -14.2782 -21.3688 12
      vertex -14.2738 -17.3927 12
      vertex -16.3039 -19.8664 12
    endloop
  endfacet
  facet normal 0 -0 1
    outer loop
      vertex -16.3039 -19.8664 12
      vertex -15.9099 -15.9099 12
      vertex -18.1726 -18.1726 12
    endloop
  endfacet
  facet normal 0 0 1
    outer loop
      vertex -15.9099 -15.9099 12
      vertex -17.3927 -14.2738 12
      vertex -19.8664 -16.3039 12
    endloop
  endfacet
  facet normal 0 0 1
    outer loop
      vertex -17.3927 -14.2738 12
      vertex -18.7081 -12.5003 12
      vertex -21.3688 -14.2782 12
    endloop
  endfacet
  facet normal 0 -0 1
    outer loop
      vertex -21.3688 -14.2782 12
      vertex -19.8432 -10.6064 12
      vertex -22.6654 -12.1149 12
    endloop
  endfacet
  facet normal 0 -0 1
    outer loop
      vertex -22.6654 -12.1149 12
      vertex -20.7873 -8.61037 12
      vertex -23.7437 -9.83496 12
    endloop
  endfacet
  facet normal 0 0 1
    outer loop
      vertex -20.7873 -8.61037 12
      vertex -21.5311 -6.5314 12
      vertex -24.5934 -7.46031 12
    endloop
  endfacet
  facet normal 0 -0 1
    outer loop
      vertex -24.5934 -7.46031 12
      vertex -22.0677 -4.38953 12
      vertex -25.2062 -5.01381 12
    endloop
  endfacet
  facet normal 0 -0 1
    outer loop
      vertex -25.2062 -5.01381 12
      vertex -22.3916 -2.20538 12
      vertex -25.5762 -2.51903 12
    endloop
  endfacet
  facet normal 0 -0 1
    outer loop
      vertex -25.5762 -2.51903 12
      vertex -22.5 0 12
      vertex -25.7 0 12
    endloop
  endfacet
  facet normal 0 -0 1
    outer loop
      vertex -22.5 0 12
      vertex -22.3916 2.20538 12
      vertex -25.5762 2.51903 12
    endloop
  endfacet
  facet normal 0 -0 1
    outer loop
      vertex -22.3916 2.20538 12
      vertex -22.0677 4.38953 12
      vertex -25.2062 5.01381 12
    endloop
  endfacet
  facet normal 0 -0 1
    outer loop
      vertex -22.0677 4.38953 12
      vertex -21.5311 6.5314 12
      vertex -24.5934 7.46031 12
    endloop
  endfacet
  facet normal 0 0 1
    outer loop
      vertex -24.5934 7.46031 12
      vertex -20.7873 8.61037 12
      vertex -23.7437 9.83496 12
    endloop
  endfacet
  facet normal 0 -0 1
    outer loop
      vertex -20.7873 8.61037 12
      vertex -19.8432 10.6064 12
      vertex -22.6654 12.1149 12
    endloop
  endfacet
  facet normal 0 -0 1
    outer loop
      vertex -19.8432 10.6064 12
      vertex -18.7081 12.5003 12
      vertex -21.3688 14.2782 12
    endloop
  endfacet
  facet normal -0 0 1
    outer loop
      vertex -21.3688 14.2782 12
      vertex -17.3927 14.2738 12
      vertex -19.8664 16.3039 12
    endloop
  endfacet
  facet normal -0 0 1
    outer loop
      vertex -19.8664 16.3039 12
      vertex -15.9099 15.9099 12
      vertex -18.1726 18.1726 12
    endloop
  endfacet
  facet normal -0 0 1
    outer loop
      vertex -16.3039 19.8664 12
      vertex -14.2738 17.3927 12
      vertex -14.2782 21.3688 12
    endloop
  endfacet
  facet normal 0 -0 1
    outer loop
      vertex -14.2738 17.3927 12
      vertex -12.5003 18.7081 12
      vertex -14.2782 21.3688 12
    endloop
  endfacet
  facet normal 0 -0 1
    outer loop
      vertex -12.5003 18.7081 12
      vertex -11 19.6073 12
      vertex -14.2782 21.3688 12
    endloop
  endfacet
  facet normal 0 0 1
    outer loop
      vertex -11 19.6073 12
      vertex -12.1149 22.6654 12
      vertex -14.2782 21.3688 12
    endloop
  endfacet
  facet normal 0 0 1
    outer loop
      vertex -11 23.1927 12
      vertex -12.1149 22.6654 12
      vertex -11 19.6073 12
    endloop
  endfacet
  facet normal 0 -0 1
    outer loop
      vertex -15.9099 15.9099 12
      vertex -14.2738 17.3927 12
      vertex -16.3039 19.8664 12
    endloop
  endfacet
  facet normal 0 0 1
    outer loop
      vertex -15.9099 15.9099 12
      vertex -16.3039 19.8664 12
      vertex -18.1726 18.1726 12
    endloop
  endfacet
  facet normal 0 -0 1
    outer loop
      vertex -17.3927 14.2738 12
      vertex -15.9099 15.9099 12
      vertex -19.8664 16.3039 12
    endloop
  endfacet
  facet normal 0 -0 1
    outer loop
      vertex -18.7081 12.5003 12
      vertex -17.3927 14.2738 12
      vertex -21.3688 14.2782 12
    endloop
  endfacet
  facet normal 0 0 1
    outer loop
      vertex -19.8432 10.6064 12
      vertex -21.3688 14.2782 12
      vertex -22.6654 12.1149 12
    endloop
  endfacet
  facet normal 0 0 1
    outer loop
      vertex -20.7873 8.61037 12
      vertex -22.6654 12.1149 12
      vertex -23.7437 9.83496 12
    endloop
  endfacet
  facet normal 0 -0 1
    outer loop
      vertex -21.5311 6.5314 12
      vertex -20.7873 8.61037 12
      vertex -24.5934 7.46031 12
    endloop
  endfacet
  facet normal 0 0 1
    outer loop
      vertex -22.0677 4.38953 12
      vertex -24.5934 7.46031 12
      vertex -25.2062 5.01381 12
    endloop
  endfacet
  facet normal 0 0 1
    outer loop
      vertex -22.3916 2.20538 12
      vertex -25.2062 5.01381 12
      vertex -25.5762 2.51903 12
    endloop
  endfacet
  facet normal 0 0 1
    outer loop
      vertex -22.5 0 12
      vertex -25.5762 2.51903 12
      vertex -25.7 0 12
    endloop
  endfacet
  facet normal 0 0 1
    outer loop
      vertex -22.3916 -2.20538 12
      vertex -22.5 0 12
      vertex -25.5762 -2.51903 12
    endloop
  endfacet
  facet normal 0 0 1
    outer loop
      vertex -22.0677 -4.38953 12
      vertex -22.3916 -2.20538 12
      vertex -25.2062 -5.01381 12
    endloop
  endfacet
  facet normal 0 0 1
    outer loop
      vertex -21.5311 -6.5314 12
      vertex -22.0677 -4.38953 12
      vertex -24.5934 -7.46031 12
    endloop
  endfacet
  facet normal 0 0 1
    outer loop
      vertex -20.7873 -8.61037 12
      vertex -24.5934 -7.46031 12
      vertex -23.7437 -9.83496 12
    endloop
  endfacet
  facet normal 0 0 1
    outer loop
      vertex -19.8432 -10.6064 12
      vertex -20.7873 -8.61037 12
      vertex -22.6654 -12.1149 12
    endloop
  endfacet
  facet normal 0 0 1
    outer loop
      vertex -18.7081 -12.5003 12
      vertex -19.8432 -10.6064 12
      vertex -21.3688 -14.2782 12
    endloop
  endfacet
  facet normal 0 0 1
    outer loop
      vertex -17.3927 -14.2738 12
      vertex -21.3688 -14.2782 12
      vertex -19.8664 -16.3039 12
    endloop
  endfacet
  facet normal 0 0 1
    outer loop
      vertex -15.9099 -15.9099 12
      vertex -19.8664 -16.3039 12
      vertex -18.1726 -18.1726 12
    endloop
  endfacet
  facet normal 0 0 1
    outer loop
      vertex -14.2738 -17.3927 12
      vertex -15.9099 -15.9099 12
      vertex -16.3039 -19.8664 12
    endloop
  endfacet
  facet normal 0 0 1
    outer loop
      vertex -12.5003 -18.7081 12
      vertex -14.2738 -17.3927 12
      vertex -14.2782 -21.3688 12
    endloop
  endfacet
  facet normal 0 -0 1
    outer loop
      vertex -9.92735 -23.7 12
      vertex -8.61037 -20.7873 12
      vertex -10.6064 -19.8432 12
    endloop
  endfacet
  facet normal 0 0 1
    outer loop
      vertex -4.38953 -22.0677 12
      vertex -6.5314 -21.5311 12
      vertex -9.92735 -23.7 12
    endloop
  endfacet
  facet normal 0 0 1
    outer loop
      vertex -4.38953 -22.0677 12
      vertex -9.92735 -23.7 12
      vertex -2.20538 -22.3916 12
    endloop
  endfacet
  facet normal -0 0 1
    outer loop
      vertex -9.92735 -23.7 12
      vertex -34.7 -35.7 12
      vertex 9.92735 -23.7 12
    endloop
  endfacet
  facet normal -0 0 1
    outer loop
      vertex -36.6032 -24.381 12
      vertex -32.3233 -28.3678 12
      vertex -36.3667 -24.2056 12
    endloop
  endfacet
  facet normal -0 0 1
    outer loop
      vertex -36.8213 -24.5787 12
      vertex -32.3233 -28.3678 12
      vertex -36.6032 -24.381 12
    endloop
  endfacet
  facet normal 0 0 1
    outer loop
      vertex -32.3233 -28.3678 12
      vertex -37.3458 -25.2858 12
      vertex -37.4716 -25.5519 12
    endloop
  endfacet
  facet normal 0 0 1
    outer loop
      vertex -37.1944 -25.0333 12
      vertex -37.3458 -25.2858 12
      vertex -32.3233 -28.3678 12
    endloop
  endfacet
  facet normal 0 0 1
    outer loop
      vertex -32.3233 -28.3678 12
      vertex -36.8213 -24.5787 12
      vertex -37.019 -24.7968 12
    endloop
  endfacet
  facet normal 0 0 1
    outer loop
      vertex -32.3233 -28.3678 12
      vertex -37.5708 -25.8291 12
      vertex -37.6423 -26.1147 12
    endloop
  endfacet
  facet normal 0 0 1
    outer loop
      vertex -37.019 -24.7968 12
      vertex -37.1944 -25.0333 12
      vertex -32.3233 -28.3678 12
    endloop
  endfacet
  facet normal 0 0 1
    outer loop
      vertex -37.6423 -26.1147 12
      vertex -37.6855 -26.4059 12
      vertex -32.3233 -28.3678 12
    endloop
  endfacet
  facet normal 0 0 1
    outer loop
      vertex -32.3233 -28.3678 12
      vertex -37.4716 -25.5519 12
      vertex -37.5708 -25.8291 12
    endloop
  endfacet
  facet normal 0 0 1
    outer loop
      vertex -37.6855 -26.4059 12
      vertex -32.4461 -28.5333 12
      vertex -32.3233 -28.3678 12
    endloop
  endfacet
  facet normal -0 0 1
    outer loop
      vertex -36.3667 -24.2056 12
      vertex -32.3233 -28.3678 12
      vertex -36.1142 -24.0542 12
    endloop
  endfacet
  facet normal 0 0 1
    outer loop
      vertex -32.4461 -28.5333 12
      vertex -37.6855 -26.4059 12
      vertex -37.7 -26.7 12
    endloop
  endfacet
  facet normal 0 0 1
    outer loop
      vertex -32.3233 -28.3678 12
      vertex -35.8481 -23.9284 12
      vertex -36.1142 -24.0542 12
    endloop
  endfacet
  facet normal 0 0 1
    outer loop
      vertex -37.7 -26.7 12
      vertex -32.552 -28.7101 12
      vertex -32.4461 -28.5333 12
    endloop
  endfacet
  facet normal 0 0 1
    outer loop
      vertex -35.5708 -23.8292 12
      vertex -35.8481 -23.9284 12
      vertex -32.3233 -28.3678 12
    endloop
  endfacet
  facet normal 0 0 1
    outer loop
      vertex -34.7 -35.7 12
      vertex -30.7 -31.8 12
      vertex -30.9058 -31.7899 12
    endloop
  endfacet
  facet normal -0 0 1
    outer loop
      vertex -37.1944 -34.3667 12
      vertex -37.019 -34.6032 12
      vertex -32.3233 -31.0322 12
    endloop
  endfacet
  facet normal 0 -0 1
    outer loop
      vertex -37.1944 -34.3667 12
      vertex -32.3233 -31.0322 12
      vertex -37.3458 -34.1142 12
    endloop
  endfacet
  facet normal -0 0 1
    outer loop
      vertex -36.8213 -34.8213 12
      vertex -36.6032 -35.019 12
      vertex -32.3233 -31.0322 12
    endloop
  endfacet
  facet normal -0 0 1
    outer loop
      vertex -36.6032 -35.019 12
      vertex -36.3667 -35.1944 12
      vertex -32.3233 -31.0322 12
    endloop
  endfacet
  facet normal 0 0 1
    outer loop
      vertex -32.3233 -31.0322 12
      vertex -37.019 -34.6032 12
      vertex -36.8213 -34.8213 12
    endloop
  endfacet
  facet normal 0 0 1
    outer loop
      vertex -32.3233 -31.0322 12
      vertex -35.8481 -35.4716 12
      vertex -35.5708 -35.5708 12
    endloop
  endfacet
  facet normal -0 0 1
    outer loop
      vertex -36.3667 -35.1944 12
      vertex -36.1142 -35.3458 12
      vertex -32.3233 -31.0322 12
    endloop
  endfacet
  facet normal -0 0 1
    outer loop
      vertex -35.5708 -35.5708 12
      vertex -35.2853 -35.6423 12
      vertex -32.3233 -31.0322 12
    endloop
  endfacet
  facet normal 0 0 1
    outer loop
      vertex -32.3233 -31.0322 12
      vertex -36.1142 -35.3458 12
      vertex -35.8481 -35.4716 12
    endloop
  endfacet
  facet normal 0 -0 1
    outer loop
      vertex -37.3458 -34.1142 12
      vertex -32.3233 -31.0322 12
      vertex -37.4716 -33.8481 12
    endloop
  endfacet
  facet normal 0 -0 1
    outer loop
      vertex -34.994 -35.6855 12
      vertex -32.3233 -31.0322 12
      vertex -35.2853 -35.6423 12
    endloop
  endfacet
  facet normal 0 0 1
    outer loop
      vertex -32.3233 -31.0322 12
      vertex -37.5708 -33.5708 12
      vertex -37.4716 -33.8481 12
    endloop
  endfacet
  facet normal 0 0 1
    outer loop
      vertex -32.3233 -31.0322 12
      vertex -34.994 -35.6855 12
      vertex -34.7 -35.7 12
    endloop
  endfacet
  facet normal -0 0 1
    outer loop
      vertex -37.6423 -33.2853 12
      vertex -37.5708 -33.5708 12
      vertex -32.3233 -31.0322 12
    endloop
  endfacet
  facet normal 0 0 1
    outer loop
      vertex -34.7 -35.7 12
      vertex -32.1849 -31.1849 12
      vertex -32.3233 -31.0322 12
    endloop
  endfacet
  facet normal -0 0 1
    outer loop
      vertex -37.6855 -32.994 12
      vertex -37.6423 -33.2853 12
      vertex -32.3233 -31.0322 12
    endloop
  endfacet
  facet normal -0 0 1
    outer loop
      vertex -29.3678 -31.3233 12
      vertex -29.5333 -31.4461 12
      vertex -9.92735 -23.7 12
    endloop
  endfacet
  facet normal 0 0 1
    outer loop
      vertex -34.7 -35.7 12
      vertex 34.7 -35.7 12
      vertex 9.92735 -23.7 12
    endloop
  endfacet
  facet normal 0 0 1
    outer loop
      vertex -37.6855 -32.994 12
      vertex -32.3233 -31.0322 12
      vertex -32.4461 -30.8667 12
    endloop
  endfacet
  facet normal 0 0 1
    outer loop
      vertex -34.7 -35.7 12
      vertex -30.9058 -31.7899 12
      vertex -31.1097 -31.7596 12
    endloop
  endfacet
  facet normal 0 0 1
    outer loop
      vertex -37.7 -32.7 12
      vertex -32.7899 -29.9058 12
      vertex -32.8 -29.7 12
    endloop
  endfacet
  facet normal 0 0 1
    outer loop
      vertex -34.7 -35.7 12
      vertex -31.1097 -31.7596 12
      vertex -31.3096 -31.7096 12
    endloop
  endfacet
  facet normal 0 0 1
    outer loop
      vertex -34.7 -35.7 12
      vertex -31.3096 -31.7096 12
      vertex -31.5036 -31.6401 12
    endloop
  endfacet
  facet normal 0 0 1
    outer loop
      vertex -34.7 -35.7 12
      vertex -31.5036 -31.6401 12
      vertex -31.6899 -31.552 12
    endloop
  endfacet
  facet normal 0 0 1
    outer loop
      vertex -34.7 -35.7 12
      vertex -31.6899 -31.552 12
      vertex -31.8667 -31.4461 12
    endloop
  endfacet
  facet normal 0 0 1
    outer loop
      vertex -34.7 -35.7 12
      vertex -31.8667 -31.4461 12
      vertex -32.0322 -31.3233 12
    endloop
  endfacet
  facet normal 0 0 1
    outer loop
      vertex -34.7 -35.7 12
      vertex -32.0322 -31.3233 12
      vertex -32.1849 -31.1849 12
    endloop
  endfacet
  facet normal 0 -0 1
    outer loop
      vertex -37.6855 -32.994 12
      vertex -32.4461 -30.8667 12
      vertex -37.7 -32.7 12
    endloop
  endfacet
  facet normal 0 0 1
    outer loop
      vertex -32.4461 -30.8667 12
      vertex -32.552 -30.6899 12
      vertex -37.7 -32.7 12
    endloop
  endfacet
  facet normal 0 0 1
    outer loop
      vertex -32.552 -30.6899 12
      vertex -32.6401 -30.5036 12
      vertex -37.7 -32.7 12
    endloop
  endfacet
  facet normal 0 0 1
    outer loop
      vertex -32.6401 -30.5036 12
      vertex -32.7096 -30.3096 12
      vertex -37.7 -32.7 12
    endloop
  endfacet
  facet normal 0 0 1
    outer loop
      vertex -32.7096 -30.3096 12
      vertex -32.7596 -30.1097 12
      vertex -37.7 -32.7 12
    endloop
  endfacet
  facet normal 0 0 1
    outer loop
      vertex -32.7596 -30.1097 12
      vertex -32.7899 -29.9058 12
      vertex -37.7 -32.7 12
    endloop
  endfacet
  facet normal 0 0 1
    outer loop
      vertex -37.7 -32.7 12
      vertex -32.8 -29.7 12
      vertex -37.7 -26.7 12
    endloop
  endfacet
  facet normal 0 -0 1
    outer loop
      vertex -32.8 -29.7 12
      vertex -32.7899 -29.4942 12
      vertex -37.7 -26.7 12
    endloop
  endfacet
  facet normal 0 -0 1
    outer loop
      vertex -32.7899 -29.4942 12
      vertex -32.7596 -29.2903 12
      vertex -37.7 -26.7 12
    endloop
  endfacet
  facet normal 0 -0 1
    outer loop
      vertex -32.7596 -29.2903 12
      vertex -32.7096 -29.0904 12
      vertex -37.7 -26.7 12
    endloop
  endfacet
  facet normal 0 -0 1
    outer loop
      vertex -30.9058 -27.6101 12
      vertex -30.7 -27.6 12
      vertex -34.7 -23.7 12
    endloop
  endfacet
  facet normal 0 0 1
    outer loop
      vertex -32.6401 -28.8964 12
      vertex -37.7 -26.7 12
      vertex -32.7096 -29.0904 12
    endloop
  endfacet
  facet normal 0 0 1
    outer loop
      vertex -32.552 -28.7101 12
      vertex -37.7 -26.7 12
      vertex -32.6401 -28.8964 12
    endloop
  endfacet
  facet normal -0 0 1
    outer loop
      vertex -35.5708 -23.8292 12
      vertex -32.3233 -28.3678 12
      vertex -35.2853 -23.7576 12
    endloop
  endfacet
  facet normal 0 0 1
    outer loop
      vertex -32.3233 -28.3678 12
      vertex -34.994 -23.7144 12
      vertex -35.2853 -23.7576 12
    endloop
  endfacet
  facet normal 0 0 1
    outer loop
      vertex -34.7 -23.7 12
      vertex -34.994 -23.7144 12
      vertex -32.3233 -28.3678 12
    endloop
  endfacet
  facet normal 0 0 1
    outer loop
      vertex -34.7 -23.7 12
      vertex -32.3233 -28.3678 12
      vertex -32.1849 -28.2151 12
    endloop
  endfacet
  facet normal 0 0 1
    outer loop
      vertex -34.7 -23.7 12
      vertex -32.1849 -28.2151 12
      vertex -32.0322 -28.0767 12
    endloop
  endfacet
  facet normal 0 0 1
    outer loop
      vertex -34.7 -23.7 12
      vertex -32.0322 -28.0767 12
      vertex -31.8667 -27.9539 12
    endloop
  endfacet
  facet normal 0 0 1
    outer loop
      vertex -34.7 -23.7 12
      vertex -31.8667 -27.9539 12
      vertex -31.6899 -27.848 12
    endloop
  endfacet
  facet normal 0 0 1
    outer loop
      vertex -34.7 -23.7 12
      vertex -31.6899 -27.848 12
      vertex -31.5036 -27.7598 12
    endloop
  endfacet
  facet normal 0 0 1
    outer loop
      vertex -34.7 -23.7 12
      vertex -31.5036 -27.7598 12
      vertex -31.3096 -27.6904 12
    endloop
  endfacet
  facet normal 0 0 1
    outer loop
      vertex -34.7 -23.7 12
      vertex -31.1097 -27.6404 12
      vertex -30.9058 -27.6101 12
    endloop
  endfacet
  facet normal 0 0 1
    outer loop
      vertex -34.7 -23.7 12
      vertex -31.3096 -27.6904 12
      vertex -31.1097 -27.6404 12
    endloop
  endfacet
  facet normal -0 -0 1
    outer loop
      vertex -30.7 -27.6 12
      vertex -30.4942 -27.6101 12
      vertex -34.7 -23.7 12
    endloop
  endfacet
  facet normal -0 -0 1
    outer loop
      vertex -30.4942 -27.6101 12
      vertex -30.2903 -27.6404 12
      vertex -34.7 -23.7 12
    endloop
  endfacet
  facet normal -0 -0 1
    outer loop
      vertex -30.2903 -27.6404 12
      vertex -30.0904 -27.6904 12
      vertex -34.7 -23.7 12
    endloop
  endfacet
  facet normal -0 -0 1
    outer loop
      vertex -30.0904 -27.6904 12
      vertex -29.8964 -27.7598 12
      vertex -34.7 -23.7 12
    endloop
  endfacet
  facet normal -0 -0 1
    outer loop
      vertex -29.8964 -27.7598 12
      vertex -29.7101 -27.848 12
      vertex -34.7 -23.7 12
    endloop
  endfacet
  facet normal 0 -0 1
    outer loop
      vertex -29.7101 -27.848 12
      vertex -9.92735 -23.7 12
      vertex -34.7 -23.7 12
    endloop
  endfacet
  facet normal 0 -0 1
    outer loop
      vertex -29.5333 -27.9539 12
      vertex -9.92735 -23.7 12
      vertex -29.7101 -27.848 12
    endloop
  endfacet
  facet normal 0 -0 1
    outer loop
      vertex -29.3678 -28.0767 12
      vertex -9.92735 -23.7 12
      vertex -29.5333 -27.9539 12
    endloop
  endfacet
  facet normal 0 -0 1
    outer loop
      vertex -29.2151 -28.2151 12
      vertex -9.92735 -23.7 12
      vertex -29.3678 -28.0767 12
    endloop
  endfacet
  facet normal 0 -0 1
    outer loop
      vertex -29.0767 -28.3678 12
      vertex -9.92735 -23.7 12
      vertex -29.2151 -28.2151 12
    endloop
  endfacet
  facet normal 0 -0 1
    outer loop
      vertex -28.9539 -28.5333 12
      vertex -9.92735 -23.7 12
      vertex -29.0767 -28.3678 12
    endloop
  endfacet
  facet normal 0 -0 1
    outer loop
      vertex -28.848 -28.7101 12
      vertex -9.92735 -23.7 12
      vertex -28.9539 -28.5333 12
    endloop
  endfacet
  facet normal 0 -0 1
    outer loop
      vertex -28.7598 -28.8964 12
      vertex -9.92735 -23.7 12
      vertex -28.848 -28.7101 12
    endloop
  endfacet
  facet normal 0 -0 1
    outer loop
      vertex -28.6904 -29.0904 12
      vertex -9.92735 -23.7 12
      vertex -28.7598 -28.8964 12
    endloop
  endfacet
  facet normal 0 -0 1
    outer loop
      vertex -28.6404 -29.2903 12
      vertex -9.92735 -23.7 12
      vertex -28.6904 -29.0904 12
    endloop
  endfacet
  facet normal 0 -0 1
    outer loop
      vertex -28.6101 -29.4942 12
      vertex -9.92735 -23.7 12
      vertex -28.6404 -29.2903 12
    endloop
  endfacet
  facet normal 0 -0 1
    outer loop
      vertex -28.6 -29.7 12
      vertex -9.92735 -23.7 12
      vertex -28.6101 -29.4942 12
    endloop
  endfacet
  facet normal 0 0 1
    outer loop
      vertex -28.6101 -29.9058 12
      vertex -9.92735 -23.7 12
      vertex -28.6 -29.7 12
    endloop
  endfacet
  facet normal 0 0 1
    outer loop
      vertex -28.6404 -30.1097 12
      vertex -9.92735 -23.7 12
      vertex -28.6101 -29.9058 12
    endloop
  endfacet
  facet normal 0 0 1
    outer loop
      vertex -28.6904 -30.3096 12
      vertex -9.92735 -23.7 12
      vertex -28.6404 -30.1097 12
    endloop
  endfacet
  facet normal -0 0 1
    outer loop
      vertex -29.5333 -31.4461 12
      vertex -34.7 -35.7 12
      vertex -9.92735 -23.7 12
    endloop
  endfacet
  facet normal -0 0 1
    outer loop
      vertex -28.6904 -30.3096 12
      vertex -28.7598 -30.5036 12
      vertex -9.92735 -23.7 12
    endloop
  endfacet
  facet normal -0 0 1
    outer loop
      vertex -28.7598 -30.5036 12
      vertex -28.848 -30.6899 12
      vertex -9.92735 -23.7 12
    endloop
  endfacet
  facet normal -0 0 1
    outer loop
      vertex -28.848 -30.6899 12
      vertex -28.9539 -30.8667 12
      vertex -9.92735 -23.7 12
    endloop
  endfacet
  facet normal -0 0 1
    outer loop
      vertex -28.9539 -30.8667 12
      vertex -29.0767 -31.0322 12
      vertex -9.92735 -23.7 12
    endloop
  endfacet
  facet normal -0 0 1
    outer loop
      vertex -29.0767 -31.0322 12
      vertex -29.2151 -31.1849 12
      vertex -9.92735 -23.7 12
    endloop
  endfacet
  facet normal -0 0 1
    outer loop
      vertex -29.2151 -31.1849 12
      vertex -29.3678 -31.3233 12
      vertex -9.92735 -23.7 12
    endloop
  endfacet
  facet normal -0 0 1
    outer loop
      vertex -29.7101 -31.552 12
      vertex -34.7 -35.7 12
      vertex -29.5333 -31.4461 12
    endloop
  endfacet
  facet normal -0 0 1
    outer loop
      vertex -29.8964 -31.6401 12
      vertex -34.7 -35.7 12
      vertex -29.7101 -31.552 12
    endloop
  endfacet
  facet normal -0 0 1
    outer loop
      vertex -30.0904 -31.7096 12
      vertex -34.7 -35.7 12
      vertex -29.8964 -31.6401 12
    endloop
  endfacet
  facet normal -0 0 1
    outer loop
      vertex -30.2903 -31.7596 12
      vertex -34.7 -35.7 12
      vertex -30.0904 -31.7096 12
    endloop
  endfacet
  facet normal -0 0 1
    outer loop
      vertex -30.4942 -31.7899 12
      vertex -34.7 -35.7 12
      vertex -30.2903 -31.7596 12
    endloop
  endfacet
  facet normal -0 0 1
    outer loop
      vertex -30.7 -31.8 12
      vertex -34.7 -35.7 12
      vertex -30.4942 -31.7899 12
    endloop
  endfacet
  facet normal 0 0 1
    outer loop
      vertex 30.4942 -31.7899 12
      vertex 34.7 -35.7 12
      vertex 30.7 -31.8 12
    endloop
  endfacet
  facet normal 0 0 1
    outer loop
      vertex 30.2903 -31.7596 12
      vertex 34.7 -35.7 12
      vertex 30.4942 -31.7899 12
    endloop
  endfacet
  facet normal 0 0 1
    outer loop
      vertex 30.0904 -31.7096 12
      vertex 34.7 -35.7 12
      vertex 30.2903 -31.7596 12
    endloop
  endfacet
  facet normal 0 0 1
    outer loop
      vertex 29.8964 -31.6401 12
      vertex 34.7 -35.7 12
      vertex 30.0904 -31.7096 12
    endloop
  endfacet
  facet normal 0 0 1
    outer loop
      vertex 29.7101 -31.552 12
      vertex 34.7 -35.7 12
      vertex 29.8964 -31.6401 12
    endloop
  endfacet
  facet normal 0 0 1
    outer loop
      vertex 29.5333 -31.4461 12
      vertex 34.7 -35.7 12
      vertex 29.7101 -31.552 12
    endloop
  endfacet
  facet normal 0 0 1
    outer loop
      vertex 9.92735 -23.7 12
      vertex 34.7 -35.7 12
      vertex 29.5333 -31.4461 12
    endloop
  endfacet
  facet normal 0 0 1
    outer loop
      vertex 9.92735 -23.7 12
      vertex 29.5333 -31.4461 12
      vertex 29.3678 -31.3233 12
    endloop
  endfacet
  facet normal 0 0 1
    outer loop
      vertex 9.92735 -23.7 12
      vertex 29.3678 -31.3233 12
      vertex 29.2151 -31.1849 12
    endloop
  endfacet
  facet normal 0 0 1
    outer loop
      vertex 9.92735 -23.7 12
      vertex 29.2151 -31.1849 12
      vertex 29.0767 -31.0322 12
    endloop
  endfacet
  facet normal 0 0 1
    outer loop
      vertex 9.92735 -23.7 12
      vertex 29.0767 -31.0322 12
      vertex 28.9539 -30.8667 12
    endloop
  endfacet
  facet normal 0 0 1
    outer loop
      vertex 9.92735 -23.7 12
      vertex 28.9539 -30.8667 12
      vertex 28.848 -30.6899 12
    endloop
  endfacet
  facet normal 0 0 1
    outer loop
      vertex 9.92735 -23.7 12
      vertex 28.848 -30.6899 12
      vertex 28.7598 -30.5036 12
    endloop
  endfacet
  facet normal 0 0 1
    outer loop
      vertex 9.92735 -23.7 12
      vertex 28.7598 -30.5036 12
      vertex 28.6904 -30.3096 12
    endloop
  endfacet
  facet normal 0 0 1
    outer loop
      vertex 9.92735 -23.7 12
      vertex 28.6904 -30.3096 12
      vertex 28.6404 -30.1097 12
    endloop
  endfacet
  facet normal 0 0 1
    outer loop
      vertex 9.92735 -23.7 12
      vertex 28.6404 -30.1097 12
      vertex 28.6101 -29.9058 12
    endloop
  endfacet
  facet normal 0 0 1
    outer loop
      vertex 9.92735 -23.7 12
      vertex 28.6101 -29.9058 12
      vertex 28.6 -29.7 12
    endloop
  endfacet
  facet normal 0 0 1
    outer loop
      vertex 9.92735 -23.7 12
      vertex 28.6 -29.7 12
      vertex 28.6101 -29.4942 12
    endloop
  endfacet
  facet normal 0 0 1
    outer loop
      vertex 9.92735 -23.7 12
      vertex 28.6101 -29.4942 12
      vertex 28.6404 -29.2903 12
    endloop
  endfacet
  facet normal 0 0 1
    outer loop
      vertex 9.92735 -23.7 12
      vertex 28.6404 -29.2903 12
      vertex 28.6904 -29.0904 12
    endloop
  endfacet
  facet normal 0 0 1
    outer loop
      vertex 9.92735 -23.7 12
      vertex 28.6904 -29.0904 12
      vertex 28.7598 -28.8964 12
    endloop
  endfacet
  facet normal 0 0 1
    outer loop
      vertex 9.92735 -23.7 12
      vertex 28.7598 -28.8964 12
      vertex 28.848 -28.7101 12
    endloop
  endfacet
  facet normal 0 0 1
    outer loop
      vertex 9.92735 -23.7 12
      vertex 28.848 -28.7101 12
      vertex 28.9539 -28.5333 12
    endloop
  endfacet
  facet normal 0 0 1
    outer loop
      vertex 9.92735 -23.7 12
      vertex 28.9539 -28.5333 12
      vertex 29.0767 -28.3678 12
    endloop
  endfacet
  facet normal 0 0 1
    outer loop
      vertex 9.92735 -23.7 12
      vertex 29.0767 -28.3678 12
      vertex 29.2151 -28.2151 12
    endloop
  endfacet
  facet normal 0 0 1
    outer loop
      vertex 9.92735 -23.7 12
      vertex 29.3678 -28.0767 12
      vertex 29.5333 -27.9539 12
    endloop
  endfacet
  facet normal 0 0 1
    outer loop
      vertex 9.92735 -23.7 12
      vertex 29.2151 -28.2151 12
      vertex 29.3678 -28.0767 12
    endloop
  endfacet
  facet normal 0 -0 1
    outer loop
      vertex 29.7101 -27.848 12
      vertex 34.7 -23.7 12
      vertex 9.92735 -23.7 12
    endloop
  endfacet
  facet normal 0 -0 1
    outer loop
      vertex 29.8964 -27.7598 12
      vertex 34.7 -23.7 12
      vertex 29.7101 -27.848 12
    endloop
  endfacet
  facet normal 0 -0 1
    outer loop
      vertex 30.0904 -27.6904 12
      vertex 34.7 -23.7 12
      vertex 29.8964 -27.7598 12
    endloop
  endfacet
  facet normal 0 -0 1
    outer loop
      vertex 30.2903 -27.6404 12
      vertex 34.7 -23.7 12
      vertex 30.0904 -27.6904 12
    endloop
  endfacet
  facet normal 0 -0 1
    outer loop
      vertex 30.4942 -27.6101 12
      vertex 34.7 -23.7 12
      vertex 30.2903 -27.6404 12
    endloop
  endfacet
  facet normal 0 -0 1
    outer loop
      vertex 30.7 -27.6 12
      vertex 34.7 -23.7 12
      vertex 30.4942 -27.6101 12
    endloop
  endfacet
  facet normal 0 -0 1
    outer loop
      vertex 30.9058 -27.6101 12
      vertex 34.7 -23.7 12
      vertex 30.7 -27.6 12
    endloop
  endfacet
  facet normal 0 -0 1
    outer loop
      vertex 31.1097 -27.6404 12
      vertex 34.7 -23.7 12
      vertex 30.9058 -27.6101 12
    endloop
  endfacet
  facet normal 0 -0 1
    outer loop
      vertex 31.3096 -27.6904 12
      vertex 34.7 -23.7 12
      vertex 31.1097 -27.6404 12
    endloop
  endfacet
  facet normal 0 -0 1
    outer loop
      vertex 31.5036 -27.7598 12
      vertex 34.7 -23.7 12
      vertex 31.3096 -27.6904 12
    endloop
  endfacet
  facet normal 0 -0 1
    outer loop
      vertex 31.6899 -27.848 12
      vertex 34.7 -23.7 12
      vertex 31.5036 -27.7598 12
    endloop
  endfacet
  facet normal 0 -0 1
    outer loop
      vertex 31.8667 -27.9539 12
      vertex 34.7 -23.7 12
      vertex 31.6899 -27.848 12
    endloop
  endfacet
  facet normal 0 -0 1
    outer loop
      vertex 32.0322 -28.0767 12
      vertex 34.7 -23.7 12
      vertex 31.8667 -27.9539 12
    endloop
  endfacet
  facet normal 0 0 1
    outer loop
      vertex 32.3233 -28.3678 12
      vertex 37.6855 -26.4059 12
      vertex 37.6423 -26.1147 12
    endloop
  endfacet
  facet normal 0 -0 1
    outer loop
      vertex 32.1849 -28.2151 12
      vertex 34.7 -23.7 12
      vertex 32.0322 -28.0767 12
    endloop
  endfacet
  facet normal -0 0 1
    outer loop
      vertex 32.3233 -28.3678 12
      vertex 32.4461 -28.5333 12
      vertex 37.6855 -26.4059 12
    endloop
  endfacet
  facet normal 0 0 1
    outer loop
      vertex 32.4461 -28.5333 12
      vertex 37.7 -26.7 12
      vertex 37.6855 -26.4059 12
    endloop
  endfacet
  facet normal 0 -0 1
    outer loop
      vertex 32.552 -28.7101 12
      vertex 37.7 -26.7 12
      vertex 32.4461 -28.5333 12
    endloop
  endfacet
  facet normal 0 -0 1
    outer loop
      vertex 32.6401 -28.8964 12
      vertex 37.7 -26.7 12
      vertex 32.552 -28.7101 12
    endloop
  endfacet
  facet normal 0 -0 1
    outer loop
      vertex 32.7096 -29.0904 12
      vertex 37.7 -26.7 12
      vertex 32.6401 -28.8964 12
    endloop
  endfacet
  facet normal 0 -0 1
    outer loop
      vertex 32.7596 -29.2903 12
      vertex 37.7 -26.7 12
      vertex 32.7096 -29.0904 12
    endloop
  endfacet
  facet normal -0 0 1
    outer loop
      vertex 32.7899 -29.4942 12
      vertex 32.8 -29.7 12
      vertex 37.7 -26.7 12
    endloop
  endfacet
  facet normal -0 0 1
    outer loop
      vertex 32.8 -29.7 12
      vertex 37.7 -32.7 12
      vertex 37.7 -26.7 12
    endloop
  endfacet
  facet normal -0 0 1
    outer loop
      vertex 32.7899 -29.9058 12
      vertex 37.7 -32.7 12
      vertex 32.8 -29.7 12
    endloop
  endfacet
  facet normal -0 0 1
    outer loop
      vertex 32.7596 -30.1097 12
      vertex 37.7 -32.7 12
      vertex 32.7899 -29.9058 12
    endloop
  endfacet
  facet normal -0 0 1
    outer loop
      vertex 32.7096 -30.3096 12
      vertex 37.7 -32.7 12
      vertex 32.7596 -30.1097 12
    endloop
  endfacet
  facet normal -0 0 1
    outer loop
      vertex 32.6401 -30.5036 12
      vertex 37.7 -32.7 12
      vertex 32.7096 -30.3096 12
    endloop
  endfacet
  facet normal -0 0 1
    outer loop
      vertex 32.552 -30.6899 12
      vertex 37.7 -32.7 12
      vertex 32.6401 -30.5036 12
    endloop
  endfacet
  facet normal 0 0 1
    outer loop
      vertex 35.5708 -35.5708 12
      vertex 32.3233 -31.0322 12
      vertex 35.2853 -35.6423 12
    endloop
  endfacet
  facet normal 0 0 1
    outer loop
      vertex 32.3233 -31.0322 12
      vertex 34.994 -35.6855 12
      vertex 35.2853 -35.6423 12
    endloop
  endfacet
  facet normal 0 -0 1
    outer loop
      vertex 34.7 -35.7 12
      vertex 34.994 -35.6855 12
      vertex 32.3233 -31.0322 12
    endloop
  endfacet
  facet normal 0 0 1
    outer loop
      vertex 34.7 -35.7 12
      vertex 32.3233 -31.0322 12
      vertex 32.1849 -31.1849 12
    endloop
  endfacet
  facet normal 0 0 1
    outer loop
      vertex 34.7 -35.7 12
      vertex 32.1849 -31.1849 12
      vertex 32.0322 -31.3233 12
    endloop
  endfacet
  facet normal 0 0 1
    outer loop
      vertex 34.7 -35.7 12
      vertex 32.0322 -31.3233 12
      vertex 31.8667 -31.4461 12
    endloop
  endfacet
  facet normal 0 0 1
    outer loop
      vertex 34.7 -35.7 12
      vertex 31.8667 -31.4461 12
      vertex 31.6899 -31.552 12
    endloop
  endfacet
  facet normal 0 0 1
    outer loop
      vertex 34.7 -35.7 12
      vertex 31.6899 -31.552 12
      vertex 31.5036 -31.6401 12
    endloop
  endfacet
  facet normal 0 0 1
    outer loop
      vertex 34.7 -35.7 12
      vertex 31.5036 -31.6401 12
      vertex 31.3096 -31.7096 12
    endloop
  endfacet
  facet normal 0 0 1
    outer loop
      vertex 34.7 -35.7 12
      vertex 31.3096 -31.7096 12
      vertex 31.1097 -31.7596 12
    endloop
  endfacet
  facet normal 0 0 1
    outer loop
      vertex 34.7 -35.7 12
      vertex 30.9058 -31.7899 12
      vertex 30.7 -31.8 12
    endloop
  endfacet
  facet normal 0 0 1
    outer loop
      vertex 34.7 -35.7 12
      vertex 31.1097 -31.7596 12
      vertex 30.9058 -31.7899 12
    endloop
  endfacet
  facet normal 0.146696 -0.989182 0
    outer loop
      vertex 35.2853 -35.6423 0
      vertex 34.994 -35.6855 12
      vertex 34.994 -35.6855 0
    endloop
  endfacet
  facet normal 0.146696 -0.989182 0
    outer loop
      vertex 35.2853 -35.6423 0
      vertex 35.2853 -35.6423 12
      vertex 34.994 -35.6855 12
    endloop
  endfacet
  facet normal 0.242935 -0.970042 0
    outer loop
      vertex 35.5708 -35.5708 0
      vertex 35.2853 -35.6423 12
      vertex 35.2853 -35.6423 0
    endloop
  endfacet
  facet normal 0.242935 -0.970042 0
    outer loop
      vertex 35.5708 -35.5708 0
      vertex 35.5708 -35.5708 12
      vertex 35.2853 -35.6423 12
    endloop
  endfacet
  facet normal 0.336831 -0.941565 0
    outer loop
      vertex 35.8481 -35.4716 0
      vertex 35.5708 -35.5708 12
      vertex 35.5708 -35.5708 0
    endloop
  endfacet
  facet normal 0.336831 -0.941565 0
    outer loop
      vertex 35.8481 -35.4716 0
      vertex 35.8481 -35.4716 12
      vertex 35.5708 -35.5708 12
    endloop
  endfacet
  facet normal 0.4274 -0.904063 0
    outer loop
      vertex 36.1142 -35.3458 0
      vertex 35.8481 -35.4716 12
      vertex 35.8481 -35.4716 0
    endloop
  endfacet
  facet normal 0.4274 -0.904063 0
    outer loop
      vertex 36.1142 -35.3458 0
      vertex 36.1142 -35.3458 12
      vertex 35.8481 -35.4716 12
    endloop
  endfacet
  facet normal 0.514246 -0.857643 0
    outer loop
      vertex 36.3667 -35.1944 0
      vertex 36.1142 -35.3458 12
      vertex 36.1142 -35.3458 0
    endloop
  endfacet
  facet normal 0.514246 -0.857643 0
    outer loop
      vertex 36.3667 -35.1944 0
      vertex 36.3667 -35.1944 12
      vertex 36.1142 -35.3458 12
    endloop
  endfacet
  facet normal 0.595699 -0.803208 0
    outer loop
      vertex 36.6032 -35.019 0
      vertex 36.3667 -35.1944 12
      vertex 36.3667 -35.1944 0
    endloop
  endfacet
  facet normal 0.595699 -0.803208 0
    outer loop
      vertex 36.6032 -35.019 0
      vertex 36.6032 -35.019 12
      vertex 36.3667 -35.1944 12
    endloop
  endfacet
  facet normal 0.671607 -0.740908 0
    outer loop
      vertex 36.8213 -34.8213 0
      vertex 36.6032 -35.019 12
      vertex 36.6032 -35.019 0
    endloop
  endfacet
  facet normal 0.671607 -0.740908 0
    outer loop
      vertex 36.8213 -34.8213 0
      vertex 36.8213 -34.8213 12
      vertex 36.6032 -35.019 12
    endloop
  endfacet
  facet normal 0.740908 -0.671607 0
    outer loop
      vertex 37.019 -34.6032 0
      vertex 36.8213 -34.8213 12
      vertex 36.8213 -34.8213 0
    endloop
  endfacet
  facet normal 0.740908 -0.671607 0
    outer loop
      vertex 37.019 -34.6032 0
      vertex 37.019 -34.6032 12
      vertex 36.8213 -34.8213 12
    endloop
  endfacet
  facet normal 0.803208 -0.595699 0
    outer loop
      vertex 37.1944 -34.3667 0
      vertex 37.019 -34.6032 12
      vertex 37.019 -34.6032 0
    endloop
  endfacet
  facet normal 0.803208 -0.595699 0
    outer loop
      vertex 37.1944 -34.3667 0
      vertex 37.1944 -34.3667 12
      vertex 37.019 -34.6032 12
    endloop
  endfacet
  facet normal 0.857643 -0.514246 0
    outer loop
      vertex 37.3458 -34.1142 0
      vertex 37.1944 -34.3667 12
      vertex 37.1944 -34.3667 0
    endloop
  endfacet
  facet normal 0.857643 -0.514246 0
    outer loop
      vertex 37.3458 -34.1142 0
      vertex 37.3458 -34.1142 12
      vertex 37.1944 -34.3667 12
    endloop
  endfacet
  facet normal 0.904063 -0.4274 0
    outer loop
      vertex 37.4716 -33.8481 0
      vertex 37.3458 -34.1142 12
      vertex 37.3458 -34.1142 0
    endloop
  endfacet
  facet normal 0.904063 -0.4274 0
    outer loop
      vertex 37.4716 -33.8481 0
      vertex 37.4716 -33.8481 12
      vertex 37.3458 -34.1142 12
    endloop
  endfacet
  facet normal 0.941565 -0.336831 0
    outer loop
      vertex 37.5708 -33.5708 0
      vertex 37.4716 -33.8481 12
      vertex 37.4716 -33.8481 0
    endloop
  endfacet
  facet normal 0.941565 -0.336831 0
    outer loop
      vertex 37.5708 -33.5708 0
      vertex 37.5708 -33.5708 12
      vertex 37.4716 -33.8481 12
    endloop
  endfacet
  facet normal 0.970042 -0.242935 0
    outer loop
      vertex 37.6423 -33.2853 0
      vertex 37.5708 -33.5708 12
      vertex 37.5708 -33.5708 0
    endloop
  endfacet
  facet normal 0.970042 -0.242935 0
    outer loop
      vertex 37.6423 -33.2853 0
      vertex 37.6423 -33.2853 12
      vertex 37.5708 -33.5708 12
    endloop
  endfacet
  facet normal 0.989182 -0.146696 0
    outer loop
      vertex 37.6855 -32.994 0
      vertex 37.6423 -33.2853 12
      vertex 37.6423 -33.2853 0
    endloop
  endfacet
  facet normal 0.989182 -0.146696 0
    outer loop
      vertex 37.6855 -32.994 0
      vertex 37.6855 -32.994 12
      vertex 37.6423 -33.2853 12
    endloop
  endfacet
  facet normal 0.998786 -0.0492599 0
    outer loop
      vertex 37.7 -32.7 0
      vertex 37.6855 -32.994 12
      vertex 37.6855 -32.994 0
    endloop
  endfacet
  facet normal 0.998786 -0.0492599 0
    outer loop
      vertex 37.7 -32.7 0
      vertex 37.7 -32.7 12
      vertex 37.6855 -32.994 12
    endloop
  endfacet
  facet normal 1 0 0
    outer loop
      vertex 37.7 -26.7 0
      vertex 37.7 -32.7 12
      vertex 37.7 -32.7 0
    endloop
  endfacet
  facet normal 1 0 -0
    outer loop
      vertex 37.7 -26.7 0
      vertex 37.7 -26.7 12
      vertex 37.7 -32.7 12
    endloop
  endfacet
  facet normal 0.998787 0.0492431 0
    outer loop
      vertex 37.6855 -26.4059 0
      vertex 37.7 -26.7 12
      vertex 37.7 -26.7 0
    endloop
  endfacet
  facet normal 0.998787 0.0492431 -0
    outer loop
      vertex 37.6855 -26.4059 0
      vertex 37.6855 -26.4059 12
      vertex 37.7 -26.7 12
    endloop
  endfacet
  facet normal 0.989174 0.146746 0
    outer loop
      vertex 37.6423 -26.1147 0
      vertex 37.6855 -26.4059 12
      vertex 37.6855 -26.4059 0
    endloop
  endfacet
  facet normal 0.989174 0.146746 -0
    outer loop
      vertex 37.6423 -26.1147 0
      vertex 37.6423 -26.1147 12
      vertex 37.6855 -26.4059 12
    endloop
  endfacet
  facet normal 0.970063 0.242855 0
    outer loop
      vertex 37.5708 -25.8291 0
      vertex 37.6423 -26.1147 12
      vertex 37.6423 -26.1147 0
    endloop
  endfacet
  facet normal 0.970063 0.242855 -0
    outer loop
      vertex 37.5708 -25.8291 0
      vertex 37.5708 -25.8291 12
      vertex 37.6423 -26.1147 12
    endloop
  endfacet
  facet normal 0.941527 0.336939 0
    outer loop
      vertex 37.4716 -25.5519 0
      vertex 37.5708 -25.8291 12
      vertex 37.5708 -25.8291 0
    endloop
  endfacet
  facet normal 0.941527 0.336939 -0
    outer loop
      vertex 37.4716 -25.5519 0
      vertex 37.4716 -25.5519 12
      vertex 37.5708 -25.8291 12
    endloop
  endfacet
  facet normal 0.904063 0.4274 0
    outer loop
      vertex 37.3458 -25.2858 0
      vertex 37.4716 -25.5519 12
      vertex 37.4716 -25.5519 0
    endloop
  endfacet
  facet normal 0.904063 0.4274 -0
    outer loop
      vertex 37.3458 -25.2858 0
      vertex 37.3458 -25.2858 12
      vertex 37.4716 -25.5519 12
    endloop
  endfacet
  facet normal 0.857643 0.514246 0
    outer loop
      vertex 37.1944 -25.0333 0
      vertex 37.3458 -25.2858 12
      vertex 37.3458 -25.2858 0
    endloop
  endfacet
  facet normal 0.857643 0.514246 -0
    outer loop
      vertex 37.1944 -25.0333 0
      vertex 37.1944 -25.0333 12
      vertex 37.3458 -25.2858 12
    endloop
  endfacet
  facet normal 0.803208 0.595699 0
    outer loop
      vertex 37.019 -24.7968 0
      vertex 37.1944 -25.0333 12
      vertex 37.1944 -25.0333 0
    endloop
  endfacet
  facet normal 0.803208 0.595699 -0
    outer loop
      vertex 37.019 -24.7968 0
      vertex 37.019 -24.7968 12
      vertex 37.1944 -25.0333 12
    endloop
  endfacet
  facet normal 0.740908 0.671607 0
    outer loop
      vertex 36.8213 -24.5787 0
      vertex 37.019 -24.7968 12
      vertex 37.019 -24.7968 0
    endloop
  endfacet
  facet normal 0.740908 0.671607 -0
    outer loop
      vertex 36.8213 -24.5787 0
      vertex 36.8213 -24.5787 12
      vertex 37.019 -24.7968 12
    endloop
  endfacet
  facet normal 0.671607 0.740908 0
    outer loop
      vertex 36.6032 -24.381 0
      vertex 36.8213 -24.5787 12
      vertex 36.8213 -24.5787 0
    endloop
  endfacet
  facet normal 0.671607 0.740908 -0
    outer loop
      vertex 36.6032 -24.381 0
      vertex 36.6032 -24.381 12
      vertex 36.8213 -24.5787 12
    endloop
  endfacet
  facet normal 0.595699 0.803208 0
    outer loop
      vertex 36.3667 -24.2056 0
      vertex 36.6032 -24.381 12
      vertex 36.6032 -24.381 0
    endloop
  endfacet
  facet normal 0.595699 0.803208 -0
    outer loop
      vertex 36.3667 -24.2056 0
      vertex 36.3667 -24.2056 12
      vertex 36.6032 -24.381 12
    endloop
  endfacet
  facet normal 0.514246 0.857643 0
    outer loop
      vertex 36.1142 -24.0542 0
      vertex 36.3667 -24.2056 12
      vertex 36.3667 -24.2056 0
    endloop
  endfacet
  facet normal 0.514246 0.857643 -0
    outer loop
      vertex 36.1142 -24.0542 0
      vertex 36.1142 -24.0542 12
      vertex 36.3667 -24.2056 12
    endloop
  endfacet
  facet normal 0.4274 0.904063 0
    outer loop
      vertex 35.8481 -23.9284 0
      vertex 36.1142 -24.0542 12
      vertex 36.1142 -24.0542 0
    endloop
  endfacet
  facet normal 0.4274 0.904063 -0
    outer loop
      vertex 35.8481 -23.9284 0
      vertex 35.8481 -23.9284 12
      vertex 36.1142 -24.0542 12
    endloop
  endfacet
  facet normal 0.336831 0.941565 0
    outer loop
      vertex 35.5708 -23.8292 0
      vertex 35.8481 -23.9284 12
      vertex 35.8481 -23.9284 0
    endloop
  endfacet
  facet normal 0.336831 0.941565 -0
    outer loop
      vertex 35.5708 -23.8292 0
      vertex 35.5708 -23.8292 12
      vertex 35.8481 -23.9284 12
    endloop
  endfacet
  facet normal 0.243255 0.969962 0
    outer loop
      vertex 35.2853 -23.7576 0
      vertex 35.5708 -23.8292 12
      vertex 35.5708 -23.8292 0
    endloop
  endfacet
  facet normal 0.243255 0.969962 -0
    outer loop
      vertex 35.2853 -23.7576 0
      vertex 35.2853 -23.7576 12
      vertex 35.5708 -23.8292 12
    endloop
  endfacet
  facet normal 0.146696 0.989182 0
    outer loop
      vertex 34.994 -23.7144 0
      vertex 35.2853 -23.7576 12
      vertex 35.2853 -23.7576 0
    endloop
  endfacet
  facet normal 0.146696 0.989182 -0
    outer loop
      vertex 34.994 -23.7144 0
      vertex 34.994 -23.7144 12
      vertex 35.2853 -23.7576 12
    endloop
  endfacet
  facet normal 0.0489209 0.998803 0
    outer loop
      vertex 34.7 -23.7 0
      vertex 34.994 -23.7144 12
      vertex 34.994 -23.7144 0
    endloop
  endfacet
  facet normal 0.0489209 0.998803 -0
    outer loop
      vertex 34.7 -23.7 0
      vertex 34.7 -23.7 12
      vertex 34.994 -23.7144 12
    endloop
  endfacet
  facet normal 0 1 0
    outer loop
      vertex 9.92735 -23.7 0
      vertex 34.7 -23.7 12
      vertex 34.7 -23.7 0
    endloop
  endfacet
  facet normal 0 1 0
    outer loop
      vertex 9.92735 -23.7 0
      vertex 9.92735 -23.7 12
      vertex 34.7 -23.7 12
    endloop
  endfacet
  facet normal 0.427544 -0.903995 0
    outer loop
      vertex 12.1149 -22.6654 0
      vertex 9.92735 -23.7 12
      vertex 9.92735 -23.7 0
    endloop
  endfacet
  facet normal 0.427544 -0.903995 0
    outer loop
      vertex 12.1149 -22.6654 0
      vertex 12.1149 -22.6654 12
      vertex 9.92735 -23.7 12
    endloop
  endfacet
  facet normal 0.514093 -0.857734 0
    outer loop
      vertex 14.2782 -21.3688 0
      vertex 12.1149 -22.6654 12
      vertex 12.1149 -22.6654 0
    endloop
  endfacet
  facet normal 0.514093 -0.857734 0
    outer loop
      vertex 14.2782 -21.3688 0
      vertex 14.2782 -21.3688 12
      vertex 12.1149 -22.6654 12
    endloop
  endfacet
  facet normal 0.595709 -0.8032 0
    outer loop
      vertex 16.3039 -19.8664 0
      vertex 14.2782 -21.3688 12
      vertex 14.2782 -21.3688 0
    endloop
  endfacet
  facet normal 0.595709 -0.8032 0
    outer loop
      vertex 16.3039 -19.8664 0
      vertex 16.3039 -19.8664 12
      vertex 14.2782 -21.3688 12
    endloop
  endfacet
  facet normal 0.671583 -0.74093 0
    outer loop
      vertex 18.1726 -18.1726 0
      vertex 16.3039 -19.8664 12
      vertex 16.3039 -19.8664 0
    endloop
  endfacet
  facet normal 0.671583 -0.74093 0
    outer loop
      vertex 18.1726 -18.1726 0
      vertex 18.1726 -18.1726 12
      vertex 16.3039 -19.8664 12
    endloop
  endfacet
  facet normal 0.74093 -0.671583 0
    outer loop
      vertex 19.8664 -16.3039 0
      vertex 18.1726 -18.1726 12
      vertex 18.1726 -18.1726 0
    endloop
  endfacet
  facet normal 0.74093 -0.671583 0
    outer loop
      vertex 19.8664 -16.3039 0
      vertex 19.8664 -16.3039 12
      vertex 18.1726 -18.1726 12
    endloop
  endfacet
  facet normal 0.8032 -0.595709 0
    outer loop
      vertex 21.3688 -14.2782 0
      vertex 19.8664 -16.3039 12
      vertex 19.8664 -16.3039 0
    endloop
  endfacet
  facet normal 0.8032 -0.595709 0
    outer loop
      vertex 21.3688 -14.2782 0
      vertex 21.3688 -14.2782 12
      vertex 19.8664 -16.3039 12
    endloop
  endfacet
  facet normal 0.857734 -0.514093 0
    outer loop
      vertex 22.6654 -12.1149 0
      vertex 21.3688 -14.2782 12
      vertex 21.3688 -14.2782 0
    endloop
  endfacet
  facet normal 0.857734 -0.514093 0
    outer loop
      vertex 22.6654 -12.1149 0
      vertex 22.6654 -12.1149 12
      vertex 21.3688 -14.2782 12
    endloop
  endfacet
  facet normal 0.903994 -0.427545 0
    outer loop
      vertex 23.7437 -9.83496 0
      vertex 22.6654 -12.1149 12
      vertex 22.6654 -12.1149 0
    endloop
  endfacet
  facet normal 0.903994 -0.427545 0
    outer loop
      vertex 23.7437 -9.83496 0
      vertex 23.7437 -9.83496 12
      vertex 22.6654 -12.1149 12
    endloop
  endfacet
  facet normal 0.941539 -0.336903 0
    outer loop
      vertex 24.5934 -7.46031 0
      vertex 23.7437 -9.83496 12
      vertex 23.7437 -9.83496 0
    endloop
  endfacet
  facet normal 0.941539 -0.336903 0
    outer loop
      vertex 24.5934 -7.46031 0
      vertex 24.5934 -7.46031 12
      vertex 23.7437 -9.83496 12
    endloop
  endfacet
  facet normal 0.970033 -0.242974 0
    outer loop
      vertex 25.2062 -5.01381 0
      vertex 24.5934 -7.46031 12
      vertex 24.5934 -7.46031 0
    endloop
  endfacet
  facet normal 0.970033 -0.242974 0
    outer loop
      vertex 25.2062 -5.01381 0
      vertex 25.2062 -5.01381 12
      vertex 24.5934 -7.46031 12
    endloop
  endfacet
  facet normal 0.98918 -0.146705 0
    outer loop
      vertex 25.5762 -2.51903 0
      vertex 25.2062 -5.01381 12
      vertex 25.2062 -5.01381 0
    endloop
  endfacet
  facet normal 0.98918 -0.146705 0
    outer loop
      vertex 25.5762 -2.51903 0
      vertex 25.5762 -2.51903 12
      vertex 25.2062 -5.01381 12
    endloop
  endfacet
  facet normal 0.998795 -0.0490867 0
    outer loop
      vertex 25.7 0 0
      vertex 25.5762 -2.51903 12
      vertex 25.5762 -2.51903 0
    endloop
  endfacet
  facet normal 0.998795 -0.0490867 0
    outer loop
      vertex 25.7 0 0
      vertex 25.7 0 12
      vertex 25.5762 -2.51903 12
    endloop
  endfacet
  facet normal 0.998795 0.0490867 0
    outer loop
      vertex 25.5762 2.51903 0
      vertex 25.7 0 12
      vertex 25.7 0 0
    endloop
  endfacet
  facet normal 0.998795 0.0490867 -0
    outer loop
      vertex 25.5762 2.51903 0
      vertex 25.5762 2.51903 12
      vertex 25.7 0 12
    endloop
  endfacet
  facet normal 0.98918 0.146705 0
    outer loop
      vertex 25.2062 5.01381 0
      vertex 25.5762 2.51903 12
      vertex 25.5762 2.51903 0
    endloop
  endfacet
  facet normal 0.98918 0.146705 -0
    outer loop
      vertex 25.2062 5.01381 0
      vertex 25.2062 5.01381 12
      vertex 25.5762 2.51903 12
    endloop
  endfacet
  facet normal 0.970033 0.242974 0
    outer loop
      vertex 24.5934 7.46031 0
      vertex 25.2062 5.01381 12
      vertex 25.2062 5.01381 0
    endloop
  endfacet
  facet normal 0.970033 0.242974 -0
    outer loop
      vertex 24.5934 7.46031 0
      vertex 24.5934 7.46031 12
      vertex 25.2062 5.01381 12
    endloop
  endfacet
  facet normal 0.941539 0.336903 0
    outer loop
      vertex 23.7437 9.83496 0
      vertex 24.5934 7.46031 12
      vertex 24.5934 7.46031 0
    endloop
  endfacet
  facet normal 0.941539 0.336903 -0
    outer loop
      vertex 23.7437 9.83496 0
      vertex 23.7437 9.83496 12
      vertex 24.5934 7.46031 12
    endloop
  endfacet
  facet normal 0.903994 0.427545 0
    outer loop
      vertex 22.6654 12.1149 0
      vertex 23.7437 9.83496 12
      vertex 23.7437 9.83496 0
    endloop
  endfacet
  facet normal 0.903994 0.427545 -0
    outer loop
      vertex 22.6654 12.1149 0
      vertex 22.6654 12.1149 12
      vertex 23.7437 9.83496 12
    endloop
  endfacet
  facet normal 0.857734 0.514093 0
    outer loop
      vertex 21.3688 14.2782 0
      vertex 22.6654 12.1149 12
      vertex 22.6654 12.1149 0
    endloop
  endfacet
  facet normal 0.857734 0.514093 -0
    outer loop
      vertex 21.3688 14.2782 0
      vertex 21.3688 14.2782 12
      vertex 22.6654 12.1149 12
    endloop
  endfacet
  facet normal 0.8032 0.595709 0
    outer loop
      vertex 19.8664 16.3039 0
      vertex 21.3688 14.2782 12
      vertex 21.3688 14.2782 0
    endloop
  endfacet
  facet normal 0.8032 0.595709 -0
    outer loop
      vertex 19.8664 16.3039 0
      vertex 19.8664 16.3039 12
      vertex 21.3688 14.2782 12
    endloop
  endfacet
  facet normal 0.74093 0.671583 0
    outer loop
      vertex 18.1726 18.1726 0
      vertex 19.8664 16.3039 12
      vertex 19.8664 16.3039 0
    endloop
  endfacet
  facet normal 0.74093 0.671583 -0
    outer loop
      vertex 18.1726 18.1726 0
      vertex 18.1726 18.1726 12
      vertex 19.8664 16.3039 12
    endloop
  endfacet
  facet normal 0.671583 0.74093 0
    outer loop
      vertex 16.3039 19.8664 0
      vertex 18.1726 18.1726 12
      vertex 18.1726 18.1726 0
    endloop
  endfacet
  facet normal 0.671583 0.74093 -0
    outer loop
      vertex 16.3039 19.8664 0
      vertex 16.3039 19.8664 12
      vertex 18.1726 18.1726 12
    endloop
  endfacet
  facet normal 0.595709 0.8032 0
    outer loop
      vertex 14.2782 21.3688 0
      vertex 16.3039 19.8664 12
      vertex 16.3039 19.8664 0
    endloop
  endfacet
  facet normal 0.595709 0.8032 -0
    outer loop
      vertex 14.2782 21.3688 0
      vertex 14.2782 21.3688 12
      vertex 16.3039 19.8664 12
    endloop
  endfacet
  facet normal 0.514093 0.857734 0
    outer loop
      vertex 12.1149 22.6654 0
      vertex 14.2782 21.3688 12
      vertex 14.2782 21.3688 0
    endloop
  endfacet
  facet normal 0.514093 0.857734 -0
    outer loop
      vertex 12.1149 22.6654 0
      vertex 12.1149 22.6654 12
      vertex 14.2782 21.3688 12
    endloop
  endfacet
  facet normal 0.42755 0.903992 0
    outer loop
      vertex 11 23.1927 0
      vertex 12.1149 22.6654 12
      vertex 12.1149 22.6654 0
    endloop
  endfacet
  facet normal 0.42755 0.903992 -0
    outer loop
      vertex 11 23.1927 0
      vertex 11 23.1927 12
      vertex 12.1149 22.6654 12
    endloop
  endfacet
  facet normal -1 0 0
    outer loop
      vertex 11 19.6073 0
      vertex 11 23.1927 12
      vertex 11 23.1927 0
    endloop
  endfacet
  facet normal -1 0 0
    outer loop
      vertex 11 19.6073 0
      vertex 11 19.6073 12
      vertex 11 23.1927 12
    endloop
  endfacet
  facet normal -0.514084 -0.85774 0
    outer loop
      vertex 12.5003 18.7081 0
      vertex 11 19.6073 12
      vertex 11 19.6073 0
    endloop
  endfacet
  facet normal -0.514084 -0.85774 0
    outer loop
      vertex 12.5003 18.7081 0
      vertex 12.5003 18.7081 12
      vertex 11 19.6073 12
    endloop
  endfacet
  facet normal -0.595723 -0.80319 0
    outer loop
      vertex 14.2738 17.3927 0
      vertex 12.5003 18.7081 12
      vertex 12.5003 18.7081 0
    endloop
  endfacet
  facet normal -0.595723 -0.80319 0
    outer loop
      vertex 14.2738 17.3927 0
      vertex 14.2738 17.3927 12
      vertex 12.5003 18.7081 12
    endloop
  endfacet
  facet normal -0.67154 -0.740968 0
    outer loop
      vertex 15.9099 15.9099 0
      vertex 14.2738 17.3927 12
      vertex 14.2738 17.3927 0
    endloop
  endfacet
  facet normal -0.67154 -0.740968 0
    outer loop
      vertex 15.9099 15.9099 0
      vertex 15.9099 15.9099 12
      vertex 14.2738 17.3927 12
    endloop
  endfacet
  facet normal -0.740968 -0.67154 0
    outer loop
      vertex 17.3927 14.2738 0
      vertex 15.9099 15.9099 12
      vertex 15.9099 15.9099 0
    endloop
  endfacet
  facet normal -0.740968 -0.67154 0
    outer loop
      vertex 17.3927 14.2738 0
      vertex 17.3927 14.2738 12
      vertex 15.9099 15.9099 12
    endloop
  endfacet
  facet normal -0.80319 -0.595723 0
    outer loop
      vertex 18.7081 12.5003 0
      vertex 17.3927 14.2738 12
      vertex 17.3927 14.2738 0
    endloop
  endfacet
  facet normal -0.80319 -0.595723 0
    outer loop
      vertex 18.7081 12.5003 0
      vertex 18.7081 12.5003 12
      vertex 17.3927 14.2738 12
    endloop
  endfacet
  facet normal -0.857741 -0.514083 0
    outer loop
      vertex 19.8432 10.6064 0
      vertex 18.7081 12.5003 12
      vertex 18.7081 12.5003 0
    endloop
  endfacet
  facet normal -0.857741 -0.514083 0
    outer loop
      vertex 19.8432 10.6064 0
      vertex 19.8432 10.6064 12
      vertex 18.7081 12.5003 12
    endloop
  endfacet
  facet normal -0.903981 -0.427573 0
    outer loop
      vertex 20.7873 8.61037 0
      vertex 19.8432 10.6064 12
      vertex 19.8432 10.6064 0
    endloop
  endfacet
  facet normal -0.903981 -0.427573 0
    outer loop
      vertex 20.7873 8.61037 0
      vertex 20.7873 8.61037 12
      vertex 19.8432 10.6064 12
    endloop
  endfacet
  facet normal -0.941554 -0.336863 0
    outer loop
      vertex 21.5311 6.5314 0
      vertex 20.7873 8.61037 12
      vertex 20.7873 8.61037 0
    endloop
  endfacet
  facet normal -0.941554 -0.336863 0
    outer loop
      vertex 21.5311 6.5314 0
      vertex 21.5311 6.5314 12
      vertex 20.7873 8.61037 12
    endloop
  endfacet
  facet normal -0.970022 -0.243018 0
    outer loop
      vertex 22.0677 4.38953 0
      vertex 21.5311 6.5314 12
      vertex 21.5311 6.5314 0
    endloop
  endfacet
  facet normal -0.970022 -0.243018 0
    outer loop
      vertex 22.0677 4.38953 0
      vertex 22.0677 4.38953 12
      vertex 21.5311 6.5314 12
    endloop
  endfacet
  facet normal -0.989182 -0.146691 0
    outer loop
      vertex 22.3916 2.20538 0
      vertex 22.0677 4.38953 12
      vertex 22.0677 4.38953 0
    endloop
  endfacet
  facet normal -0.989182 -0.146691 0
    outer loop
      vertex 22.3916 2.20538 0
      vertex 22.3916 2.20538 12
      vertex 22.0677 4.38953 12
    endloop
  endfacet
  facet normal -0.998794 -0.0490933 0
    outer loop
      vertex 22.5 0 0
      vertex 22.3916 2.20538 12
      vertex 22.3916 2.20538 0
    endloop
  endfacet
  facet normal -0.998794 -0.0490933 0
    outer loop
      vertex 22.5 0 0
      vertex 22.5 0 12
      vertex 22.3916 2.20538 12
    endloop
  endfacet
  facet normal -0.998794 0.0490933 0
    outer loop
      vertex 22.3916 -2.20538 0
      vertex 22.5 0 12
      vertex 22.5 0 0
    endloop
  endfacet
  facet normal -0.998794 0.0490933 0
    outer loop
      vertex 22.3916 -2.20538 0
      vertex 22.3916 -2.20538 12
      vertex 22.5 0 12
    endloop
  endfacet
  facet normal -0.989182 0.146691 0
    outer loop
      vertex 22.0677 -4.38953 0
      vertex 22.3916 -2.20538 12
      vertex 22.3916 -2.20538 0
    endloop
  endfacet
  facet normal -0.989182 0.146691 0
    outer loop
      vertex 22.0677 -4.38953 0
      vertex 22.0677 -4.38953 12
      vertex 22.3916 -2.20538 12
    endloop
  endfacet
  facet normal -0.970022 0.243018 0
    outer loop
      vertex 21.5311 -6.5314 0
      vertex 22.0677 -4.38953 12
      vertex 22.0677 -4.38953 0
    endloop
  endfacet
  facet normal -0.970022 0.243018 0
    outer loop
      vertex 21.5311 -6.5314 0
      vertex 21.5311 -6.5314 12
      vertex 22.0677 -4.38953 12
    endloop
  endfacet
  facet normal -0.941554 0.336863 0
    outer loop
      vertex 20.7873 -8.61037 0
      vertex 21.5311 -6.5314 12
      vertex 21.5311 -6.5314 0
    endloop
  endfacet
  facet normal -0.941554 0.336863 0
    outer loop
      vertex 20.7873 -8.61037 0
      vertex 20.7873 -8.61037 12
      vertex 21.5311 -6.5314 12
    endloop
  endfacet
  facet normal -0.903981 0.427573 0
    outer loop
      vertex 19.8432 -10.6064 0
      vertex 20.7873 -8.61037 12
      vertex 20.7873 -8.61037 0
    endloop
  endfacet
  facet normal -0.903981 0.427573 0
    outer loop
      vertex 19.8432 -10.6064 0
      vertex 19.8432 -10.6064 12
      vertex 20.7873 -8.61037 12
    endloop
  endfacet
  facet normal -0.857741 0.514083 0
    outer loop
      vertex 18.7081 -12.5003 0
      vertex 19.8432 -10.6064 12
      vertex 19.8432 -10.6064 0
    endloop
  endfacet
  facet normal -0.857741 0.514083 0
    outer loop
      vertex 18.7081 -12.5003 0
      vertex 18.7081 -12.5003 12
      vertex 19.8432 -10.6064 12
    endloop
  endfacet
  facet normal -0.80319 0.595723 0
    outer loop
      vertex 17.3927 -14.2738 0
      vertex 18.7081 -12.5003 12
      vertex 18.7081 -12.5003 0
    endloop
  endfacet
  facet normal -0.80319 0.595723 0
    outer loop
      vertex 17.3927 -14.2738 0
      vertex 17.3927 -14.2738 12
      vertex 18.7081 -12.5003 12
    endloop
  endfacet
  facet normal -0.740968 0.67154 0
    outer loop
      vertex 15.9099 -15.9099 0
      vertex 17.3927 -14.2738 12
      vertex 17.3927 -14.2738 0
    endloop
  endfacet
  facet normal -0.740968 0.67154 0
    outer loop
      vertex 15.9099 -15.9099 0
      vertex 15.9099 -15.9099 12
      vertex 17.3927 -14.2738 12
    endloop
  endfacet
  facet normal -0.67154 0.740968 0
    outer loop
      vertex 14.2738 -17.3927 0
      vertex 15.9099 -15.9099 12
      vertex 15.9099 -15.9099 0
    endloop
  endfacet
  facet normal -0.67154 0.740968 0
    outer loop
      vertex 14.2738 -17.3927 0
      vertex 14.2738 -17.3927 12
      vertex 15.9099 -15.9099 12
    endloop
  endfacet
  facet normal -0.595723 0.80319 0
    outer loop
      vertex 12.5003 -18.7081 0
      vertex 14.2738 -17.3927 12
      vertex 14.2738 -17.3927 0
    endloop
  endfacet
  facet normal -0.595723 0.80319 0
    outer loop
      vertex 12.5003 -18.7081 0
      vertex 12.5003 -18.7081 12
      vertex 14.2738 -17.3927 12
    endloop
  endfacet
  facet normal -0.514083 0.857741 0
    outer loop
      vertex 10.6064 -19.8432 0
      vertex 12.5003 -18.7081 12
      vertex 12.5003 -18.7081 0
    endloop
  endfacet
  facet normal -0.514083 0.857741 0
    outer loop
      vertex 10.6064 -19.8432 0
      vertex 10.6064 -19.8432 12
      vertex 12.5003 -18.7081 12
    endloop
  endfacet
  facet normal -0.427573 0.903981 0
    outer loop
      vertex 8.61037 -20.7873 0
      vertex 10.6064 -19.8432 12
      vertex 10.6064 -19.8432 0
    endloop
  endfacet
  facet normal -0.427573 0.903981 0
    outer loop
      vertex 8.61037 -20.7873 0
      vertex 8.61037 -20.7873 12
      vertex 10.6064 -19.8432 12
    endloop
  endfacet
  facet normal -0.336863 0.941554 0
    outer loop
      vertex 6.5314 -21.5311 0
      vertex 8.61037 -20.7873 12
      vertex 8.61037 -20.7873 0
    endloop
  endfacet
  facet normal -0.336863 0.941554 0
    outer loop
      vertex 6.5314 -21.5311 0
      vertex 6.5314 -21.5311 12
      vertex 8.61037 -20.7873 12
    endloop
  endfacet
  facet normal -0.243018 0.970022 0
    outer loop
      vertex 4.38953 -22.0677 0
      vertex 6.5314 -21.5311 12
      vertex 6.5314 -21.5311 0
    endloop
  endfacet
  facet normal -0.243018 0.970022 0
    outer loop
      vertex 4.38953 -22.0677 0
      vertex 4.38953 -22.0677 12
      vertex 6.5314 -21.5311 12
    endloop
  endfacet
  facet normal -0.146691 0.989182 0
    outer loop
      vertex 2.20538 -22.3916 0
      vertex 4.38953 -22.0677 12
      vertex 4.38953 -22.0677 0
    endloop
  endfacet
  facet normal -0.146691 0.989182 0
    outer loop
      vertex 2.20538 -22.3916 0
      vertex 2.20538 -22.3916 12
      vertex 4.38953 -22.0677 12
    endloop
  endfacet
  facet normal -0.0490933 0.998794 0
    outer loop
      vertex 0 -22.5 0
      vertex 2.20538 -22.3916 12
      vertex 2.20538 -22.3916 0
    endloop
  endfacet
  facet normal -0.0490933 0.998794 0
    outer loop
      vertex 0 -22.5 0
      vertex 0 -22.5 12
      vertex 2.20538 -22.3916 12
    endloop
  endfacet
  facet normal 0.0490933 0.998794 0
    outer loop
      vertex -2.20538 -22.3916 0
      vertex 0 -22.5 12
      vertex 0 -22.5 0
    endloop
  endfacet
  facet normal 0.0490933 0.998794 -0
    outer loop
      vertex -2.20538 -22.3916 0
      vertex -2.20538 -22.3916 12
      vertex 0 -22.5 12
    endloop
  endfacet
  facet normal 0.146691 0.989182 0
    outer loop
      vertex -4.38953 -22.0677 0
      vertex -2.20538 -22.3916 12
      vertex -2.20538 -22.3916 0
    endloop
  endfacet
  facet normal 0.146691 0.989182 -0
    outer loop
      vertex -4.38953 -22.0677 0
      vertex -4.38953 -22.0677 12
      vertex -2.20538 -22.3916 12
    endloop
  endfacet
  facet normal 0.243018 0.970022 0
    outer loop
      vertex -6.5314 -21.5311 0
      vertex -4.38953 -22.0677 12
      vertex -4.38953 -22.0677 0
    endloop
  endfacet
  facet normal 0.243018 0.970022 -0
    outer loop
      vertex -6.5314 -21.5311 0
      vertex -6.5314 -21.5311 12
      vertex -4.38953 -22.0677 12
    endloop
  endfacet
  facet normal 0.336863 0.941554 0
    outer loop
      vertex -8.61037 -20.7873 0
      vertex -6.5314 -21.5311 12
      vertex -6.5314 -21.5311 0
    endloop
  endfacet
  facet normal 0.336863 0.941554 -0
    outer loop
      vertex -8.61037 -20.7873 0
      vertex -8.61037 -20.7873 12
      vertex -6.5314 -21.5311 12
    endloop
  endfacet
  facet normal 0.427573 0.903981 0
    outer loop
      vertex -10.6064 -19.8432 0
      vertex -8.61037 -20.7873 12
      vertex -8.61037 -20.7873 0
    endloop
  endfacet
  facet normal 0.427573 0.903981 -0
    outer loop
      vertex -10.6064 -19.8432 0
      vertex -10.6064 -19.8432 12
      vertex -8.61037 -20.7873 12
    endloop
  endfacet
  facet normal 0.514083 0.857741 0
    outer loop
      vertex -12.5003 -18.7081 0
      vertex -10.6064 -19.8432 12
      vertex -10.6064 -19.8432 0
    endloop
  endfacet
  facet normal 0.514083 0.857741 -0
    outer loop
      vertex -12.5003 -18.7081 0
      vertex -12.5003 -18.7081 12
      vertex -10.6064 -19.8432 12
    endloop
  endfacet
  facet normal 0.595723 0.80319 0
    outer loop
      vertex -14.2738 -17.3927 0
      vertex -12.5003 -18.7081 12
      vertex -12.5003 -18.7081 0
    endloop
  endfacet
  facet normal 0.595723 0.80319 -0
    outer loop
      vertex -14.2738 -17.3927 0
      vertex -14.2738 -17.3927 12
      vertex -12.5003 -18.7081 12
    endloop
  endfacet
  facet normal 0.67154 0.740968 0
    outer loop
      vertex -15.9099 -15.9099 0
      vertex -14.2738 -17.3927 12
      vertex -14.2738 -17.3927 0
    endloop
  endfacet
  facet normal 0.67154 0.740968 -0
    outer loop
      vertex -15.9099 -15.9099 0
      vertex -15.9099 -15.9099 12
      vertex -14.2738 -17.3927 12
    endloop
  endfacet
  facet normal 0.740968 0.67154 0
    outer loop
      vertex -17.3927 -14.2738 0
      vertex -15.9099 -15.9099 12
      vertex -15.9099 -15.9099 0
    endloop
  endfacet
  facet normal 0.740968 0.67154 -0
    outer loop
      vertex -17.3927 -14.2738 0
      vertex -17.3927 -14.2738 12
      vertex -15.9099 -15.9099 12
    endloop
  endfacet
  facet normal 0.80319 0.595723 0
    outer loop
      vertex -18.7081 -12.5003 0
      vertex -17.3927 -14.2738 12
      vertex -17.3927 -14.2738 0
    endloop
  endfacet
  facet normal 0.80319 0.595723 -0
    outer loop
      vertex -18.7081 -12.5003 0
      vertex -18.7081 -12.5003 12
      vertex -17.3927 -14.2738 12
    endloop
  endfacet
  facet normal 0.857741 0.514083 0
    outer loop
      vertex -19.8432 -10.6064 0
      vertex -18.7081 -12.5003 12
      vertex -18.7081 -12.5003 0
    endloop
  endfacet
  facet normal 0.857741 0.514083 -0
    outer loop
      vertex -19.8432 -10.6064 0
      vertex -19.8432 -10.6064 12
      vertex -18.7081 -12.5003 12
    endloop
  endfacet
  facet normal 0.903981 0.427573 0
    outer loop
      vertex -20.7873 -8.61037 0
      vertex -19.8432 -10.6064 12
      vertex -19.8432 -10.6064 0
    endloop
  endfacet
  facet normal 0.903981 0.427573 -0
    outer loop
      vertex -20.7873 -8.61037 0
      vertex -20.7873 -8.61037 12
      vertex -19.8432 -10.6064 12
    endloop
  endfacet
  facet normal 0.941554 0.336863 0
    outer loop
      vertex -21.5311 -6.5314 0
      vertex -20.7873 -8.61037 12
      vertex -20.7873 -8.61037 0
    endloop
  endfacet
  facet normal 0.941554 0.336863 -0
    outer loop
      vertex -21.5311 -6.5314 0
      vertex -21.5311 -6.5314 12
      vertex -20.7873 -8.61037 12
    endloop
  endfacet
  facet normal 0.970022 0.243018 0
    outer loop
      vertex -22.0677 -4.38953 0
      vertex -21.5311 -6.5314 12
      vertex -21.5311 -6.5314 0
    endloop
  endfacet
  facet normal 0.970022 0.243018 -0
    outer loop
      vertex -22.0677 -4.38953 0
      vertex -22.0677 -4.38953 12
      vertex -21.5311 -6.5314 12
    endloop
  endfacet
  facet normal 0.989182 0.146691 0
    outer loop
      vertex -22.3916 -2.20538 0
      vertex -22.0677 -4.38953 12
      vertex -22.0677 -4.38953 0
    endloop
  endfacet
  facet normal 0.989182 0.146691 -0
    outer loop
      vertex -22.3916 -2.20538 0
      vertex -22.3916 -2.20538 12
      vertex -22.0677 -4.38953 12
    endloop
  endfacet
  facet normal 0.998794 0.0490933 0
    outer loop
      vertex -22.5 0 0
      vertex -22.3916 -2.20538 12
      vertex -22.3916 -2.20538 0
    endloop
  endfacet
  facet normal 0.998794 0.0490933 -0
    outer loop
      vertex -22.5 0 0
      vertex -22.5 0 12
      vertex -22.3916 -2.20538 12
    endloop
  endfacet
  facet normal 0.998794 -0.0490933 0
    outer loop
      vertex -22.3916 2.20538 0
      vertex -22.5 0 12
      vertex -22.5 0 0
    endloop
  endfacet
  facet normal 0.998794 -0.0490933 0
    outer loop
      vertex -22.3916 2.20538 0
      vertex -22.3916 2.20538 12
      vertex -22.5 0 12
    endloop
  endfacet
  facet normal 0.989182 -0.146691 0
    outer loop
      vertex -22.0677 4.38953 0
      vertex -22.3916 2.20538 12
      vertex -22.3916 2.20538 0
    endloop
  endfacet
  facet normal 0.989182 -0.146691 0
    outer loop
      vertex -22.0677 4.38953 0
      vertex -22.0677 4.38953 12
      vertex -22.3916 2.20538 12
    endloop
  endfacet
  facet normal 0.970022 -0.243018 0
    outer loop
      vertex -21.5311 6.5314 0
      vertex -22.0677 4.38953 12
      vertex -22.0677 4.38953 0
    endloop
  endfacet
  facet normal 0.970022 -0.243018 0
    outer loop
      vertex -21.5311 6.5314 0
      vertex -21.5311 6.5314 12
      vertex -22.0677 4.38953 12
    endloop
  endfacet
  facet normal 0.941554 -0.336863 0
    outer loop
      vertex -20.7873 8.61037 0
      vertex -21.5311 6.5314 12
      vertex -21.5311 6.5314 0
    endloop
  endfacet
  facet normal 0.941554 -0.336863 0
    outer loop
      vertex -20.7873 8.61037 0
      vertex -20.7873 8.61037 12
      vertex -21.5311 6.5314 12
    endloop
  endfacet
  facet normal 0.903981 -0.427573 0
    outer loop
      vertex -19.8432 10.6064 0
      vertex -20.7873 8.61037 12
      vertex -20.7873 8.61037 0
    endloop
  endfacet
  facet normal 0.903981 -0.427573 0
    outer loop
      vertex -19.8432 10.6064 0
      vertex -19.8432 10.6064 12
      vertex -20.7873 8.61037 12
    endloop
  endfacet
  facet normal 0.857741 -0.514083 0
    outer loop
      vertex -18.7081 12.5003 0
      vertex -19.8432 10.6064 12
      vertex -19.8432 10.6064 0
    endloop
  endfacet
  facet normal 0.857741 -0.514083 0
    outer loop
      vertex -18.7081 12.5003 0
      vertex -18.7081 12.5003 12
      vertex -19.8432 10.6064 12
    endloop
  endfacet
  facet normal 0.80319 -0.595723 0
    outer loop
      vertex -17.3927 14.2738 0
      vertex -18.7081 12.5003 12
      vertex -18.7081 12.5003 0
    endloop
  endfacet
  facet normal 0.80319 -0.595723 0
    outer loop
      vertex -17.3927 14.2738 0
      vertex -17.3927 14.2738 12
      vertex -18.7081 12.5003 12
    endloop
  endfacet
  facet normal 0.740968 -0.67154 0
    outer loop
      vertex -15.9099 15.9099 0
      vertex -17.3927 14.2738 12
      vertex -17.3927 14.2738 0
    endloop
  endfacet
  facet normal 0.740968 -0.67154 0
    outer loop
      vertex -15.9099 15.9099 0
      vertex -15.9099 15.9099 12
      vertex -17.3927 14.2738 12
    endloop
  endfacet
  facet normal 0.67154 -0.740968 0
    outer loop
      vertex -14.2738 17.3927 0
      vertex -15.9099 15.9099 12
      vertex -15.9099 15.9099 0
    endloop
  endfacet
  facet normal 0.67154 -0.740968 0
    outer loop
      vertex -14.2738 17.3927 0
      vertex -14.2738 17.3927 12
      vertex -15.9099 15.9099 12
    endloop
  endfacet
  facet normal 0.595723 -0.80319 0
    outer loop
      vertex -12.5003 18.7081 0
      vertex -14.2738 17.3927 12
      vertex -14.2738 17.3927 0
    endloop
  endfacet
  facet normal 0.595723 -0.80319 0
    outer loop
      vertex -12.5003 18.7081 0
      vertex -12.5003 18.7081 12
      vertex -14.2738 17.3927 12
    endloop
  endfacet
  facet normal 0.514084 -0.85774 0
    outer loop
      vertex -11 19.6073 0
      vertex -12.5003 18.7081 12
      vertex -12.5003 18.7081 0
    endloop
  endfacet
  facet normal 0.514084 -0.85774 0
    outer loop
      vertex -11 19.6073 0
      vertex -11 19.6073 12
      vertex -12.5003 18.7081 12
    endloop
  endfacet
  facet normal 1 0 0
    outer loop
      vertex -11 23.1927 0
      vertex -11 19.6073 12
      vertex -11 19.6073 0
    endloop
  endfacet
  facet normal 1 0 -0
    outer loop
      vertex -11 23.1927 0
      vertex -11 23.1927 12
      vertex -11 19.6073 12
    endloop
  endfacet
  facet normal -0.42755 0.903992 0
    outer loop
      vertex -12.1149 22.6654 0
      vertex -11 23.1927 12
      vertex -11 23.1927 0
    endloop
  endfacet
  facet normal -0.42755 0.903992 0
    outer loop
      vertex -12.1149 22.6654 0
      vertex -12.1149 22.6654 12
      vertex -11 23.1927 12
    endloop
  endfacet
  facet normal -0.514093 0.857734 0
    outer loop
      vertex -14.2782 21.3688 0
      vertex -12.1149 22.6654 12
      vertex -12.1149 22.6654 0
    endloop
  endfacet
  facet normal -0.514093 0.857734 0
    outer loop
      vertex -14.2782 21.3688 0
      vertex -14.2782 21.3688 12
      vertex -12.1149 22.6654 12
    endloop
  endfacet
  facet normal -0.595709 0.8032 0
    outer loop
      vertex -16.3039 19.8664 0
      vertex -14.2782 21.3688 12
      vertex -14.2782 21.3688 0
    endloop
  endfacet
  facet normal -0.595709 0.8032 0
    outer loop
      vertex -16.3039 19.8664 0
      vertex -16.3039 19.8664 12
      vertex -14.2782 21.3688 12
    endloop
  endfacet
  facet normal -0.671583 0.74093 0
    outer loop
      vertex -18.1726 18.1726 0
      vertex -16.3039 19.8664 12
      vertex -16.3039 19.8664 0
    endloop
  endfacet
  facet normal -0.671583 0.74093 0
    outer loop
      vertex -18.1726 18.1726 0
      vertex -18.1726 18.1726 12
      vertex -16.3039 19.8664 12
    endloop
  endfacet
  facet normal -0.74093 0.671583 0
    outer loop
      vertex -19.8664 16.3039 0
      vertex -18.1726 18.1726 12
      vertex -18.1726 18.1726 0
    endloop
  endfacet
  facet normal -0.74093 0.671583 0
    outer loop
      vertex -19.8664 16.3039 0
      vertex -19.8664 16.3039 12
      vertex -18.1726 18.1726 12
    endloop
  endfacet
  facet normal -0.8032 0.595709 0
    outer loop
      vertex -21.3688 14.2782 0
      vertex -19.8664 16.3039 12
      vertex -19.8664 16.3039 0
    endloop
  endfacet
  facet normal -0.8032 0.595709 0
    outer loop
      vertex -21.3688 14.2782 0
      vertex -21.3688 14.2782 12
      vertex -19.8664 16.3039 12
    endloop
  endfacet
  facet normal -0.857734 0.514093 0
    outer loop
      vertex -22.6654 12.1149 0
      vertex -21.3688 14.2782 12
      vertex -21.3688 14.2782 0
    endloop
  endfacet
  facet normal -0.857734 0.514093 0
    outer loop
      vertex -22.6654 12.1149 0
      vertex -22.6654 12.1149 12
      vertex -21.3688 14.2782 12
    endloop
  endfacet
  facet normal -0.903994 0.427545 0
    outer loop
      vertex -23.7437 9.83496 0
      vertex -22.6654 12.1149 12
      vertex -22.6654 12.1149 0
    endloop
  endfacet
  facet normal -0.903994 0.427545 0
    outer loop
      vertex -23.7437 9.83496 0
      vertex -23.7437 9.83496 12
      vertex -22.6654 12.1149 12
    endloop
  endfacet
  facet normal -0.941539 0.336903 0
    outer loop
      vertex -24.5934 7.46031 0
      vertex -23.7437 9.83496 12
      vertex -23.7437 9.83496 0
    endloop
  endfacet
  facet normal -0.941539 0.336903 0
    outer loop
      vertex -24.5934 7.46031 0
      vertex -24.5934 7.46031 12
      vertex -23.7437 9.83496 12
    endloop
  endfacet
  facet normal -0.970033 0.242974 0
    outer loop
      vertex -25.2062 5.01381 0
      vertex -24.5934 7.46031 12
      vertex -24.5934 7.46031 0
    endloop
  endfacet
  facet normal -0.970033 0.242974 0
    outer loop
      vertex -25.2062 5.01381 0
      vertex -25.2062 5.01381 12
      vertex -24.5934 7.46031 12
    endloop
  endfacet
  facet normal -0.98918 0.146705 0
    outer loop
      vertex -25.5762 2.51903 0
      vertex -25.2062 5.01381 12
      vertex -25.2062 5.01381 0
    endloop
  endfacet
  facet normal -0.98918 0.146705 0
    outer loop
      vertex -25.5762 2.51903 0
      vertex -25.5762 2.51903 12
      vertex -25.2062 5.01381 12
    endloop
  endfacet
  facet normal -0.998795 0.0490867 0
    outer loop
      vertex -25.7 0 0
      vertex -25.5762 2.51903 12
      vertex -25.5762 2.51903 0
    endloop
  endfacet
  facet normal -0.998795 0.0490867 0
    outer loop
      vertex -25.7 0 0
      vertex -25.7 0 12
      vertex -25.5762 2.51903 12
    endloop
  endfacet
  facet normal -0.998795 -0.0490867 0
    outer loop
      vertex -25.5762 -2.51903 0
      vertex -25.7 0 12
      vertex -25.7 0 0
    endloop
  endfacet
  facet normal -0.998795 -0.0490867 0
    outer loop
      vertex -25.5762 -2.51903 0
      vertex -25.5762 -2.51903 12
      vertex -25.7 0 12
    endloop
  endfacet
  facet normal -0.98918 -0.146705 0
    outer loop
      vertex -25.2062 -5.01381 0
      vertex -25.5762 -2.51903 12
      vertex -25.5762 -2.51903 0
    endloop
  endfacet
  facet normal -0.98918 -0.146705 0
    outer loop
      vertex -25.2062 -5.01381 0
      vertex -25.2062 -5.01381 12
      vertex -25.5762 -2.51903 12
    endloop
  endfacet
  facet normal -0.970033 -0.242974 0
    outer loop
      vertex -24.5934 -7.46031 0
      vertex -25.2062 -5.01381 12
      vertex -25.2062 -5.01381 0
    endloop
  endfacet
  facet normal -0.970033 -0.242974 0
    outer loop
      vertex -24.5934 -7.46031 0
      vertex -24.5934 -7.46031 12
      vertex -25.2062 -5.01381 12
    endloop
  endfacet
  facet normal -0.941539 -0.336903 0
    outer loop
      vertex -23.7437 -9.83496 0
      vertex -24.5934 -7.46031 12
      vertex -24.5934 -7.46031 0
    endloop
  endfacet
  facet normal -0.941539 -0.336903 0
    outer loop
      vertex -23.7437 -9.83496 0
      vertex -23.7437 -9.83496 12
      vertex -24.5934 -7.46031 12
    endloop
  endfacet
  facet normal -0.903994 -0.427545 0
    outer loop
      vertex -22.6654 -12.1149 0
      vertex -23.7437 -9.83496 12
      vertex -23.7437 -9.83496 0
    endloop
  endfacet
  facet normal -0.903994 -0.427545 0
    outer loop
      vertex -22.6654 -12.1149 0
      vertex -22.6654 -12.1149 12
      vertex -23.7437 -9.83496 12
    endloop
  endfacet
  facet normal -0.857734 -0.514093 0
    outer loop
      vertex -21.3688 -14.2782 0
      vertex -22.6654 -12.1149 12
      vertex -22.6654 -12.1149 0
    endloop
  endfacet
  facet normal -0.857734 -0.514093 0
    outer loop
      vertex -21.3688 -14.2782 0
      vertex -21.3688 -14.2782 12
      vertex -22.6654 -12.1149 12
    endloop
  endfacet
  facet normal -0.8032 -0.595709 0
    outer loop
      vertex -19.8664 -16.3039 0
      vertex -21.3688 -14.2782 12
      vertex -21.3688 -14.2782 0
    endloop
  endfacet
  facet normal -0.8032 -0.595709 0
    outer loop
      vertex -19.8664 -16.3039 0
      vertex -19.8664 -16.3039 12
      vertex -21.3688 -14.2782 12
    endloop
  endfacet
  facet normal -0.74093 -0.671583 0
    outer loop
      vertex -18.1726 -18.1726 0
      vertex -19.8664 -16.3039 12
      vertex -19.8664 -16.3039 0
    endloop
  endfacet
  facet normal -0.74093 -0.671583 0
    outer loop
      vertex -18.1726 -18.1726 0
      vertex -18.1726 -18.1726 12
      vertex -19.8664 -16.3039 12
    endloop
  endfacet
  facet normal -0.671583 -0.74093 0
    outer loop
      vertex -16.3039 -19.8664 0
      vertex -18.1726 -18.1726 12
      vertex -18.1726 -18.1726 0
    endloop
  endfacet
  facet normal -0.671583 -0.74093 0
    outer loop
      vertex -16.3039 -19.8664 0
      vertex -16.3039 -19.8664 12
      vertex -18.1726 -18.1726 12
    endloop
  endfacet
  facet normal -0.595709 -0.8032 0
    outer loop
      vertex -14.2782 -21.3688 0
      vertex -16.3039 -19.8664 12
      vertex -16.3039 -19.8664 0
    endloop
  endfacet
  facet normal -0.595709 -0.8032 0
    outer loop
      vertex -14.2782 -21.3688 0
      vertex -14.2782 -21.3688 12
      vertex -16.3039 -19.8664 12
    endloop
  endfacet
  facet normal -0.514093 -0.857734 0
    outer loop
      vertex -12.1149 -22.6654 0
      vertex -14.2782 -21.3688 12
      vertex -14.2782 -21.3688 0
    endloop
  endfacet
  facet normal -0.514093 -0.857734 0
    outer loop
      vertex -12.1149 -22.6654 0
      vertex -12.1149 -22.6654 12
      vertex -14.2782 -21.3688 12
    endloop
  endfacet
  facet normal -0.427544 -0.903995 0
    outer loop
      vertex -9.92735 -23.7 0
      vertex -12.1149 -22.6654 12
      vertex -12.1149 -22.6654 0
    endloop
  endfacet
  facet normal -0.427544 -0.903995 0
    outer loop
      vertex -9.92735 -23.7 0
      vertex -9.92735 -23.7 12
      vertex -12.1149 -22.6654 12
    endloop
  endfacet
  facet normal 0 1 0
    outer loop
      vertex -34.7 -23.7 0
      vertex -9.92735 -23.7 12
      vertex -9.92735 -23.7 0
    endloop
  endfacet
  facet normal 0 1 0
    outer loop
      vertex -34.7 -23.7 0
      vertex -34.7 -23.7 12
      vertex -9.92735 -23.7 12
    endloop
  endfacet
  facet normal -0.0489209 0.998803 0
    outer loop
      vertex -34.994 -23.7144 0
      vertex -34.7 -23.7 12
      vertex -34.7 -23.7 0
    endloop
  endfacet
  facet normal -0.0489209 0.998803 0
    outer loop
      vertex -34.994 -23.7144 0
      vertex -34.994 -23.7144 12
      vertex -34.7 -23.7 12
    endloop
  endfacet
  facet normal -0.146696 0.989182 0
    outer loop
      vertex -35.2853 -23.7576 0
      vertex -34.994 -23.7144 12
      vertex -34.994 -23.7144 0
    endloop
  endfacet
  facet normal -0.146696 0.989182 0
    outer loop
      vertex -35.2853 -23.7576 0
      vertex -35.2853 -23.7576 12
      vertex -34.994 -23.7144 12
    endloop
  endfacet
  facet normal -0.243255 0.969962 0
    outer loop
      vertex -35.5708 -23.8292 0
      vertex -35.2853 -23.7576 12
      vertex -35.2853 -23.7576 0
    endloop
  endfacet
  facet normal -0.243255 0.969962 0
    outer loop
      vertex -35.5708 -23.8292 0
      vertex -35.5708 -23.8292 12
      vertex -35.2853 -23.7576 12
    endloop
  endfacet
  facet normal -0.336831 0.941565 0
    outer loop
      vertex -35.8481 -23.9284 0
      vertex -35.5708 -23.8292 12
      vertex -35.5708 -23.8292 0
    endloop
  endfacet
  facet normal -0.336831 0.941565 0
    outer loop
      vertex -35.8481 -23.9284 0
      vertex -35.8481 -23.9284 12
      vertex -35.5708 -23.8292 12
    endloop
  endfacet
  facet normal -0.4274 0.904063 0
    outer loop
      vertex -36.1142 -24.0542 0
      vertex -35.8481 -23.9284 12
      vertex -35.8481 -23.9284 0
    endloop
  endfacet
  facet normal -0.4274 0.904063 0
    outer loop
      vertex -36.1142 -24.0542 0
      vertex -36.1142 -24.0542 12
      vertex -35.8481 -23.9284 12
    endloop
  endfacet
  facet normal -0.514246 0.857643 0
    outer loop
      vertex -36.3667 -24.2056 0
      vertex -36.1142 -24.0542 12
      vertex -36.1142 -24.0542 0
    endloop
  endfacet
  facet normal -0.514246 0.857643 0
    outer loop
      vertex -36.3667 -24.2056 0
      vertex -36.3667 -24.2056 12
      vertex -36.1142 -24.0542 12
    endloop
  endfacet
  facet normal -0.595699 0.803208 0
    outer loop
      vertex -36.6032 -24.381 0
      vertex -36.3667 -24.2056 12
      vertex -36.3667 -24.2056 0
    endloop
  endfacet
  facet normal -0.595699 0.803208 0
    outer loop
      vertex -36.6032 -24.381 0
      vertex -36.6032 -24.381 12
      vertex -36.3667 -24.2056 12
    endloop
  endfacet
  facet normal -0.671607 0.740908 0
    outer loop
      vertex -36.8213 -24.5787 0
      vertex -36.6032 -24.381 12
      vertex -36.6032 -24.381 0
    endloop
  endfacet
  facet normal -0.671607 0.740908 0
    outer loop
      vertex -36.8213 -24.5787 0
      vertex -36.8213 -24.5787 12
      vertex -36.6032 -24.381 12
    endloop
  endfacet
  facet normal -0.740908 0.671607 0
    outer loop
      vertex -37.019 -24.7968 0
      vertex -36.8213 -24.5787 12
      vertex -36.8213 -24.5787 0
    endloop
  endfacet
  facet normal -0.740908 0.671607 0
    outer loop
      vertex -37.019 -24.7968 0
      vertex -37.019 -24.7968 12
      vertex -36.8213 -24.5787 12
    endloop
  endfacet
  facet normal -0.803208 0.595699 0
    outer loop
      vertex -37.1944 -25.0333 0
      vertex -37.019 -24.7968 12
      vertex -37.019 -24.7968 0
    endloop
  endfacet
  facet normal -0.803208 0.595699 0
    outer loop
      vertex -37.1944 -25.0333 0
      vertex -37.1944 -25.0333 12
      vertex -37.019 -24.7968 12
    endloop
  endfacet
  facet normal -0.857643 0.514246 0
    outer loop
      vertex -37.3458 -25.2858 0
      vertex -37.1944 -25.0333 12
      vertex -37.1944 -25.0333 0
    endloop
  endfacet
  facet normal -0.857643 0.514246 0
    outer loop
      vertex -37.3458 -25.2858 0
      vertex -37.3458 -25.2858 12
      vertex -37.1944 -25.0333 12
    endloop
  endfacet
  facet normal -0.904063 0.4274 0
    outer loop
      vertex -37.4716 -25.5519 0
      vertex -37.3458 -25.2858 12
      vertex -37.3458 -25.2858 0
    endloop
  endfacet
  facet normal -0.904063 0.4274 0
    outer loop
      vertex -37.4716 -25.5519 0
      vertex -37.4716 -25.5519 12
      vertex -37.3458 -25.2858 12
    endloop
  endfacet
  facet normal -0.941527 0.336939 0
    outer loop
      vertex -37.5708 -25.8291 0
      vertex -37.4716 -25.5519 12
      vertex -37.4716 -25.5519 0
    endloop
  endfacet
  facet normal -0.941527 0.336939 0
    outer loop
      vertex -37.5708 -25.8291 0
      vertex -37.5708 -25.8291 12
      vertex -37.4716 -25.5519 12
    endloop
  endfacet
  facet normal -0.970063 0.242855 0
    outer loop
      vertex -37.6423 -26.1147 0
      vertex -37.5708 -25.8291 12
      vertex -37.5708 -25.8291 0
    endloop
  endfacet
  facet normal -0.970063 0.242855 0
    outer loop
      vertex -37.6423 -26.1147 0
      vertex -37.6423 -26.1147 12
      vertex -37.5708 -25.8291 12
    endloop
  endfacet
  facet normal -0.989174 0.146746 0
    outer loop
      vertex -37.6855 -26.4059 0
      vertex -37.6423 -26.1147 12
      vertex -37.6423 -26.1147 0
    endloop
  endfacet
  facet normal -0.989174 0.146746 0
    outer loop
      vertex -37.6855 -26.4059 0
      vertex -37.6855 -26.4059 12
      vertex -37.6423 -26.1147 12
    endloop
  endfacet
  facet normal -0.998787 0.0492431 0
    outer loop
      vertex -37.7 -26.7 0
      vertex -37.6855 -26.4059 12
      vertex -37.6855 -26.4059 0
    endloop
  endfacet
  facet normal -0.998787 0.0492431 0
    outer loop
      vertex -37.7 -26.7 0
      vertex -37.7 -26.7 12
      vertex -37.6855 -26.4059 12
    endloop
  endfacet
  facet normal -1 0 0
    outer loop
      vertex -37.7 -32.7 0
      vertex -37.7 -26.7 12
      vertex -37.7 -26.7 0
    endloop
  endfacet
  facet normal -1 0 0
    outer loop
      vertex -37.7 -32.7 0
      vertex -37.7 -32.7 12
      vertex -37.7 -26.7 12
    endloop
  endfacet
  facet normal -0.998786 -0.0492599 0
    outer loop
      vertex -37.6855 -32.994 0
      vertex -37.7 -32.7 12
      vertex -37.7 -32.7 0
    endloop
  endfacet
  facet normal -0.998786 -0.0492599 0
    outer loop
      vertex -37.6855 -32.994 0
      vertex -37.6855 -32.994 12
      vertex -37.7 -32.7 12
    endloop
  endfacet
  facet normal -0.989182 -0.146696 0
    outer loop
      vertex -37.6423 -33.2853 0
      vertex -37.6855 -32.994 12
      vertex -37.6855 -32.994 0
    endloop
  endfacet
  facet normal -0.989182 -0.146696 0
    outer loop
      vertex -37.6423 -33.2853 0
      vertex -37.6423 -33.2853 12
      vertex -37.6855 -32.994 12
    endloop
  endfacet
  facet normal -0.970042 -0.242935 0
    outer loop
      vertex -37.5708 -33.5708 0
      vertex -37.6423 -33.2853 12
      vertex -37.6423 -33.2853 0
    endloop
  endfacet
  facet normal -0.970042 -0.242935 0
    outer loop
      vertex -37.5708 -33.5708 0
      vertex -37.5708 -33.5708 12
      vertex -37.6423 -33.2853 12
    endloop
  endfacet
  facet normal -0.941565 -0.336831 0
    outer loop
      vertex -37.4716 -33.8481 0
      vertex -37.5708 -33.5708 12
      vertex -37.5708 -33.5708 0
    endloop
  endfacet
  facet normal -0.941565 -0.336831 0
    outer loop
      vertex -37.4716 -33.8481 0
      vertex -37.4716 -33.8481 12
      vertex -37.5708 -33.5708 12
    endloop
  endfacet
  facet normal -0.904063 -0.4274 0
    outer loop
      vertex -37.3458 -34.1142 0
      vertex -37.4716 -33.8481 12
      vertex -37.4716 -33.8481 0
    endloop
  endfacet
  facet normal -0.904063 -0.4274 0
    outer loop
      vertex -37.3458 -34.1142 0
      vertex -37.3458 -34.1142 12
      vertex -37.4716 -33.8481 12
    endloop
  endfacet
  facet normal -0.857643 -0.514246 0
    outer loop
      vertex -37.1944 -34.3667 0
      vertex -37.3458 -34.1142 12
      vertex -37.3458 -34.1142 0
    endloop
  endfacet
  facet normal -0.857643 -0.514246 0
    outer loop
      vertex -37.1944 -34.3667 0
      vertex -37.1944 -34.3667 12
      vertex -37.3458 -34.1142 12
    endloop
  endfacet
  facet normal -0.803208 -0.595699 0
    outer loop
      vertex -37.019 -34.6032 0
      vertex -37.1944 -34.3667 12
      vertex -37.1944 -34.3667 0
    endloop
  endfacet
  facet normal -0.803208 -0.595699 0
    outer loop
      vertex -37.019 -34.6032 0
      vertex -37.019 -34.6032 12
      vertex -37.1944 -34.3667 12
    endloop
  endfacet
  facet normal -0.740908 -0.671607 0
    outer loop
      vertex -36.8213 -34.8213 0
      vertex -37.019 -34.6032 12
      vertex -37.019 -34.6032 0
    endloop
  endfacet
  facet normal -0.740908 -0.671607 0
    outer loop
      vertex -36.8213 -34.8213 0
      vertex -36.8213 -34.8213 12
      vertex -37.019 -34.6032 12
    endloop
  endfacet
  facet normal -0.671607 -0.740908 0
    outer loop
      vertex -36.6032 -35.019 0
      vertex -36.8213 -34.8213 12
      vertex -36.8213 -34.8213 0
    endloop
  endfacet
  facet normal -0.671607 -0.740908 0
    outer loop
      vertex -36.6032 -35.019 0
      vertex -36.6032 -35.019 12
      vertex -36.8213 -34.8213 12
    endloop
  endfacet
  facet normal -0.595699 -0.803208 0
    outer loop
      vertex -36.3667 -35.1944 0
      vertex -36.6032 -35.019 12
      vertex -36.6032 -35.019 0
    endloop
  endfacet
  facet normal -0.595699 -0.803208 0
    outer loop
      vertex -36.3667 -35.1944 0
      vertex -36.3667 -35.1944 12
      vertex -36.6032 -35.019 12
    endloop
  endfacet
  facet normal -0.514246 -0.857643 0
    outer loop
      vertex -36.1142 -35.3458 0
      vertex -36.3667 -35.1944 12
      vertex -36.3667 -35.1944 0
    endloop
  endfacet
  facet normal -0.514246 -0.857643 0
    outer loop
      vertex -36.1142 -35.3458 0
      vertex -36.1142 -35.3458 12
      vertex -36.3667 -35.1944 12
    endloop
  endfacet
  facet normal -0.4274 -0.904063 0
    outer loop
      vertex -35.8481 -35.4716 0
      vertex -36.1142 -35.3458 12
      vertex -36.1142 -35.3458 0
    endloop
  endfacet
  facet normal -0.4274 -0.904063 0
    outer loop
      vertex -35.8481 -35.4716 0
      vertex -35.8481 -35.4716 12
      vertex -36.1142 -35.3458 12
    endloop
  endfacet
  facet normal -0.336831 -0.941565 0
    outer loop
      vertex -35.5708 -35.5708 0
      vertex -35.8481 -35.4716 12
      vertex -35.8481 -35.4716 0
    endloop
  endfacet
  facet normal -0.336831 -0.941565 0
    outer loop
      vertex -35.5708 -35.5708 0
      vertex -35.5708 -35.5708 12
      vertex -35.8481 -35.4716 12
    endloop
  endfacet
  facet normal -0.242935 -0.970042 0
    outer loop
      vertex -35.2853 -35.6423 0
      vertex -35.5708 -35.5708 12
      vertex -35.5708 -35.5708 0
    endloop
  endfacet
  facet normal -0.242935 -0.970042 0
    outer loop
      vertex -35.2853 -35.6423 0
      vertex -35.2853 -35.6423 12
      vertex -35.5708 -35.5708 12
    endloop
  endfacet
  facet normal -0.146696 -0.989182 0
    outer loop
      vertex -34.994 -35.6855 0
      vertex -35.2853 -35.6423 12
      vertex -35.2853 -35.6423 0
    endloop
  endfacet
  facet normal -0.146696 -0.989182 0
    outer loop
      vertex -34.994 -35.6855 0
      vertex -34.994 -35.6855 12
      vertex -35.2853 -35.6423 12
    endloop
  endfacet
  facet normal -0.0492599 -0.998786 0
    outer loop
      vertex -34.7 -35.7 0
      vertex -34.994 -35.6855 12
      vertex -34.994 -35.6855 0
    endloop
  endfacet
  facet normal -0.0492599 -0.998786 0
    outer loop
      vertex -34.7 -35.7 0
      vertex -34.7 -35.7 12
      vertex -34.994 -35.6855 12
    endloop
  endfacet
  facet normal 0 -1 0
    outer loop
      vertex 34.7 -35.7 0
      vertex -34.7 -35.7 12
      vertex -34.7 -35.7 0
    endloop
  endfacet
  facet normal 0 -1 0
    outer loop
      vertex 34.7 -35.7 0
      vertex 34.7 -35.7 12
      vertex -34.7 -35.7 12
    endloop
  endfacet
  facet normal 0.0492599 -0.998786 0
    outer loop
      vertex 34.994 -35.6855 0
      vertex 34.7 -35.7 12
      vertex 34.7 -35.7 0
    endloop
  endfacet
  facet normal 0.0492599 -0.998786 0
    outer loop
      vertex 34.994 -35.6855 0
      vertex 34.994 -35.6855 12
      vertex 34.7 -35.7 12
    endloop
  endfacet
  facet normal 0.146988 0.989138 -0
    outer loop
      vertex -31.1097 -31.7596 0
      vertex -31.1097 -31.7596 12
      vertex -30.9058 -31.7899 0
    endloop
  endfacet
  facet normal 0.146988 0.989138 0
    outer loop
      vertex -30.9058 -31.7899 12
      vertex -30.9058 -31.7899 0
      vertex -31.1097 -31.7596 12
    endloop
  endfacet
  facet normal 0.24265 0.970114 -0
    outer loop
      vertex -31.3096 -31.7096 0
      vertex -31.3096 -31.7096 12
      vertex -31.1097 -31.7596 0
    endloop
  endfacet
  facet normal 0.24265 0.970114 0
    outer loop
      vertex -31.1097 -31.7596 12
      vertex -31.1097 -31.7596 0
      vertex -31.3096 -31.7096 12
    endloop
  endfacet
  facet normal 0.337258 0.941412 -0
    outer loop
      vertex -31.5036 -31.6401 0
      vertex -31.5036 -31.6401 12
      vertex -31.3096 -31.7096 0
    endloop
  endfacet
  facet normal 0.337258 0.941412 0
    outer loop
      vertex -31.3096 -31.7096 12
      vertex -31.3096 -31.7096 0
      vertex -31.5036 -31.6401 12
    endloop
  endfacet
  facet normal 0.427502 0.904014 -0
    outer loop
      vertex -31.6899 -31.552 0
      vertex -31.6899 -31.552 12
      vertex -31.5036 -31.6401 0
    endloop
  endfacet
  facet normal 0.427502 0.904014 0
    outer loop
      vertex -31.5036 -31.6401 12
      vertex -31.5036 -31.6401 0
      vertex -31.6899 -31.552 12
    endloop
  endfacet
  facet normal 0.513853 0.857878 -0
    outer loop
      vertex -31.8667 -31.4461 0
      vertex -31.8667 -31.4461 12
      vertex -31.6899 -31.552 0
    endloop
  endfacet
  facet normal 0.513853 0.857878 0
    outer loop
      vertex -31.6899 -31.552 12
      vertex -31.6899 -31.552 0
      vertex -31.8667 -31.4461 12
    endloop
  endfacet
  facet normal 0.595877 0.803076 -0
    outer loop
      vertex -32.0322 -31.3233 0
      vertex -32.0322 -31.3233 12
      vertex -31.8667 -31.4461 0
    endloop
  endfacet
  facet normal 0.595877 0.803076 0
    outer loop
      vertex -31.8667 -31.4461 12
      vertex -31.8667 -31.4461 0
      vertex -32.0322 -31.3233 12
    endloop
  endfacet
  facet normal 0.671561 0.740949 -0
    outer loop
      vertex -32.1849 -31.1849 0
      vertex -32.1849 -31.1849 12
      vertex -32.0322 -31.3233 0
    endloop
  endfacet
  facet normal 0.671561 0.740949 0
    outer loop
      vertex -32.0322 -31.3233 12
      vertex -32.0322 -31.3233 0
      vertex -32.1849 -31.1849 12
    endloop
  endfacet
  facet normal 0.740949 0.671561 -0
    outer loop
      vertex -32.3233 -31.0322 0
      vertex -32.3233 -31.0322 12
      vertex -32.1849 -31.1849 0
    endloop
  endfacet
  facet normal 0.740949 0.671561 0
    outer loop
      vertex -32.1849 -31.1849 12
      vertex -32.1849 -31.1849 0
      vertex -32.3233 -31.0322 12
    endloop
  endfacet
  facet normal 0.803076 0.595877 -0
    outer loop
      vertex -32.4461 -30.8667 0
      vertex -32.4461 -30.8667 12
      vertex -32.3233 -31.0322 0
    endloop
  endfacet
  facet normal 0.803076 0.595877 0
    outer loop
      vertex -32.3233 -31.0322 12
      vertex -32.3233 -31.0322 0
      vertex -32.4461 -30.8667 12
    endloop
  endfacet
  facet normal 0.857878 0.513853 -0
    outer loop
      vertex -32.552 -30.6899 0
      vertex -32.552 -30.6899 12
      vertex -32.4461 -30.8667 0
    endloop
  endfacet
  facet normal 0.857878 0.513853 0
    outer loop
      vertex -32.4461 -30.8667 12
      vertex -32.4461 -30.8667 0
      vertex -32.552 -30.6899 12
    endloop
  endfacet
  facet normal 0.904014 0.427502 -0
    outer loop
      vertex -32.6401 -30.5036 0
      vertex -32.6401 -30.5036 12
      vertex -32.552 -30.6899 0
    endloop
  endfacet
  facet normal 0.904014 0.427502 0
    outer loop
      vertex -32.552 -30.6899 12
      vertex -32.552 -30.6899 0
      vertex -32.6401 -30.5036 12
    endloop
  endfacet
  facet normal 0.941412 0.337258 -0
    outer loop
      vertex -32.7096 -30.3096 0
      vertex -32.7096 -30.3096 12
      vertex -32.6401 -30.5036 0
    endloop
  endfacet
  facet normal 0.941412 0.337258 0
    outer loop
      vertex -32.6401 -30.5036 12
      vertex -32.6401 -30.5036 0
      vertex -32.7096 -30.3096 12
    endloop
  endfacet
  facet normal 0.970114 0.24265 -0
    outer loop
      vertex -32.7596 -30.1097 0
      vertex -32.7596 -30.1097 12
      vertex -32.7096 -30.3096 0
    endloop
  endfacet
  facet normal 0.970114 0.24265 0
    outer loop
      vertex -32.7096 -30.3096 12
      vertex -32.7096 -30.3096 0
      vertex -32.7596 -30.1097 12
    endloop
  endfacet
  facet normal 0.989138 0.146988 -0
    outer loop
      vertex -32.7899 -29.9058 0
      vertex -32.7899 -29.9058 12
      vertex -32.7596 -30.1097 0
    endloop
  endfacet
  facet normal 0.989138 0.146988 0
    outer loop
      vertex -32.7596 -30.1097 12
      vertex -32.7596 -30.1097 0
      vertex -32.7899 -29.9058 12
    endloop
  endfacet
  facet normal 0.998798 0.0490178 -0
    outer loop
      vertex -32.8 -29.7 0
      vertex -32.8 -29.7 12
      vertex -32.7899 -29.9058 0
    endloop
  endfacet
  facet normal 0.998798 0.0490178 0
    outer loop
      vertex -32.7899 -29.9058 12
      vertex -32.7899 -29.9058 0
      vertex -32.8 -29.7 12
    endloop
  endfacet
  facet normal 0.998798 -0.0490178 0
    outer loop
      vertex -32.7899 -29.4942 0
      vertex -32.7899 -29.4942 12
      vertex -32.8 -29.7 0
    endloop
  endfacet
  facet normal 0.998798 -0.0490178 0
    outer loop
      vertex -32.8 -29.7 12
      vertex -32.8 -29.7 0
      vertex -32.7899 -29.4942 12
    endloop
  endfacet
  facet normal 0.989138 -0.146988 0
    outer loop
      vertex -32.7596 -29.2903 0
      vertex -32.7596 -29.2903 12
      vertex -32.7899 -29.4942 0
    endloop
  endfacet
  facet normal 0.989138 -0.146988 0
    outer loop
      vertex -32.7899 -29.4942 12
      vertex -32.7899 -29.4942 0
      vertex -32.7596 -29.2903 12
    endloop
  endfacet
  facet normal 0.970114 -0.24265 0
    outer loop
      vertex -32.7096 -29.0904 0
      vertex -32.7096 -29.0904 12
      vertex -32.7596 -29.2903 0
    endloop
  endfacet
  facet normal 0.970114 -0.24265 0
    outer loop
      vertex -32.7596 -29.2903 12
      vertex -32.7596 -29.2903 0
      vertex -32.7096 -29.0904 12
    endloop
  endfacet
  facet normal 0.941412 -0.337258 0
    outer loop
      vertex -32.6401 -28.8964 0
      vertex -32.6401 -28.8964 12
      vertex -32.7096 -29.0904 0
    endloop
  endfacet
  facet normal 0.941412 -0.337258 0
    outer loop
      vertex -32.7096 -29.0904 12
      vertex -32.7096 -29.0904 0
      vertex -32.6401 -28.8964 12
    endloop
  endfacet
  facet normal 0.904014 -0.427502 0
    outer loop
      vertex -32.552 -28.7101 0
      vertex -32.552 -28.7101 12
      vertex -32.6401 -28.8964 0
    endloop
  endfacet
  facet normal 0.904014 -0.427502 0
    outer loop
      vertex -32.6401 -28.8964 12
      vertex -32.6401 -28.8964 0
      vertex -32.552 -28.7101 12
    endloop
  endfacet
  facet normal 0.857878 -0.513853 0
    outer loop
      vertex -32.4461 -28.5333 0
      vertex -32.4461 -28.5333 12
      vertex -32.552 -28.7101 0
    endloop
  endfacet
  facet normal 0.857878 -0.513853 0
    outer loop
      vertex -32.552 -28.7101 12
      vertex -32.552 -28.7101 0
      vertex -32.4461 -28.5333 12
    endloop
  endfacet
  facet normal 0.803076 -0.595877 0
    outer loop
      vertex -32.3233 -28.3678 0
      vertex -32.3233 -28.3678 12
      vertex -32.4461 -28.5333 0
    endloop
  endfacet
  facet normal 0.803076 -0.595877 0
    outer loop
      vertex -32.4461 -28.5333 12
      vertex -32.4461 -28.5333 0
      vertex -32.3233 -28.3678 12
    endloop
  endfacet
  facet normal 0.740949 -0.671561 0
    outer loop
      vertex -32.1849 -28.2151 0
      vertex -32.1849 -28.2151 12
      vertex -32.3233 -28.3678 0
    endloop
  endfacet
  facet normal 0.740949 -0.671561 0
    outer loop
      vertex -32.3233 -28.3678 12
      vertex -32.3233 -28.3678 0
      vertex -32.1849 -28.2151 12
    endloop
  endfacet
  facet normal 0.671561 -0.740949 0
    outer loop
      vertex -32.0322 -28.0767 0
      vertex -32.0322 -28.0767 12
      vertex -32.1849 -28.2151 0
    endloop
  endfacet
  facet normal 0.671561 -0.740949 0
    outer loop
      vertex -32.1849 -28.2151 12
      vertex -32.1849 -28.2151 0
      vertex -32.0322 -28.0767 12
    endloop
  endfacet
  facet normal 0.595877 -0.803076 0
    outer loop
      vertex -31.8667 -27.9539 0
      vertex -31.8667 -27.9539 12
      vertex -32.0322 -28.0767 0
    endloop
  endfacet
  facet normal 0.595877 -0.803076 0
    outer loop
      vertex -32.0322 -28.0767 12
      vertex -32.0322 -28.0767 0
      vertex -31.8667 -27.9539 12
    endloop
  endfacet
  facet normal 0.513853 -0.857878 0
    outer loop
      vertex -31.6899 -27.848 0
      vertex -31.6899 -27.848 12
      vertex -31.8667 -27.9539 0
    endloop
  endfacet
  facet normal 0.513853 -0.857878 0
    outer loop
      vertex -31.8667 -27.9539 12
      vertex -31.8667 -27.9539 0
      vertex -31.6899 -27.848 12
    endloop
  endfacet
  facet normal 0.427899 -0.903827 0
    outer loop
      vertex -31.5036 -27.7598 0
      vertex -31.5036 -27.7598 12
      vertex -31.6899 -27.848 0
    endloop
  endfacet
  facet normal 0.427899 -0.903827 0
    outer loop
      vertex -31.6899 -27.848 12
      vertex -31.6899 -27.848 0
      vertex -31.5036 -27.7598 12
    endloop
  endfacet
  facet normal 0.336828 -0.941566 0
    outer loop
      vertex -31.3096 -27.6904 0
      vertex -31.3096 -27.6904 12
      vertex -31.5036 -27.7598 0
    endloop
  endfacet
  facet normal 0.336828 -0.941566 0
    outer loop
      vertex -31.5036 -27.7598 12
      vertex -31.5036 -27.7598 0
      vertex -31.3096 -27.6904 12
    endloop
  endfacet
  facet normal 0.24265 -0.970114 0
    outer loop
      vertex -31.1097 -27.6404 0
      vertex -31.1097 -27.6404 12
      vertex -31.3096 -27.6904 0
    endloop
  endfacet
  facet normal 0.24265 -0.970114 0
    outer loop
      vertex -31.3096 -27.6904 12
      vertex -31.3096 -27.6904 0
      vertex -31.1097 -27.6404 12
    endloop
  endfacet
  facet normal 0.146988 -0.989138 0
    outer loop
      vertex -30.9058 -27.6101 0
      vertex -30.9058 -27.6101 12
      vertex -31.1097 -27.6404 0
    endloop
  endfacet
  facet normal 0.146988 -0.989138 0
    outer loop
      vertex -31.1097 -27.6404 12
      vertex -31.1097 -27.6404 0
      vertex -30.9058 -27.6101 12
    endloop
  endfacet
  facet normal 0.0490178 -0.998798 0
    outer loop
      vertex -30.7 -27.6 0
      vertex -30.7 -27.6 12
      vertex -30.9058 -27.6101 0
    endloop
  endfacet
  facet normal 0.0490178 -0.998798 0
    outer loop
      vertex -30.9058 -27.6101 12
      vertex -30.9058 -27.6101 0
      vertex -30.7 -27.6 12
    endloop
  endfacet
  facet normal -0.0490178 -0.998798 0
    outer loop
      vertex -30.4942 -27.6101 0
      vertex -30.4942 -27.6101 12
      vertex -30.7 -27.6 0
    endloop
  endfacet
  facet normal -0.0490178 -0.998798 -0
    outer loop
      vertex -30.7 -27.6 12
      vertex -30.7 -27.6 0
      vertex -30.4942 -27.6101 12
    endloop
  endfacet
  facet normal -0.146988 -0.989138 0
    outer loop
      vertex -30.2903 -27.6404 0
      vertex -30.2903 -27.6404 12
      vertex -30.4942 -27.6101 0
    endloop
  endfacet
  facet normal -0.146988 -0.989138 -0
    outer loop
      vertex -30.4942 -27.6101 12
      vertex -30.4942 -27.6101 0
      vertex -30.2903 -27.6404 12
    endloop
  endfacet
  facet normal -0.24265 -0.970114 0
    outer loop
      vertex -30.0904 -27.6904 0
      vertex -30.0904 -27.6904 12
      vertex -30.2903 -27.6404 0
    endloop
  endfacet
  facet normal -0.24265 -0.970114 -0
    outer loop
      vertex -30.2903 -27.6404 12
      vertex -30.2903 -27.6404 0
      vertex -30.0904 -27.6904 12
    endloop
  endfacet
  facet normal -0.336828 -0.941566 0
    outer loop
      vertex -29.8964 -27.7598 0
      vertex -29.8964 -27.7598 12
      vertex -30.0904 -27.6904 0
    endloop
  endfacet
  facet normal -0.336828 -0.941566 -0
    outer loop
      vertex -30.0904 -27.6904 12
      vertex -30.0904 -27.6904 0
      vertex -29.8964 -27.7598 12
    endloop
  endfacet
  facet normal -0.427899 -0.903827 0
    outer loop
      vertex -29.7101 -27.848 0
      vertex -29.7101 -27.848 12
      vertex -29.8964 -27.7598 0
    endloop
  endfacet
  facet normal -0.427899 -0.903827 -0
    outer loop
      vertex -29.8964 -27.7598 12
      vertex -29.8964 -27.7598 0
      vertex -29.7101 -27.848 12
    endloop
  endfacet
  facet normal -0.513853 -0.857878 0
    outer loop
      vertex -29.5333 -27.9539 0
      vertex -29.5333 -27.9539 12
      vertex -29.7101 -27.848 0
    endloop
  endfacet
  facet normal -0.513853 -0.857878 -0
    outer loop
      vertex -29.7101 -27.848 12
      vertex -29.7101 -27.848 0
      vertex -29.5333 -27.9539 12
    endloop
  endfacet
  facet normal -0.595877 -0.803076 0
    outer loop
      vertex -29.3678 -28.0767 0
      vertex -29.3678 -28.0767 12
      vertex -29.5333 -27.9539 0
    endloop
  endfacet
  facet normal -0.595877 -0.803076 -0
    outer loop
      vertex -29.5333 -27.9539 12
      vertex -29.5333 -27.9539 0
      vertex -29.3678 -28.0767 12
    endloop
  endfacet
  facet normal -0.671561 -0.740949 0
    outer loop
      vertex -29.2151 -28.2151 0
      vertex -29.2151 -28.2151 12
      vertex -29.3678 -28.0767 0
    endloop
  endfacet
  facet normal -0.671561 -0.740949 -0
    outer loop
      vertex -29.3678 -28.0767 12
      vertex -29.3678 -28.0767 0
      vertex -29.2151 -28.2151 12
    endloop
  endfacet
  facet normal -0.740949 -0.671561 0
    outer loop
      vertex -29.0767 -28.3678 0
      vertex -29.0767 -28.3678 12
      vertex -29.2151 -28.2151 0
    endloop
  endfacet
  facet normal -0.740949 -0.671561 -0
    outer loop
      vertex -29.2151 -28.2151 12
      vertex -29.2151 -28.2151 0
      vertex -29.0767 -28.3678 12
    endloop
  endfacet
  facet normal -0.803076 -0.595877 0
    outer loop
      vertex -28.9539 -28.5333 0
      vertex -28.9539 -28.5333 12
      vertex -29.0767 -28.3678 0
    endloop
  endfacet
  facet normal -0.803076 -0.595877 -0
    outer loop
      vertex -29.0767 -28.3678 12
      vertex -29.0767 -28.3678 0
      vertex -28.9539 -28.5333 12
    endloop
  endfacet
  facet normal -0.857878 -0.513853 0
    outer loop
      vertex -28.848 -28.7101 0
      vertex -28.848 -28.7101 12
      vertex -28.9539 -28.5333 0
    endloop
  endfacet
  facet normal -0.857878 -0.513853 -0
    outer loop
      vertex -28.9539 -28.5333 12
      vertex -28.9539 -28.5333 0
      vertex -28.848 -28.7101 12
    endloop
  endfacet
  facet normal -0.903827 -0.427899 0
    outer loop
      vertex -28.7598 -28.8964 0
      vertex -28.7598 -28.8964 12
      vertex -28.848 -28.7101 0
    endloop
  endfacet
  facet normal -0.903827 -0.427899 -0
    outer loop
      vertex -28.848 -28.7101 12
      vertex -28.848 -28.7101 0
      vertex -28.7598 -28.8964 12
    endloop
  endfacet
  facet normal -0.941566 -0.336828 0
    outer loop
      vertex -28.6904 -29.0904 0
      vertex -28.6904 -29.0904 12
      vertex -28.7598 -28.8964 0
    endloop
  endfacet
  facet normal -0.941566 -0.336828 -0
    outer loop
      vertex -28.7598 -28.8964 12
      vertex -28.7598 -28.8964 0
      vertex -28.6904 -29.0904 12
    endloop
  endfacet
  facet normal -0.970114 -0.24265 0
    outer loop
      vertex -28.6404 -29.2903 0
      vertex -28.6404 -29.2903 12
      vertex -28.6904 -29.0904 0
    endloop
  endfacet
  facet normal -0.970114 -0.24265 -0
    outer loop
      vertex -28.6904 -29.0904 12
      vertex -28.6904 -29.0904 0
      vertex -28.6404 -29.2903 12
    endloop
  endfacet
  facet normal -0.989138 -0.146988 0
    outer loop
      vertex -28.6101 -29.4942 0
      vertex -28.6101 -29.4942 12
      vertex -28.6404 -29.2903 0
    endloop
  endfacet
  facet normal -0.989138 -0.146988 -0
    outer loop
      vertex -28.6404 -29.2903 12
      vertex -28.6404 -29.2903 0
      vertex -28.6101 -29.4942 12
    endloop
  endfacet
  facet normal -0.998798 -0.0490178 0
    outer loop
      vertex -28.6 -29.7 0
      vertex -28.6 -29.7 12
      vertex -28.6101 -29.4942 0
    endloop
  endfacet
  facet normal -0.998798 -0.0490178 -0
    outer loop
      vertex -28.6101 -29.4942 12
      vertex -28.6101 -29.4942 0
      vertex -28.6 -29.7 12
    endloop
  endfacet
  facet normal -0.998798 0.0490178 0
    outer loop
      vertex -28.6101 -29.9058 0
      vertex -28.6101 -29.9058 12
      vertex -28.6 -29.7 0
    endloop
  endfacet
  facet normal -0.998798 0.0490178 0
    outer loop
      vertex -28.6 -29.7 12
      vertex -28.6 -29.7 0
      vertex -28.6101 -29.9058 12
    endloop
  endfacet
  facet normal -0.989138 0.146988 0
    outer loop
      vertex -28.6404 -30.1097 0
      vertex -28.6404 -30.1097 12
      vertex -28.6101 -29.9058 0
    endloop
  endfacet
  facet normal -0.989138 0.146988 0
    outer loop
      vertex -28.6101 -29.9058 12
      vertex -28.6101 -29.9058 0
      vertex -28.6404 -30.1097 12
    endloop
  endfacet
  facet normal -0.970114 0.24265 0
    outer loop
      vertex -28.6904 -30.3096 0
      vertex -28.6904 -30.3096 12
      vertex -28.6404 -30.1097 0
    endloop
  endfacet
  facet normal -0.970114 0.24265 0
    outer loop
      vertex -28.6404 -30.1097 12
      vertex -28.6404 -30.1097 0
      vertex -28.6904 -30.3096 12
    endloop
  endfacet
  facet normal -0.941566 0.336828 0
    outer loop
      vertex -28.7598 -30.5036 0
      vertex -28.7598 -30.5036 12
      vertex -28.6904 -30.3096 0
    endloop
  endfacet
  facet normal -0.941566 0.336828 0
    outer loop
      vertex -28.6904 -30.3096 12
      vertex -28.6904 -30.3096 0
      vertex -28.7598 -30.5036 12
    endloop
  endfacet
  facet normal -0.903827 0.427899 0
    outer loop
      vertex -28.848 -30.6899 0
      vertex -28.848 -30.6899 12
      vertex -28.7598 -30.5036 0
    endloop
  endfacet
  facet normal -0.903827 0.427899 0
    outer loop
      vertex -28.7598 -30.5036 12
      vertex -28.7598 -30.5036 0
      vertex -28.848 -30.6899 12
    endloop
  endfacet
  facet normal -0.857878 0.513853 0
    outer loop
      vertex -28.9539 -30.8667 0
      vertex -28.9539 -30.8667 12
      vertex -28.848 -30.6899 0
    endloop
  endfacet
  facet normal -0.857878 0.513853 0
    outer loop
      vertex -28.848 -30.6899 12
      vertex -28.848 -30.6899 0
      vertex -28.9539 -30.8667 12
    endloop
  endfacet
  facet normal -0.803076 0.595877 0
    outer loop
      vertex -29.0767 -31.0322 0
      vertex -29.0767 -31.0322 12
      vertex -28.9539 -30.8667 0
    endloop
  endfacet
  facet normal -0.803076 0.595877 0
    outer loop
      vertex -28.9539 -30.8667 12
      vertex -28.9539 -30.8667 0
      vertex -29.0767 -31.0322 12
    endloop
  endfacet
  facet normal -0.740949 0.671561 0
    outer loop
      vertex -29.2151 -31.1849 0
      vertex -29.2151 -31.1849 12
      vertex -29.0767 -31.0322 0
    endloop
  endfacet
  facet normal -0.740949 0.671561 0
    outer loop
      vertex -29.0767 -31.0322 12
      vertex -29.0767 -31.0322 0
      vertex -29.2151 -31.1849 12
    endloop
  endfacet
  facet normal -0.671561 0.740949 0
    outer loop
      vertex -29.3678 -31.3233 0
      vertex -29.3678 -31.3233 12
      vertex -29.2151 -31.1849 0
    endloop
  endfacet
  facet normal -0.671561 0.740949 0
    outer loop
      vertex -29.2151 -31.1849 12
      vertex -29.2151 -31.1849 0
      vertex -29.3678 -31.3233 12
    endloop
  endfacet
  facet normal -0.595877 0.803076 0
    outer loop
      vertex -29.5333 -31.4461 0
      vertex -29.5333 -31.4461 12
      vertex -29.3678 -31.3233 0
    endloop
  endfacet
  facet normal -0.595877 0.803076 0
    outer loop
      vertex -29.3678 -31.3233 12
      vertex -29.3678 -31.3233 0
      vertex -29.5333 -31.4461 12
    endloop
  endfacet
  facet normal -0.513853 0.857878 0
    outer loop
      vertex -29.7101 -31.552 0
      vertex -29.7101 -31.552 12
      vertex -29.5333 -31.4461 0
    endloop
  endfacet
  facet normal -0.513853 0.857878 0
    outer loop
      vertex -29.5333 -31.4461 12
      vertex -29.5333 -31.4461 0
      vertex -29.7101 -31.552 12
    endloop
  endfacet
  facet normal -0.427502 0.904014 0
    outer loop
      vertex -29.8964 -31.6401 0
      vertex -29.8964 -31.6401 12
      vertex -29.7101 -31.552 0
    endloop
  endfacet
  facet normal -0.427502 0.904014 0
    outer loop
      vertex -29.7101 -31.552 12
      vertex -29.7101 -31.552 0
      vertex -29.8964 -31.6401 12
    endloop
  endfacet
  facet normal -0.337258 0.941412 0
    outer loop
      vertex -30.0904 -31.7096 0
      vertex -30.0904 -31.7096 12
      vertex -29.8964 -31.6401 0
    endloop
  endfacet
  facet normal -0.337258 0.941412 0
    outer loop
      vertex -29.8964 -31.6401 12
      vertex -29.8964 -31.6401 0
      vertex -30.0904 -31.7096 12
    endloop
  endfacet
  facet normal -0.24265 0.970114 0
    outer loop
      vertex -30.2903 -31.7596 0
      vertex -30.2903 -31.7596 12
      vertex -30.0904 -31.7096 0
    endloop
  endfacet
  facet normal -0.24265 0.970114 0
    outer loop
      vertex -30.0904 -31.7096 12
      vertex -30.0904 -31.7096 0
      vertex -30.2903 -31.7596 12
    endloop
  endfacet
  facet normal -0.146988 0.989138 0
    outer loop
      vertex -30.4942 -31.7899 0
      vertex -30.4942 -31.7899 12
      vertex -30.2903 -31.7596 0
    endloop
  endfacet
  facet normal -0.146988 0.989138 0
    outer loop
      vertex -30.2903 -31.7596 12
      vertex -30.2903 -31.7596 0
      vertex -30.4942 -31.7899 12
    endloop
  endfacet
  facet normal -0.0490178 0.998798 0
    outer loop
      vertex -30.7 -31.8 0
      vertex -30.7 -31.8 12
      vertex -30.4942 -31.7899 0
    endloop
  endfacet
  facet normal -0.0490178 0.998798 0
    outer loop
      vertex -30.4942 -31.7899 12
      vertex -30.4942 -31.7899 0
      vertex -30.7 -31.8 12
    endloop
  endfacet
  facet normal 0.0490178 0.998798 -0
    outer loop
      vertex -30.9058 -31.7899 0
      vertex -30.9058 -31.7899 12
      vertex -30.7 -31.8 0
    endloop
  endfacet
  facet normal 0.0490178 0.998798 0
    outer loop
      vertex -30.7 -31.8 12
      vertex -30.7 -31.8 0
      vertex -30.9058 -31.7899 12
    endloop
  endfacet
  facet normal 0.146988 0.989138 -0
    outer loop
      vertex 30.2903 -31.7596 0
      vertex 30.2903 -31.7596 12
      vertex 30.4942 -31.7899 0
    endloop
  endfacet
  facet normal 0.146988 0.989138 0
    outer loop
      vertex 30.4942 -31.7899 12
      vertex 30.4942 -31.7899 0
      vertex 30.2903 -31.7596 12
    endloop
  endfacet
  facet normal 0.24265 0.970114 -0
    outer loop
      vertex 30.0904 -31.7096 0
      vertex 30.0904 -31.7096 12
      vertex 30.2903 -31.7596 0
    endloop
  endfacet
  facet normal 0.24265 0.970114 0
    outer loop
      vertex 30.2903 -31.7596 12
      vertex 30.2903 -31.7596 0
      vertex 30.0904 -31.7096 12
    endloop
  endfacet
  facet normal 0.337258 0.941412 -0
    outer loop
      vertex 29.8964 -31.6401 0
      vertex 29.8964 -31.6401 12
      vertex 30.0904 -31.7096 0
    endloop
  endfacet
  facet normal 0.337258 0.941412 0
    outer loop
      vertex 30.0904 -31.7096 12
      vertex 30.0904 -31.7096 0
      vertex 29.8964 -31.6401 12
    endloop
  endfacet
  facet normal 0.427502 0.904014 -0
    outer loop
      vertex 29.7101 -31.552 0
      vertex 29.7101 -31.552 12
      vertex 29.8964 -31.6401 0
    endloop
  endfacet
  facet normal 0.427502 0.904014 0
    outer loop
      vertex 29.8964 -31.6401 12
      vertex 29.8964 -31.6401 0
      vertex 29.7101 -31.552 12
    endloop
  endfacet
  facet normal 0.513853 0.857878 -0
    outer loop
      vertex 29.5333 -31.4461 0
      vertex 29.5333 -31.4461 12
      vertex 29.7101 -31.552 0
    endloop
  endfacet
  facet normal 0.513853 0.857878 0
    outer loop
      vertex 29.7101 -31.552 12
      vertex 29.7101 -31.552 0
      vertex 29.5333 -31.4461 12
    endloop
  endfacet
  facet normal 0.595877 0.803076 -0
    outer loop
      vertex 29.3678 -31.3233 0
      vertex 29.3678 -31.3233 12
      vertex 29.5333 -31.4461 0
    endloop
  endfacet
  facet normal 0.595877 0.803076 0
    outer loop
      vertex 29.5333 -31.4461 12
      vertex 29.5333 -31.4461 0
      vertex 29.3678 -31.3233 12
    endloop
  endfacet
  facet normal 0.671561 0.740949 -0
    outer loop
      vertex 29.2151 -31.1849 0
      vertex 29.2151 -31.1849 12
      vertex 29.3678 -31.3233 0
    endloop
  endfacet
  facet normal 0.671561 0.740949 0
    outer loop
      vertex 29.3678 -31.3233 12
      vertex 29.3678 -31.3233 0
      vertex 29.2151 -31.1849 12
    endloop
  endfacet
  facet normal 0.740949 0.671561 -0
    outer loop
      vertex 29.0767 -31.0322 0
      vertex 29.0767 -31.0322 12
      vertex 29.2151 -31.1849 0
    endloop
  endfacet
  facet normal 0.740949 0.671561 0
    outer loop
      vertex 29.2151 -31.1849 12
      vertex 29.2151 -31.1849 0
      vertex 29.0767 -31.0322 12
    endloop
  endfacet
  facet normal 0.803076 0.595877 -0
    outer loop
      vertex 28.9539 -30.8667 0
      vertex 28.9539 -30.8667 12
      vertex 29.0767 -31.0322 0
    endloop
  endfacet
  facet normal 0.803076 0.595877 0
    outer loop
      vertex 29.0767 -31.0322 12
      vertex 29.0767 -31.0322 0
      vertex 28.9539 -30.8667 12
    endloop
  endfacet
  facet normal 0.857878 0.513853 -0
    outer loop
      vertex 28.848 -30.6899 0
      vertex 28.848 -30.6899 12
      vertex 28.9539 -30.8667 0
    endloop
  endfacet
  facet normal 0.857878 0.513853 0
    outer loop
      vertex 28.9539 -30.8667 12
      vertex 28.9539 -30.8667 0
      vertex 28.848 -30.6899 12
    endloop
  endfacet
  facet normal 0.903827 0.427899 -0
    outer loop
      vertex 28.7598 -30.5036 0
      vertex 28.7598 -30.5036 12
      vertex 28.848 -30.6899 0
    endloop
  endfacet
  facet normal 0.903827 0.427899 0
    outer loop
      vertex 28.848 -30.6899 12
      vertex 28.848 -30.6899 0
      vertex 28.7598 -30.5036 12
    endloop
  endfacet
  facet normal 0.941566 0.336828 -0
    outer loop
      vertex 28.6904 -30.3096 0
      vertex 28.6904 -30.3096 12
      vertex 28.7598 -30.5036 0
    endloop
  endfacet
  facet normal 0.941566 0.336828 0
    outer loop
      vertex 28.7598 -30.5036 12
      vertex 28.7598 -30.5036 0
      vertex 28.6904 -30.3096 12
    endloop
  endfacet
  facet normal 0.970114 0.24265 -0
    outer loop
      vertex 28.6404 -30.1097 0
      vertex 28.6404 -30.1097 12
      vertex 28.6904 -30.3096 0
    endloop
  endfacet
  facet normal 0.970114 0.24265 0
    outer loop
      vertex 28.6904 -30.3096 12
      vertex 28.6904 -30.3096 0
      vertex 28.6404 -30.1097 12
    endloop
  endfacet
  facet normal 0.989138 0.146988 -0
    outer loop
      vertex 28.6101 -29.9058 0
      vertex 28.6101 -29.9058 12
      vertex 28.6404 -30.1097 0
    endloop
  endfacet
  facet normal 0.989138 0.146988 0
    outer loop
      vertex 28.6404 -30.1097 12
      vertex 28.6404 -30.1097 0
      vertex 28.6101 -29.9058 12
    endloop
  endfacet
  facet normal 0.998798 0.0490178 -0
    outer loop
      vertex 28.6 -29.7 0
      vertex 28.6 -29.7 12
      vertex 28.6101 -29.9058 0
    endloop
  endfacet
  facet normal 0.998798 0.0490178 0
    outer loop
      vertex 28.6101 -29.9058 12
      vertex 28.6101 -29.9058 0
      vertex 28.6 -29.7 12
    endloop
  endfacet
  facet normal 0.998798 -0.0490178 0
    outer loop
      vertex 28.6101 -29.4942 0
      vertex 28.6101 -29.4942 12
      vertex 28.6 -29.7 0
    endloop
  endfacet
  facet normal 0.998798 -0.0490178 0
    outer loop
      vertex 28.6 -29.7 12
      vertex 28.6 -29.7 0
      vertex 28.6101 -29.4942 12
    endloop
  endfacet
  facet normal 0.989138 -0.146988 0
    outer loop
      vertex 28.6404 -29.2903 0
      vertex 28.6404 -29.2903 12
      vertex 28.6101 -29.4942 0
    endloop
  endfacet
  facet normal 0.989138 -0.146988 0
    outer loop
      vertex 28.6101 -29.4942 12
      vertex 28.6101 -29.4942 0
      vertex 28.6404 -29.2903 12
    endloop
  endfacet
  facet normal 0.970114 -0.24265 0
    outer loop
      vertex 28.6904 -29.0904 0
      vertex 28.6904 -29.0904 12
      vertex 28.6404 -29.2903 0
    endloop
  endfacet
  facet normal 0.970114 -0.24265 0
    outer loop
      vertex 28.6404 -29.2903 12
      vertex 28.6404 -29.2903 0
      vertex 28.6904 -29.0904 12
    endloop
  endfacet
  facet normal 0.941566 -0.336828 0
    outer loop
      vertex 28.7598 -28.8964 0
      vertex 28.7598 -28.8964 12
      vertex 28.6904 -29.0904 0
    endloop
  endfacet
  facet normal 0.941566 -0.336828 0
    outer loop
      vertex 28.6904 -29.0904 12
      vertex 28.6904 -29.0904 0
      vertex 28.7598 -28.8964 12
    endloop
  endfacet
  facet normal 0.903827 -0.427899 0
    outer loop
      vertex 28.848 -28.7101 0
      vertex 28.848 -28.7101 12
      vertex 28.7598 -28.8964 0
    endloop
  endfacet
  facet normal 0.903827 -0.427899 0
    outer loop
      vertex 28.7598 -28.8964 12
      vertex 28.7598 -28.8964 0
      vertex 28.848 -28.7101 12
    endloop
  endfacet
  facet normal 0.857878 -0.513853 0
    outer loop
      vertex 28.9539 -28.5333 0
      vertex 28.9539 -28.5333 12
      vertex 28.848 -28.7101 0
    endloop
  endfacet
  facet normal 0.857878 -0.513853 0
    outer loop
      vertex 28.848 -28.7101 12
      vertex 28.848 -28.7101 0
      vertex 28.9539 -28.5333 12
    endloop
  endfacet
  facet normal 0.803076 -0.595877 0
    outer loop
      vertex 29.0767 -28.3678 0
      vertex 29.0767 -28.3678 12
      vertex 28.9539 -28.5333 0
    endloop
  endfacet
  facet normal 0.803076 -0.595877 0
    outer loop
      vertex 28.9539 -28.5333 12
      vertex 28.9539 -28.5333 0
      vertex 29.0767 -28.3678 12
    endloop
  endfacet
  facet normal 0.740949 -0.671561 0
    outer loop
      vertex 29.2151 -28.2151 0
      vertex 29.2151 -28.2151 12
      vertex 29.0767 -28.3678 0
    endloop
  endfacet
  facet normal 0.740949 -0.671561 0
    outer loop
      vertex 29.0767 -28.3678 12
      vertex 29.0767 -28.3678 0
      vertex 29.2151 -28.2151 12
    endloop
  endfacet
  facet normal 0.671561 -0.740949 0
    outer loop
      vertex 29.3678 -28.0767 0
      vertex 29.3678 -28.0767 12
      vertex 29.2151 -28.2151 0
    endloop
  endfacet
  facet normal 0.671561 -0.740949 0
    outer loop
      vertex 29.2151 -28.2151 12
      vertex 29.2151 -28.2151 0
      vertex 29.3678 -28.0767 12
    endloop
  endfacet
  facet normal 0.595877 -0.803076 0
    outer loop
      vertex 29.5333 -27.9539 0
      vertex 29.5333 -27.9539 12
      vertex 29.3678 -28.0767 0
    endloop
  endfacet
  facet normal 0.595877 -0.803076 0
    outer loop
      vertex 29.3678 -28.0767 12
      vertex 29.3678 -28.0767 0
      vertex 29.5333 -27.9539 12
    endloop
  endfacet
  facet normal 0.513853 -0.857878 0
    outer loop
      vertex 29.7101 -27.848 0
      vertex 29.7101 -27.848 12
      vertex 29.5333 -27.9539 0
    endloop
  endfacet
  facet normal 0.513853 -0.857878 0
    outer loop
      vertex 29.5333 -27.9539 12
      vertex 29.5333 -27.9539 0
      vertex 29.7101 -27.848 12
    endloop
  endfacet
  facet normal 0.427899 -0.903827 0
    outer loop
      vertex 29.8964 -27.7598 0
      vertex 29.8964 -27.7598 12
      vertex 29.7101 -27.848 0
    endloop
  endfacet
  facet normal 0.427899 -0.903827 0
    outer loop
      vertex 29.7101 -27.848 12
      vertex 29.7101 -27.848 0
      vertex 29.8964 -27.7598 12
    endloop
  endfacet
  facet normal 0.336828 -0.941566 0
    outer loop
      vertex 30.0904 -27.6904 0
      vertex 30.0904 -27.6904 12
      vertex 29.8964 -27.7598 0
    endloop
  endfacet
  facet normal 0.336828 -0.941566 0
    outer loop
      vertex 29.8964 -27.7598 12
      vertex 29.8964 -27.7598 0
      vertex 30.0904 -27.6904 12
    endloop
  endfacet
  facet normal 0.24265 -0.970114 0
    outer loop
      vertex 30.2903 -27.6404 0
      vertex 30.2903 -27.6404 12
      vertex 30.0904 -27.6904 0
    endloop
  endfacet
  facet normal 0.24265 -0.970114 0
    outer loop
      vertex 30.0904 -27.6904 12
      vertex 30.0904 -27.6904 0
      vertex 30.2903 -27.6404 12
    endloop
  endfacet
  facet normal 0.146988 -0.989138 0
    outer loop
      vertex 30.4942 -27.6101 0
      vertex 30.4942 -27.6101 12
      vertex 30.2903 -27.6404 0
    endloop
  endfacet
  facet normal 0.146988 -0.989138 0
    outer loop
      vertex 30.2903 -27.6404 12
      vertex 30.2903 -27.6404 0
      vertex 30.4942 -27.6101 12
    endloop
  endfacet
  facet normal 0.0490178 -0.998798 0
    outer loop
      vertex 30.7 -27.6 0
      vertex 30.7 -27.6 12
      vertex 30.4942 -27.6101 0
    endloop
  endfacet
  facet normal 0.0490178 -0.998798 0
    outer loop
      vertex 30.4942 -27.6101 12
      vertex 30.4942 -27.6101 0
      vertex 30.7 -27.6 12
    endloop
  endfacet
  facet normal -0.0490178 -0.998798 0
    outer loop
      vertex 30.9058 -27.6101 0
      vertex 30.9058 -27.6101 12
      vertex 30.7 -27.6 0
    endloop
  endfacet
  facet normal -0.0490178 -0.998798 -0
    outer loop
      vertex 30.7 -27.6 12
      vertex 30.7 -27.6 0
      vertex 30.9058 -27.6101 12
    endloop
  endfacet
  facet normal -0.146988 -0.989138 0
    outer loop
      vertex 31.1097 -27.6404 0
      vertex 31.1097 -27.6404 12
      vertex 30.9058 -27.6101 0
    endloop
  endfacet
  facet normal -0.146988 -0.989138 -0
    outer loop
      vertex 30.9058 -27.6101 12
      vertex 30.9058 -27.6101 0
      vertex 31.1097 -27.6404 12
    endloop
  endfacet
  facet normal -0.24265 -0.970114 0
    outer loop
      vertex 31.3096 -27.6904 0
      vertex 31.3096 -27.6904 12
      vertex 31.1097 -27.6404 0
    endloop
  endfacet
  facet normal -0.24265 -0.970114 -0
    outer loop
      vertex 31.1097 -27.6404 12
      vertex 31.1097 -27.6404 0
      vertex 31.3096 -27.6904 12
    endloop
  endfacet
  facet normal -0.336828 -0.941566 0
    outer loop
      vertex 31.5036 -27.7598 0
      vertex 31.5036 -27.7598 12
      vertex 31.3096 -27.6904 0
    endloop
  endfacet
  facet normal -0.336828 -0.941566 -0
    outer loop
      vertex 31.3096 -27.6904 12
      vertex 31.3096 -27.6904 0
      vertex 31.5036 -27.7598 12
    endloop
  endfacet
  facet normal -0.427899 -0.903827 0
    outer loop
      vertex 31.6899 -27.848 0
      vertex 31.6899 -27.848 12
      vertex 31.5036 -27.7598 0
    endloop
  endfacet
  facet normal -0.427899 -0.903827 -0
    outer loop
      vertex 31.5036 -27.7598 12
      vertex 31.5036 -27.7598 0
      vertex 31.6899 -27.848 12
    endloop
  endfacet
  facet normal -0.513853 -0.857878 0
    outer loop
      vertex 31.8667 -27.9539 0
      vertex 31.8667 -27.9539 12
      vertex 31.6899 -27.848 0
    endloop
  endfacet
  facet normal -0.513853 -0.857878 -0
    outer loop
      vertex 31.6899 -27.848 12
      vertex 31.6899 -27.848 0
      vertex 31.8667 -27.9539 12
    endloop
  endfacet
  facet normal -0.595877 -0.803076 0
    outer loop
      vertex 32.0322 -28.0767 0
      vertex 32.0322 -28.0767 12
      vertex 31.8667 -27.9539 0
    endloop
  endfacet
  facet normal -0.595877 -0.803076 -0
    outer loop
      vertex 31.8667 -27.9539 12
      vertex 31.8667 -27.9539 0
      vertex 32.0322 -28.0767 12
    endloop
  endfacet
  facet normal -0.671561 -0.740949 0
    outer loop
      vertex 32.1849 -28.2151 0
      vertex 32.1849 -28.2151 12
      vertex 32.0322 -28.0767 0
    endloop
  endfacet
  facet normal -0.671561 -0.740949 -0
    outer loop
      vertex 32.0322 -28.0767 12
      vertex 32.0322 -28.0767 0
      vertex 32.1849 -28.2151 12
    endloop
  endfacet
  facet normal -0.740949 -0.671561 0
    outer loop
      vertex 32.3233 -28.3678 0
      vertex 32.3233 -28.3678 12
      vertex 32.1849 -28.2151 0
    endloop
  endfacet
  facet normal -0.740949 -0.671561 -0
    outer loop
      vertex 32.1849 -28.2151 12
      vertex 32.1849 -28.2151 0
      vertex 32.3233 -28.3678 12
    endloop
  endfacet
  facet normal -0.803076 -0.595877 0
    outer loop
      vertex 32.4461 -28.5333 0
      vertex 32.4461 -28.5333 12
      vertex 32.3233 -28.3678 0
    endloop
  endfacet
  facet normal -0.803076 -0.595877 -0
    outer loop
      vertex 32.3233 -28.3678 12
      vertex 32.3233 -28.3678 0
      vertex 32.4461 -28.5333 12
    endloop
  endfacet
  facet normal -0.857878 -0.513853 0
    outer loop
      vertex 32.552 -28.7101 0
      vertex 32.552 -28.7101 12
      vertex 32.4461 -28.5333 0
    endloop
  endfacet
  facet normal -0.857878 -0.513853 -0
    outer loop
      vertex 32.4461 -28.5333 12
      vertex 32.4461 -28.5333 0
      vertex 32.552 -28.7101 12
    endloop
  endfacet
  facet normal -0.904014 -0.427502 0
    outer loop
      vertex 32.6401 -28.8964 0
      vertex 32.6401 -28.8964 12
      vertex 32.552 -28.7101 0
    endloop
  endfacet
  facet normal -0.904014 -0.427502 -0
    outer loop
      vertex 32.552 -28.7101 12
      vertex 32.552 -28.7101 0
      vertex 32.6401 -28.8964 12
    endloop
  endfacet
  facet normal -0.941412 -0.337258 0
    outer loop
      vertex 32.7096 -29.0904 0
      vertex 32.7096 -29.0904 12
      vertex 32.6401 -28.8964 0
    endloop
  endfacet
  facet normal -0.941412 -0.337258 -0
    outer loop
      vertex 32.6401 -28.8964 12
      vertex 32.6401 -28.8964 0
      vertex 32.7096 -29.0904 12
    endloop
  endfacet
  facet normal -0.970114 -0.24265 0
    outer loop
      vertex 32.7596 -29.2903 0
      vertex 32.7596 -29.2903 12
      vertex 32.7096 -29.0904 0
    endloop
  endfacet
  facet normal -0.970114 -0.24265 -0
    outer loop
      vertex 32.7096 -29.0904 12
      vertex 32.7096 -29.0904 0
      vertex 32.7596 -29.2903 12
    endloop
  endfacet
  facet normal -0.989138 -0.146988 0
    outer loop
      vertex 32.7899 -29.4942 0
      vertex 32.7899 -29.4942 12
      vertex 32.7596 -29.2903 0
    endloop
  endfacet
  facet normal -0.989138 -0.146988 -0
    outer loop
      vertex 32.7596 -29.2903 12
      vertex 32.7596 -29.2903 0
      vertex 32.7899 -29.4942 12
    endloop
  endfacet
  facet normal -0.998798 -0.0490178 0
    outer loop
      vertex 32.8 -29.7 0
      vertex 32.8 -29.7 12
      vertex 32.7899 -29.4942 0
    endloop
  endfacet
  facet normal -0.998798 -0.0490178 -0
    outer loop
      vertex 32.7899 -29.4942 12
      vertex 32.7899 -29.4942 0
      vertex 32.8 -29.7 12
    endloop
  endfacet
  facet normal -0.998798 0.0490178 0
    outer loop
      vertex 32.7899 -29.9058 0
      vertex 32.7899 -29.9058 12
      vertex 32.8 -29.7 0
    endloop
  endfacet
  facet normal -0.998798 0.0490178 0
    outer loop
      vertex 32.8 -29.7 12
      vertex 32.8 -29.7 0
      vertex 32.7899 -29.9058 12
    endloop
  endfacet
  facet normal -0.989138 0.146988 0
    outer loop
      vertex 32.7596 -30.1097 0
      vertex 32.7596 -30.1097 12
      vertex 32.7899 -29.9058 0
    endloop
  endfacet
  facet normal -0.989138 0.146988 0
    outer loop
      vertex 32.7899 -29.9058 12
      vertex 32.7899 -29.9058 0
      vertex 32.7596 -30.1097 12
    endloop
  endfacet
  facet normal -0.970114 0.24265 0
    outer loop
      vertex 32.7096 -30.3096 0
      vertex 32.7096 -30.3096 12
      vertex 32.7596 -30.1097 0
    endloop
  endfacet
  facet normal -0.970114 0.24265 0
    outer loop
      vertex 32.7596 -30.1097 12
      vertex 32.7596 -30.1097 0
      vertex 32.7096 -30.3096 12
    endloop
  endfacet
  facet normal -0.941412 0.337258 0
    outer loop
      vertex 32.6401 -30.5036 0
      vertex 32.6401 -30.5036 12
      vertex 32.7096 -30.3096 0
    endloop
  endfacet
  facet normal -0.941412 0.337258 0
    outer loop
      vertex 32.7096 -30.3096 12
      vertex 32.7096 -30.3096 0
      vertex 32.6401 -30.5036 12
    endloop
  endfacet
  facet normal -0.904014 0.427502 0
    outer loop
      vertex 32.552 -30.6899 0
      vertex 32.552 -30.6899 12
      vertex 32.6401 -30.5036 0
    endloop
  endfacet
  facet normal -0.904014 0.427502 0
    outer loop
      vertex 32.6401 -30.5036 12
      vertex 32.6401 -30.5036 0
      vertex 32.552 -30.6899 12
    endloop
  endfacet
  facet normal -0.857878 0.513853 0
    outer loop
      vertex 32.4461 -30.8667 0
      vertex 32.4461 -30.8667 12
      vertex 32.552 -30.6899 0
    endloop
  endfacet
  facet normal -0.857878 0.513853 0
    outer loop
      vertex 32.552 -30.6899 12
      vertex 32.552 -30.6899 0
      vertex 32.4461 -30.8667 12
    endloop
  endfacet
  facet normal -0.803076 0.595877 0
    outer loop
      vertex 32.3233 -31.0322 0
      vertex 32.3233 -31.0322 12
      vertex 32.4461 -30.8667 0
    endloop
  endfacet
  facet normal -0.803076 0.595877 0
    outer loop
      vertex 32.4461 -30.8667 12
      vertex 32.4461 -30.8667 0
      vertex 32.3233 -31.0322 12
    endloop
  endfacet
  facet normal -0.740949 0.671561 0
    outer loop
      vertex 32.1849 -31.1849 0
      vertex 32.1849 -31.1849 12
      vertex 32.3233 -31.0322 0
    endloop
  endfacet
  facet normal -0.740949 0.671561 0
    outer loop
      vertex 32.3233 -31.0322 12
      vertex 32.3233 -31.0322 0
      vertex 32.1849 -31.1849 12
    endloop
  endfacet
  facet normal -0.671561 0.740949 0
    outer loop
      vertex 32.0322 -31.3233 0
      vertex 32.0322 -31.3233 12
      vertex 32.1849 -31.1849 0
    endloop
  endfacet
  facet normal -0.671561 0.740949 0
    outer loop
      vertex 32.1849 -31.1849 12
      vertex 32.1849 -31.1849 0
      vertex 32.0322 -31.3233 12
    endloop
  endfacet
  facet normal -0.595877 0.803076 0
    outer loop
      vertex 31.8667 -31.4461 0
      vertex 31.8667 -31.4461 12
      vertex 32.0322 -31.3233 0
    endloop
  endfacet
  facet normal -0.595877 0.803076 0
    outer loop
      vertex 32.0322 -31.3233 12
      vertex 32.0322 -31.3233 0
      vertex 31.8667 -31.4461 12
    endloop
  endfacet
  facet normal -0.513853 0.857878 0
    outer loop
      vertex 31.6899 -31.552 0
      vertex 31.6899 -31.552 12
      vertex 31.8667 -31.4461 0
    endloop
  endfacet
  facet normal -0.513853 0.857878 0
    outer loop
      vertex 31.8667 -31.4461 12
      vertex 31.8667 -31.4461 0
      vertex 31.6899 -31.552 12
    endloop
  endfacet
  facet normal -0.427502 0.904014 0
    outer loop
      vertex 31.5036 -31.6401 0
      vertex 31.5036 -31.6401 12
      vertex 31.6899 -31.552 0
    endloop
  endfacet
  facet normal -0.427502 0.904014 0
    outer loop
      vertex 31.6899 -31.552 12
      vertex 31.6899 -31.552 0
      vertex 31.5036 -31.6401 12
    endloop
  endfacet
  facet normal -0.337258 0.941412 0
    outer loop
      vertex 31.3096 -31.7096 0
      vertex 31.3096 -31.7096 12
      vertex 31.5036 -31.6401 0
    endloop
  endfacet
  facet normal -0.337258 0.941412 0
    outer loop
      vertex 31.5036 -31.6401 12
      vertex 31.5036 -31.6401 0
      vertex 31.3096 -31.7096 12
    endloop
  endfacet
  facet normal -0.24265 0.970114 0
    outer loop
      vertex 31.1097 -31.7596 0
      vertex 31.1097 -31.7596 12
      vertex 31.3096 -31.7096 0
    endloop
  endfacet
  facet normal -0.24265 0.970114 0
    outer loop
      vertex 31.3096 -31.7096 12
      vertex 31.3096 -31.7096 0
      vertex 31.1097 -31.7596 12
    endloop
  endfacet
  facet normal -0.146988 0.989138 0
    outer loop
      vertex 30.9058 -31.7899 0
      vertex 30.9058 -31.7899 12
      vertex 31.1097 -31.7596 0
    endloop
  endfacet
  facet normal -0.146988 0.989138 0
    outer loop
      vertex 31.1097 -31.7596 12
      vertex 31.1097 -31.7596 0
      vertex 30.9058 -31.7899 12
    endloop
  endfacet
  facet normal -0.0490178 0.998798 0
    outer loop
      vertex 30.7 -31.8 0
      vertex 30.7 -31.8 12
      vertex 30.9058 -31.7899 0
    endloop
  endfacet
  facet normal -0.0490178 0.998798 0
    outer loop
      vertex 30.9058 -31.7899 12
      vertex 30.9058 -31.7899 0
      vertex 30.7 -31.8 12
    endloop
  endfacet
  facet normal 0.0490178 0.998798 -0
    outer loop
      vertex 30.4942 -31.7899 0
      vertex 30.4942 -31.7899 12
      vertex 30.7 -31.8 0
    endloop
  endfacet
  facet normal 0.0490178 0.998798 0
    outer loop
      vertex 30.7 -31.8 12
      vertex 30.7 -31.8 0
      vertex 30.4942 -31.7899 12
    endloop
  endfacet
endsolid OpenSCAD_Model
