solid OpenSCAD_Model
  facet normal 0.243015 -0.970023 0
    outer loop
      vertex 49.7857 -48.2663 0
      vertex 50.5473 -48.0755 34.4
      vertex 49.7857 -48.2663 34.4
    endloop
  endfacet
  facet normal 0.243015 -0.970023 0
    outer loop
      vertex 50.5473 -48.0755 34.4
      vertex 49.7857 -48.2663 0
      vertex 50.5473 -48.0755 0
    endloop
  endfacet
  facet normal 0.0490418 -0.998797 0
    outer loop
      vertex 48.225 -48.42 0
      vertex 49.0091 -48.3815 34.4
      vertex 48.225 -48.42 34.4
    endloop
  endfacet
  facet normal 0.0490418 -0.998797 0
    outer loop
      vertex 49.0091 -48.3815 34.4
      vertex 48.225 -48.42 0
      vertex 49.0091 -48.3815 0
    endloop
  endfacet
  facet normal -0.146733 0.989176 0
    outer loop
      vertex -49.0091 48.3815 0
      vertex -49.7857 48.2663 34.4
      vertex -49.0091 48.3815 34.4
    endloop
  endfacet
  facet normal -0.146733 0.989176 0
    outer loop
      vertex -49.7857 48.2663 34.4
      vertex -49.0091 48.3815 0
      vertex -49.7857 48.2663 0
    endloop
  endfacet
  facet normal 0.146733 -0.989176 0
    outer loop
      vertex 49.0091 -48.3815 0
      vertex 49.7857 -48.2663 34.4
      vertex 49.0091 -48.3815 34.4
    endloop
  endfacet
  facet normal 0.146733 -0.989176 0
    outer loop
      vertex 49.7857 -48.2663 34.4
      vertex 49.0091 -48.3815 0
      vertex 49.7857 -48.2663 0
    endloop
  endfacet
  facet normal 0.741023 0.67148 0
    outer loop
      vertex 54.4091 45.4951 34.4
      vertex 53.8819 46.0769 0
      vertex 53.8819 46.0769 34.4
    endloop
  endfacet
  facet normal 0.741023 0.67148 0
    outer loop
      vertex 53.8819 46.0769 0
      vertex 54.4091 45.4951 34.4
      vertex 54.4091 45.4951 0
    endloop
  endfacet
  facet normal -0.998797 0.0490418 0
    outer loop
      vertex -56.225 40.42 0
      vertex -56.1865 41.2041 34.4
      vertex -56.1865 41.2041 0
    endloop
  endfacet
  facet normal -0.998797 0.0490418 0
    outer loop
      vertex -56.1865 41.2041 34.4
      vertex -56.225 40.42 0
      vertex -56.225 40.42 34.4
    endloop
  endfacet
  facet normal 0 0 1
    outer loop
      vertex 53.725 40.42 34.4
      vertex 56.225 40.42 34.4
      vertex 56.1865 41.2041 34.4
    endloop
  endfacet
  facet normal 0 0 1
    outer loop
      vertex 56.225 40.42 34.4
      vertex 53.725 40.42 34.4
      vertex 56.225 -40.42 34.4
    endloop
  endfacet
  facet normal 0 0 1
    outer loop
      vertex 53.6985 40.9591 34.4
      vertex 56.1865 41.2041 34.4
      vertex 56.0713 41.9807 34.4
    endloop
  endfacet
  facet normal 0 0 1
    outer loop
      vertex 53.725 -40.42 34.4
      vertex 56.225 -40.42 34.4
      vertex 53.725 40.42 34.4
    endloop
  endfacet
  facet normal 0 0 1
    outer loop
      vertex 53.6193 41.493 34.4
      vertex 56.0713 41.9807 34.4
      vertex 55.8805 42.7423 34.4
    endloop
  endfacet
  facet normal 0 0 1
    outer loop
      vertex 56.225 -40.42 34.4
      vertex 53.725 -40.42 34.4
      vertex 56.1865 -41.2041 34.4
    endloop
  endfacet
  facet normal 0 0 1
    outer loop
      vertex 53.4882 42.0166 34.4
      vertex 55.8805 42.7423 34.4
      vertex 55.616 43.4815 34.4
    endloop
  endfacet
  facet normal -0 0 1
    outer loop
      vertex 53.6985 -40.9591 34.4
      vertex 56.1865 -41.2041 34.4
      vertex 53.725 -40.42 34.4
    endloop
  endfacet
  facet normal 0 0 1
    outer loop
      vertex 53.3063 42.5247 34.4
      vertex 55.616 43.4815 34.4
      vertex 55.2804 44.1912 34.4
    endloop
  endfacet
  facet normal 0 0 1
    outer loop
      vertex 56.1865 -41.2041 34.4
      vertex 53.6985 -40.9591 34.4
      vertex 56.0713 -41.9807 34.4
    endloop
  endfacet
  facet normal 0 0 1
    outer loop
      vertex 53.0756 43.0127 34.4
      vertex 55.2804 44.1912 34.4
      vertex 54.8768 44.8646 34.4
    endloop
  endfacet
  facet normal -0 0 1
    outer loop
      vertex 53.6193 -41.493 34.4
      vertex 56.0713 -41.9807 34.4
      vertex 53.6985 -40.9591 34.4
    endloop
  endfacet
  facet normal 0 0 1
    outer loop
      vertex 52.7981 43.4756 34.4
      vertex 54.8768 44.8646 34.4
      vertex 54.4091 45.4951 34.4
    endloop
  endfacet
  facet normal 0 0 1
    outer loop
      vertex 56.0713 -41.9807 34.4
      vertex 53.6193 -41.493 34.4
      vertex 55.8805 -42.7423 34.4
    endloop
  endfacet
  facet normal 0 0 1
    outer loop
      vertex 52.4765 43.9092 34.4
      vertex 54.4091 45.4951 34.4
      vertex 53.8819 46.0769 34.4
    endloop
  endfacet
  facet normal -0 0 1
    outer loop
      vertex 53.4882 -42.0166 34.4
      vertex 55.8805 -42.7423 34.4
      vertex 53.6193 -41.493 34.4
    endloop
  endfacet
  facet normal 0 0 1
    outer loop
      vertex 55.8805 -42.7423 34.4
      vertex 53.4882 -42.0166 34.4
      vertex 55.616 -43.4815 34.4
    endloop
  endfacet
  facet normal 0 0 1
    outer loop
      vertex 56.1865 41.2041 34.4
      vertex 53.6985 40.9591 34.4
      vertex 53.725 40.42 34.4
    endloop
  endfacet
  facet normal 0 0 1
    outer loop
      vertex 56.0713 41.9807 34.4
      vertex 53.6193 41.493 34.4
      vertex 53.6985 40.9591 34.4
    endloop
  endfacet
  facet normal 0 0 1
    outer loop
      vertex 55.8805 42.7423 34.4
      vertex 53.4882 42.0166 34.4
      vertex 53.6193 41.493 34.4
    endloop
  endfacet
  facet normal 0 0 1
    outer loop
      vertex 55.616 43.4815 34.4
      vertex 53.3063 42.5247 34.4
      vertex 53.4882 42.0166 34.4
    endloop
  endfacet
  facet normal 0 0 1
    outer loop
      vertex 52.1141 44.3091 34.4
      vertex 53.8819 46.0769 34.4
      vertex 53.3001 46.6041 34.4
    endloop
  endfacet
  facet normal 0 0 1
    outer loop
      vertex 55.2804 44.1912 34.4
      vertex 53.0756 43.0127 34.4
      vertex 53.3063 42.5247 34.4
    endloop
  endfacet
  facet normal 0 0 1
    outer loop
      vertex 54.8768 44.8646 34.4
      vertex 52.7981 43.4756 34.4
      vertex 53.0756 43.0127 34.4
    endloop
  endfacet
  facet normal 0 0 1
    outer loop
      vertex 51.7142 44.6716 34.4
      vertex 53.3001 46.6041 34.4
      vertex 52.6696 47.0718 34.4
    endloop
  endfacet
  facet normal 0 0 1
    outer loop
      vertex 54.4091 45.4951 34.4
      vertex 52.4765 43.9092 34.4
      vertex 52.7981 43.4756 34.4
    endloop
  endfacet
  facet normal 0 0 1
    outer loop
      vertex 53.8819 46.0769 34.4
      vertex 52.1141 44.3091 34.4
      vertex 52.4765 43.9092 34.4
    endloop
  endfacet
  facet normal 0 0 1
    outer loop
      vertex 51.2806 44.9931 34.4
      vertex 52.6696 47.0718 34.4
      vertex 51.9962 47.4754 34.4
    endloop
  endfacet
  facet normal 0 0 1
    outer loop
      vertex 53.3001 46.6041 34.4
      vertex 51.7142 44.6716 34.4
      vertex 52.1141 44.3091 34.4
    endloop
  endfacet
  facet normal 0 0 1
    outer loop
      vertex 50.8177 45.2706 34.4
      vertex 51.9962 47.4754 34.4
      vertex 51.2865 47.811 34.4
    endloop
  endfacet
  facet normal 0 0 1
    outer loop
      vertex 52.6696 47.0718 34.4
      vertex 51.2806 44.9931 34.4
      vertex 51.7142 44.6716 34.4
    endloop
  endfacet
  facet normal 0 0 1
    outer loop
      vertex 51.9962 47.4754 34.4
      vertex 50.8177 45.2706 34.4
      vertex 51.2806 44.9931 34.4
    endloop
  endfacet
  facet normal 0 0 1
    outer loop
      vertex 50.3297 45.5013 34.4
      vertex 51.2865 47.811 34.4
      vertex 50.5473 48.0755 34.4
    endloop
  endfacet
  facet normal 0 0 1
    outer loop
      vertex 51.2865 47.811 34.4
      vertex 50.3297 45.5013 34.4
      vertex 50.8177 45.2706 34.4
    endloop
  endfacet
  facet normal 0 0 1
    outer loop
      vertex 50.5473 48.0755 34.4
      vertex 49.8216 45.6832 34.4
      vertex 50.3297 45.5013 34.4
    endloop
  endfacet
  facet normal 0 0 1
    outer loop
      vertex 49.7857 48.2663 34.4
      vertex 49.8216 45.6832 34.4
      vertex 50.5473 48.0755 34.4
    endloop
  endfacet
  facet normal 0 0 1
    outer loop
      vertex 49.7857 48.2663 34.4
      vertex 49.298 45.8143 34.4
      vertex 49.8216 45.6832 34.4
    endloop
  endfacet
  facet normal 0 0 1
    outer loop
      vertex 49.0091 48.3815 34.4
      vertex 49.298 45.8143 34.4
      vertex 49.7857 48.2663 34.4
    endloop
  endfacet
  facet normal 0 0 1
    outer loop
      vertex 49.0091 48.3815 34.4
      vertex 48.7641 45.8935 34.4
      vertex 49.298 45.8143 34.4
    endloop
  endfacet
  facet normal 0 0 1
    outer loop
      vertex 48.225 48.42 34.4
      vertex 48.7641 45.8935 34.4
      vertex 49.0091 48.3815 34.4
    endloop
  endfacet
  facet normal 0 0 1
    outer loop
      vertex 48.225 48.42 34.4
      vertex 48.225 45.92 34.4
      vertex 48.7641 45.8935 34.4
    endloop
  endfacet
  facet normal -0 0 1
    outer loop
      vertex -48.225 48.42 34.4
      vertex 48.225 45.92 34.4
      vertex 48.225 48.42 34.4
    endloop
  endfacet
  facet normal 0 0 1
    outer loop
      vertex -48.225 48.42 34.4
      vertex -48.225 45.92 34.4
      vertex 48.225 45.92 34.4
    endloop
  endfacet
  facet normal 0 0 1
    outer loop
      vertex -48.225 48.42 34.4
      vertex -48.7641 45.8935 34.4
      vertex -48.225 45.92 34.4
    endloop
  endfacet
  facet normal -0 0 1
    outer loop
      vertex -49.0091 48.3815 34.4
      vertex -48.7641 45.8935 34.4
      vertex -48.225 48.42 34.4
    endloop
  endfacet
  facet normal 0 0 1
    outer loop
      vertex -49.0091 48.3815 34.4
      vertex -49.298 45.8143 34.4
      vertex -48.7641 45.8935 34.4
    endloop
  endfacet
  facet normal -0 0 1
    outer loop
      vertex -49.7857 48.2663 34.4
      vertex -49.298 45.8143 34.4
      vertex -49.0091 48.3815 34.4
    endloop
  endfacet
  facet normal 0 0 1
    outer loop
      vertex -49.7857 48.2663 34.4
      vertex -49.8216 45.6832 34.4
      vertex -49.298 45.8143 34.4
    endloop
  endfacet
  facet normal -0 0 1
    outer loop
      vertex -50.5473 48.0755 34.4
      vertex -49.8216 45.6832 34.4
      vertex -49.7857 48.2663 34.4
    endloop
  endfacet
  facet normal 0 0 1
    outer loop
      vertex -49.8216 45.6832 34.4
      vertex -50.5473 48.0755 34.4
      vertex -50.3297 45.5013 34.4
    endloop
  endfacet
  facet normal -0 0 1
    outer loop
      vertex -51.2865 47.811 34.4
      vertex -50.3297 45.5013 34.4
      vertex -50.5473 48.0755 34.4
    endloop
  endfacet
  facet normal 0 0 1
    outer loop
      vertex -50.3297 45.5013 34.4
      vertex -51.2865 47.811 34.4
      vertex -50.8177 45.2706 34.4
    endloop
  endfacet
  facet normal -0 0 1
    outer loop
      vertex -51.9962 47.4754 34.4
      vertex -50.8177 45.2706 34.4
      vertex -51.2865 47.811 34.4
    endloop
  endfacet
  facet normal 0 0 1
    outer loop
      vertex -50.8177 45.2706 34.4
      vertex -51.9962 47.4754 34.4
      vertex -51.2806 44.9931 34.4
    endloop
  endfacet
  facet normal -0 0 1
    outer loop
      vertex -52.6696 47.0718 34.4
      vertex -51.2806 44.9931 34.4
      vertex -51.9962 47.4754 34.4
    endloop
  endfacet
  facet normal 0 0 1
    outer loop
      vertex -51.2806 44.9931 34.4
      vertex -52.6696 47.0718 34.4
      vertex -51.7142 44.6716 34.4
    endloop
  endfacet
  facet normal -0 0 1
    outer loop
      vertex -53.3001 46.6041 34.4
      vertex -51.7142 44.6716 34.4
      vertex -52.6696 47.0718 34.4
    endloop
  endfacet
  facet normal 0 0 1
    outer loop
      vertex -51.7142 44.6716 34.4
      vertex -53.3001 46.6041 34.4
      vertex -52.1141 44.3091 34.4
    endloop
  endfacet
  facet normal -0 0 1
    outer loop
      vertex -53.8819 46.0769 34.4
      vertex -52.1141 44.3091 34.4
      vertex -53.3001 46.6041 34.4
    endloop
  endfacet
  facet normal 0 0 1
    outer loop
      vertex -52.1141 44.3091 34.4
      vertex -53.8819 46.0769 34.4
      vertex -52.4765 43.9092 34.4
    endloop
  endfacet
  facet normal -0 0 1
    outer loop
      vertex -54.4091 45.4951 34.4
      vertex -52.4765 43.9092 34.4
      vertex -53.8819 46.0769 34.4
    endloop
  endfacet
  facet normal 0 0 1
    outer loop
      vertex -52.4765 43.9092 34.4
      vertex -54.4091 45.4951 34.4
      vertex -52.7981 43.4756 34.4
    endloop
  endfacet
  facet normal -0 0 1
    outer loop
      vertex -54.8768 44.8646 34.4
      vertex -52.7981 43.4756 34.4
      vertex -54.4091 45.4951 34.4
    endloop
  endfacet
  facet normal 0 0 1
    outer loop
      vertex -52.7981 43.4756 34.4
      vertex -54.8768 44.8646 34.4
      vertex -53.0756 43.0127 34.4
    endloop
  endfacet
  facet normal -0 0 1
    outer loop
      vertex -55.2804 44.1912 34.4
      vertex -53.0756 43.0127 34.4
      vertex -54.8768 44.8646 34.4
    endloop
  endfacet
  facet normal 0 0 1
    outer loop
      vertex -53.3063 42.5247 34.4
      vertex -55.616 43.4815 34.4
      vertex -53.4882 42.0166 34.4
    endloop
  endfacet
  facet normal -0 0 1
    outer loop
      vertex -55.616 43.4815 34.4
      vertex -53.3063 42.5247 34.4
      vertex -55.2804 44.1912 34.4
    endloop
  endfacet
  facet normal 0 0 1
    outer loop
      vertex -53.0756 43.0127 34.4
      vertex -55.2804 44.1912 34.4
      vertex -53.3063 42.5247 34.4
    endloop
  endfacet
  facet normal -0 0 1
    outer loop
      vertex 53.3063 -42.5247 34.4
      vertex 55.616 -43.4815 34.4
      vertex 53.4882 -42.0166 34.4
    endloop
  endfacet
  facet normal 0 0 1
    outer loop
      vertex 55.616 -43.4815 34.4
      vertex 53.3063 -42.5247 34.4
      vertex 55.2804 -44.1912 34.4
    endloop
  endfacet
  facet normal -0 0 1
    outer loop
      vertex 53.0756 -43.0127 34.4
      vertex 55.2804 -44.1912 34.4
      vertex 53.3063 -42.5247 34.4
    endloop
  endfacet
  facet normal 0 0 1
    outer loop
      vertex 55.2804 -44.1912 34.4
      vertex 53.0756 -43.0127 34.4
      vertex 54.8768 -44.8646 34.4
    endloop
  endfacet
  facet normal -0 0 1
    outer loop
      vertex 52.7981 -43.4756 34.4
      vertex 54.8768 -44.8646 34.4
      vertex 53.0756 -43.0127 34.4
    endloop
  endfacet
  facet normal 0 0 1
    outer loop
      vertex 54.8768 -44.8646 34.4
      vertex 52.7981 -43.4756 34.4
      vertex 54.4091 -45.4951 34.4
    endloop
  endfacet
  facet normal -0 0 1
    outer loop
      vertex 52.4765 -43.9092 34.4
      vertex 54.4091 -45.4951 34.4
      vertex 52.7981 -43.4756 34.4
    endloop
  endfacet
  facet normal 0 0 1
    outer loop
      vertex 54.4091 -45.4951 34.4
      vertex 52.4765 -43.9092 34.4
      vertex 53.8819 -46.0769 34.4
    endloop
  endfacet
  facet normal -0 0 1
    outer loop
      vertex 52.1141 -44.3091 34.4
      vertex 53.8819 -46.0769 34.4
      vertex 52.4765 -43.9092 34.4
    endloop
  endfacet
  facet normal 0 0 1
    outer loop
      vertex 53.8819 -46.0769 34.4
      vertex 52.1141 -44.3091 34.4
      vertex 53.3001 -46.6041 34.4
    endloop
  endfacet
  facet normal -0 0 1
    outer loop
      vertex 51.7142 -44.6716 34.4
      vertex 53.3001 -46.6041 34.4
      vertex 52.1141 -44.3091 34.4
    endloop
  endfacet
  facet normal 0 0 1
    outer loop
      vertex 53.3001 -46.6041 34.4
      vertex 51.7142 -44.6716 34.4
      vertex 52.6696 -47.0718 34.4
    endloop
  endfacet
  facet normal -0 0 1
    outer loop
      vertex 51.2806 -44.9931 34.4
      vertex 52.6696 -47.0718 34.4
      vertex 51.7142 -44.6716 34.4
    endloop
  endfacet
  facet normal 0 0 1
    outer loop
      vertex 52.6696 -47.0718 34.4
      vertex 51.2806 -44.9931 34.4
      vertex 51.9962 -47.4754 34.4
    endloop
  endfacet
  facet normal -0 0 1
    outer loop
      vertex 50.8177 -45.2706 34.4
      vertex 51.9962 -47.4754 34.4
      vertex 51.2806 -44.9931 34.4
    endloop
  endfacet
  facet normal 0 0 1
    outer loop
      vertex 51.9962 -47.4754 34.4
      vertex 50.8177 -45.2706 34.4
      vertex 51.2865 -47.811 34.4
    endloop
  endfacet
  facet normal -0 0 1
    outer loop
      vertex 50.3297 -45.5013 34.4
      vertex 51.2865 -47.811 34.4
      vertex 50.8177 -45.2706 34.4
    endloop
  endfacet
  facet normal 0 0 1
    outer loop
      vertex 51.2865 -47.811 34.4
      vertex 50.3297 -45.5013 34.4
      vertex 50.5473 -48.0755 34.4
    endloop
  endfacet
  facet normal -0 0 1
    outer loop
      vertex 49.8216 -45.6832 34.4
      vertex 50.5473 -48.0755 34.4
      vertex 50.3297 -45.5013 34.4
    endloop
  endfacet
  facet normal 0 0 1
    outer loop
      vertex 49.8216 -45.6832 34.4
      vertex 49.7857 -48.2663 34.4
      vertex 50.5473 -48.0755 34.4
    endloop
  endfacet
  facet normal -0 0 1
    outer loop
      vertex 49.298 -45.8143 34.4
      vertex 49.7857 -48.2663 34.4
      vertex 49.8216 -45.6832 34.4
    endloop
  endfacet
  facet normal 0 0 1
    outer loop
      vertex 49.298 -45.8143 34.4
      vertex 49.0091 -48.3815 34.4
      vertex 49.7857 -48.2663 34.4
    endloop
  endfacet
  facet normal -0 0 1
    outer loop
      vertex 48.7641 -45.8935 34.4
      vertex 49.0091 -48.3815 34.4
      vertex 49.298 -45.8143 34.4
    endloop
  endfacet
  facet normal -0 0 1
    outer loop
      vertex 48.225 -45.92 34.4
      vertex 49.0091 -48.3815 34.4
      vertex 48.7641 -45.8935 34.4
    endloop
  endfacet
  facet normal 0 0 1
    outer loop
      vertex 48.225 -45.92 34.4
      vertex 48.225 -48.42 34.4
      vertex 49.0091 -48.3815 34.4
    endloop
  endfacet
  facet normal -0 0 1
    outer loop
      vertex -48.225 -45.92 34.4
      vertex 48.225 -48.42 34.4
      vertex 48.225 -45.92 34.4
    endloop
  endfacet
  facet normal 0 0 1
    outer loop
      vertex -48.225 -45.92 34.4
      vertex -48.225 -48.42 34.4
      vertex 48.225 -48.42 34.4
    endloop
  endfacet
  facet normal 0 0 1
    outer loop
      vertex -48.7641 -45.8935 34.4
      vertex -48.225 -48.42 34.4
      vertex -48.225 -45.92 34.4
    endloop
  endfacet
  facet normal 0 0 1
    outer loop
      vertex -48.7641 -45.8935 34.4
      vertex -49.0091 -48.3815 34.4
      vertex -48.225 -48.42 34.4
    endloop
  endfacet
  facet normal 0 0 1
    outer loop
      vertex -49.298 -45.8143 34.4
      vertex -49.0091 -48.3815 34.4
      vertex -48.7641 -45.8935 34.4
    endloop
  endfacet
  facet normal 0 0 1
    outer loop
      vertex -49.298 -45.8143 34.4
      vertex -49.7857 -48.2663 34.4
      vertex -49.0091 -48.3815 34.4
    endloop
  endfacet
  facet normal 0 0 1
    outer loop
      vertex -49.8216 -45.6832 34.4
      vertex -49.7857 -48.2663 34.4
      vertex -49.298 -45.8143 34.4
    endloop
  endfacet
  facet normal 0 0 1
    outer loop
      vertex -50.5473 -48.0755 34.4
      vertex -49.8216 -45.6832 34.4
      vertex -50.3297 -45.5013 34.4
    endloop
  endfacet
  facet normal 0 0 1
    outer loop
      vertex -49.8216 -45.6832 34.4
      vertex -50.5473 -48.0755 34.4
      vertex -49.7857 -48.2663 34.4
    endloop
  endfacet
  facet normal 0 0 1
    outer loop
      vertex -51.2865 -47.811 34.4
      vertex -50.3297 -45.5013 34.4
      vertex -50.8177 -45.2706 34.4
    endloop
  endfacet
  facet normal 0 0 1
    outer loop
      vertex -51.9962 -47.4754 34.4
      vertex -50.8177 -45.2706 34.4
      vertex -51.2806 -44.9931 34.4
    endloop
  endfacet
  facet normal 0 0 1
    outer loop
      vertex -50.3297 -45.5013 34.4
      vertex -51.2865 -47.811 34.4
      vertex -50.5473 -48.0755 34.4
    endloop
  endfacet
  facet normal 0 0 1
    outer loop
      vertex -52.6696 -47.0718 34.4
      vertex -51.2806 -44.9931 34.4
      vertex -51.7142 -44.6716 34.4
    endloop
  endfacet
  facet normal 0 0 1
    outer loop
      vertex -50.8177 -45.2706 34.4
      vertex -51.9962 -47.4754 34.4
      vertex -51.2865 -47.811 34.4
    endloop
  endfacet
  facet normal 0 0 1
    outer loop
      vertex -53.3001 -46.6041 34.4
      vertex -51.7142 -44.6716 34.4
      vertex -52.1141 -44.3091 34.4
    endloop
  endfacet
  facet normal 0 0 1
    outer loop
      vertex -53.8819 -46.0769 34.4
      vertex -52.1141 -44.3091 34.4
      vertex -52.4765 -43.9092 34.4
    endloop
  endfacet
  facet normal 0 0 1
    outer loop
      vertex -51.2806 -44.9931 34.4
      vertex -52.6696 -47.0718 34.4
      vertex -51.9962 -47.4754 34.4
    endloop
  endfacet
  facet normal 0 0 1
    outer loop
      vertex -54.4091 -45.4951 34.4
      vertex -52.4765 -43.9092 34.4
      vertex -52.7981 -43.4756 34.4
    endloop
  endfacet
  facet normal 0 0 1
    outer loop
      vertex -54.8768 -44.8646 34.4
      vertex -52.7981 -43.4756 34.4
      vertex -53.0756 -43.0127 34.4
    endloop
  endfacet
  facet normal 0 0 1
    outer loop
      vertex -51.7142 -44.6716 34.4
      vertex -53.3001 -46.6041 34.4
      vertex -52.6696 -47.0718 34.4
    endloop
  endfacet
  facet normal 0 0 1
    outer loop
      vertex -55.2804 -44.1912 34.4
      vertex -53.0756 -43.0127 34.4
      vertex -53.3063 -42.5247 34.4
    endloop
  endfacet
  facet normal 0 0 1
    outer loop
      vertex -55.616 -43.4815 34.4
      vertex -53.3063 -42.5247 34.4
      vertex -53.4882 -42.0166 34.4
    endloop
  endfacet
  facet normal 0 0 1
    outer loop
      vertex -55.8805 -42.7423 34.4
      vertex -53.4882 -42.0166 34.4
      vertex -53.6193 -41.493 34.4
    endloop
  endfacet
  facet normal 0 0 1
    outer loop
      vertex -56.0713 -41.9807 34.4
      vertex -53.6193 -41.493 34.4
      vertex -53.6985 -40.9591 34.4
    endloop
  endfacet
  facet normal 0 0 1
    outer loop
      vertex -52.1141 -44.3091 34.4
      vertex -53.8819 -46.0769 34.4
      vertex -53.3001 -46.6041 34.4
    endloop
  endfacet
  facet normal 0 0 1
    outer loop
      vertex -56.1865 -41.2041 34.4
      vertex -53.6985 -40.9591 34.4
      vertex -53.725 -40.42 34.4
    endloop
  endfacet
  facet normal 0 0 1
    outer loop
      vertex -53.725 40.42 34.4
      vertex -56.225 40.42 34.4
      vertex -53.725 -40.42 34.4
    endloop
  endfacet
  facet normal -0 0 1
    outer loop
      vertex -55.8805 42.7423 34.4
      vertex -53.4882 42.0166 34.4
      vertex -55.616 43.4815 34.4
    endloop
  endfacet
  facet normal 0 0 1
    outer loop
      vertex -56.225 -40.42 34.4
      vertex -53.725 -40.42 34.4
      vertex -56.225 40.42 34.4
    endloop
  endfacet
  facet normal 0 0 1
    outer loop
      vertex -53.4882 42.0166 34.4
      vertex -55.8805 42.7423 34.4
      vertex -53.6193 41.493 34.4
    endloop
  endfacet
  facet normal 0 -0 1
    outer loop
      vertex -56.1865 -41.2041 34.4
      vertex -53.725 -40.42 34.4
      vertex -56.225 -40.42 34.4
    endloop
  endfacet
  facet normal -0 0 1
    outer loop
      vertex -56.0713 41.9807 34.4
      vertex -53.6193 41.493 34.4
      vertex -55.8805 42.7423 34.4
    endloop
  endfacet
  facet normal 0 0 1
    outer loop
      vertex -52.4765 -43.9092 34.4
      vertex -54.4091 -45.4951 34.4
      vertex -53.8819 -46.0769 34.4
    endloop
  endfacet
  facet normal 0 0 1
    outer loop
      vertex -53.6193 41.493 34.4
      vertex -56.0713 41.9807 34.4
      vertex -53.6985 40.9591 34.4
    endloop
  endfacet
  facet normal 0 0 1
    outer loop
      vertex -52.7981 -43.4756 34.4
      vertex -54.8768 -44.8646 34.4
      vertex -54.4091 -45.4951 34.4
    endloop
  endfacet
  facet normal -0 0 1
    outer loop
      vertex -56.1865 41.2041 34.4
      vertex -53.6985 40.9591 34.4
      vertex -56.0713 41.9807 34.4
    endloop
  endfacet
  facet normal 0 0 1
    outer loop
      vertex -53.0756 -43.0127 34.4
      vertex -55.2804 -44.1912 34.4
      vertex -54.8768 -44.8646 34.4
    endloop
  endfacet
  facet normal 0 0 1
    outer loop
      vertex -53.6985 40.9591 34.4
      vertex -56.1865 41.2041 34.4
      vertex -53.725 40.42 34.4
    endloop
  endfacet
  facet normal 0 0 1
    outer loop
      vertex -53.3063 -42.5247 34.4
      vertex -55.616 -43.4815 34.4
      vertex -55.2804 -44.1912 34.4
    endloop
  endfacet
  facet normal 0 0 1
    outer loop
      vertex -53.725 40.42 34.4
      vertex -56.1865 41.2041 34.4
      vertex -56.225 40.42 34.4
    endloop
  endfacet
  facet normal 0 0 1
    outer loop
      vertex -53.4882 -42.0166 34.4
      vertex -55.8805 -42.7423 34.4
      vertex -55.616 -43.4815 34.4
    endloop
  endfacet
  facet normal 0 0 1
    outer loop
      vertex -53.6193 -41.493 34.4
      vertex -56.0713 -41.9807 34.4
      vertex -55.8805 -42.7423 34.4
    endloop
  endfacet
  facet normal 0 0 1
    outer loop
      vertex -53.6985 -40.9591 34.4
      vertex -56.1865 -41.2041 34.4
      vertex -56.0713 -41.9807 34.4
    endloop
  endfacet
  facet normal -1 0 0
    outer loop
      vertex -56.225 -40.42 0
      vertex -56.225 40.42 34.4
      vertex -56.225 40.42 0
    endloop
  endfacet
  facet normal -1 -0 0
    outer loop
      vertex -56.225 40.42 34.4
      vertex -56.225 -40.42 0
      vertex -56.225 -40.42 34.4
    endloop
  endfacet
  facet normal 0 -1 0
    outer loop
      vertex -48.225 -48.42 34.4
      vertex 17.5 -48.42 14.4
      vertex 48.225 -48.42 34.4
    endloop
  endfacet
  facet normal 0 -1 0
    outer loop
      vertex -48.225 -48.42 0
      vertex 17.5 -48.42 14.4
      vertex -48.225 -48.42 34.4
    endloop
  endfacet
  facet normal 0 -1 0
    outer loop
      vertex 48.225 -48.42 0
      vertex 17.5 -48.42 6.4
      vertex -48.225 -48.42 0
    endloop
  endfacet
  facet normal 0 -1 -0
    outer loop
      vertex 17.5 -48.42 14.4
      vertex -48.225 -48.42 0
      vertex 17.5 -48.42 6.4
    endloop
  endfacet
  facet normal 0 -1 0
    outer loop
      vertex 30.5 -48.42 14.4
      vertex 48.225 -48.42 34.4
      vertex 17.5 -48.42 14.4
    endloop
  endfacet
  facet normal 0 -1 0
    outer loop
      vertex 48.225 -48.42 0
      vertex 30.5 -48.42 14.4
      vertex 30.5 -48.42 6.4
    endloop
  endfacet
  facet normal 0 -1 0
    outer loop
      vertex 30.5 -48.42 14.4
      vertex 48.225 -48.42 0
      vertex 48.225 -48.42 34.4
    endloop
  endfacet
  facet normal 0 -1 0
    outer loop
      vertex 17.5 -48.42 6.4
      vertex 48.225 -48.42 0
      vertex 30.5 -48.42 6.4
    endloop
  endfacet
  facet normal 0.0490418 0.998797 -0
    outer loop
      vertex 49.0091 48.3815 0
      vertex 48.225 48.42 34.4
      vertex 49.0091 48.3815 34.4
    endloop
  endfacet
  facet normal 0.0490418 0.998797 0
    outer loop
      vertex 48.225 48.42 34.4
      vertex 49.0091 48.3815 0
      vertex 48.225 48.42 0
    endloop
  endfacet
  facet normal 0.595773 0.803153 -0
    outer loop
      vertex 53.3001 46.6041 0
      vertex 52.6696 47.0718 34.4
      vertex 53.3001 46.6041 34.4
    endloop
  endfacet
  facet normal 0.595773 0.803153 0
    outer loop
      vertex 52.6696 47.0718 34.4
      vertex 53.3001 46.6041 0
      vertex 52.6696 47.0718 0
    endloop
  endfacet
  facet normal 0 1 -0
    outer loop
      vertex 48.225 48.42 0
      vertex -48.225 48.42 34.4
      vertex 48.225 48.42 34.4
    endloop
  endfacet
  facet normal 0 1 0
    outer loop
      vertex -48.225 48.42 34.4
      vertex 48.225 48.42 0
      vertex -48.225 48.42 0
    endloop
  endfacet
  facet normal 1 0 0
    outer loop
      vertex 56.225 40.42 34.4
      vertex 56.225 4 17.4
      vertex 56.225 40.42 0
    endloop
  endfacet
  facet normal 1 0 0
    outer loop
      vertex 56.225 40.42 34.4
      vertex 56.225 3.98074 17.7921
      vertex 56.225 4 17.4
    endloop
  endfacet
  facet normal 1 0 0
    outer loop
      vertex 56.225 40.42 34.4
      vertex 56.225 3.92314 18.1804
      vertex 56.225 3.98074 17.7921
    endloop
  endfacet
  facet normal 1 0 0
    outer loop
      vertex 56.225 40.42 34.4
      vertex 56.225 3.82776 18.5611
      vertex 56.225 3.92314 18.1804
    endloop
  endfacet
  facet normal 1 0 0
    outer loop
      vertex 56.225 40.42 34.4
      vertex 56.225 3.69552 18.9307
      vertex 56.225 3.82776 18.5611
    endloop
  endfacet
  facet normal 1 0 0
    outer loop
      vertex 56.225 40.42 34.4
      vertex 56.225 3.52768 19.2856
      vertex 56.225 3.69552 18.9307
    endloop
  endfacet
  facet normal 1 0 0
    outer loop
      vertex 56.225 40.42 34.4
      vertex 56.225 3.32588 19.6223
      vertex 56.225 3.52768 19.2856
    endloop
  endfacet
  facet normal 1 0 0
    outer loop
      vertex 56.225 40.42 34.4
      vertex 56.225 3.09204 19.9376
      vertex 56.225 3.32588 19.6223
    endloop
  endfacet
  facet normal 1 0 0
    outer loop
      vertex 56.225 40.42 34.4
      vertex 56.225 2.82843 20.2284
      vertex 56.225 3.09204 19.9376
    endloop
  endfacet
  facet normal 1 0 0
    outer loop
      vertex 56.225 40.42 34.4
      vertex 56.225 2.53757 20.492
      vertex 56.225 2.82843 20.2284
    endloop
  endfacet
  facet normal 1 0 0
    outer loop
      vertex 56.225 40.42 34.4
      vertex 56.225 2.22228 20.7259
      vertex 56.225 2.53757 20.492
    endloop
  endfacet
  facet normal 1 0 0
    outer loop
      vertex 56.225 40.42 34.4
      vertex 56.225 1.88559 20.9277
      vertex 56.225 2.22228 20.7259
    endloop
  endfacet
  facet normal 1 0 0
    outer loop
      vertex 56.225 40.42 34.4
      vertex 56.225 1.53073 21.0955
      vertex 56.225 1.88559 20.9277
    endloop
  endfacet
  facet normal 1 0 0
    outer loop
      vertex 56.225 40.42 34.4
      vertex 56.225 1.16114 21.2278
      vertex 56.225 1.53073 21.0955
    endloop
  endfacet
  facet normal 1 0 0
    outer loop
      vertex 56.225 40.42 34.4
      vertex 56.225 0.780361 21.3231
      vertex 56.225 1.16114 21.2278
    endloop
  endfacet
  facet normal 1 0 0
    outer loop
      vertex 56.225 40.42 34.4
      vertex 56.225 0.392068 21.3807
      vertex 56.225 0.780361 21.3231
    endloop
  endfacet
  facet normal 1 0 0
    outer loop
      vertex 56.225 40.42 34.4
      vertex 56.225 0 21.4
      vertex 56.225 0.392068 21.3807
    endloop
  endfacet
  facet normal 1 -0 0
    outer loop
      vertex 56.225 -40.42 34.4
      vertex 56.225 0 21.4
      vertex 56.225 40.42 34.4
    endloop
  endfacet
  facet normal 1 0 0
    outer loop
      vertex 56.225 0 21.4
      vertex 56.225 -40.42 34.4
      vertex 56.225 -0.392068 21.3807
    endloop
  endfacet
  facet normal 1 0 0
    outer loop
      vertex 56.225 -0.392068 21.3807
      vertex 56.225 -40.42 34.4
      vertex 56.225 -0.780361 21.3231
    endloop
  endfacet
  facet normal 1 0 0
    outer loop
      vertex 56.225 -3.98074 17.7921
      vertex 56.225 -40.42 34.4
      vertex 56.225 -4 17.4
    endloop
  endfacet
  facet normal 1 0 0
    outer loop
      vertex 56.225 -3.92314 18.1804
      vertex 56.225 -40.42 34.4
      vertex 56.225 -3.98074 17.7921
    endloop
  endfacet
  facet normal 1 0 0
    outer loop
      vertex 56.225 -3.82776 18.5611
      vertex 56.225 -40.42 34.4
      vertex 56.225 -3.92314 18.1804
    endloop
  endfacet
  facet normal 1 0 0
    outer loop
      vertex 56.225 -3.69552 18.9307
      vertex 56.225 -40.42 34.4
      vertex 56.225 -3.82776 18.5611
    endloop
  endfacet
  facet normal 1 0 0
    outer loop
      vertex 56.225 -3.52768 19.2856
      vertex 56.225 -40.42 34.4
      vertex 56.225 -3.69552 18.9307
    endloop
  endfacet
  facet normal 1 0 0
    outer loop
      vertex 56.225 -3.32588 19.6223
      vertex 56.225 -40.42 34.4
      vertex 56.225 -3.52768 19.2856
    endloop
  endfacet
  facet normal 1 0 0
    outer loop
      vertex 56.225 -3.09204 19.9376
      vertex 56.225 -40.42 34.4
      vertex 56.225 -3.32588 19.6223
    endloop
  endfacet
  facet normal 1 0 0
    outer loop
      vertex 56.225 -2.82843 20.2284
      vertex 56.225 -40.42 34.4
      vertex 56.225 -3.09204 19.9376
    endloop
  endfacet
  facet normal 1 0 0
    outer loop
      vertex 56.225 -2.53757 20.492
      vertex 56.225 -40.42 34.4
      vertex 56.225 -2.82843 20.2284
    endloop
  endfacet
  facet normal 1 0 0
    outer loop
      vertex 56.225 -2.22228 20.7259
      vertex 56.225 -40.42 34.4
      vertex 56.225 -2.53757 20.492
    endloop
  endfacet
  facet normal 1 0 0
    outer loop
      vertex 56.225 -1.88559 20.9277
      vertex 56.225 -40.42 34.4
      vertex 56.225 -2.22228 20.7259
    endloop
  endfacet
  facet normal 1 0 0
    outer loop
      vertex 56.225 -1.53073 21.0955
      vertex 56.225 -40.42 34.4
      vertex 56.225 -1.88559 20.9277
    endloop
  endfacet
  facet normal 1 0 0
    outer loop
      vertex 56.225 -1.16114 21.2278
      vertex 56.225 -40.42 34.4
      vertex 56.225 -1.53073 21.0955
    endloop
  endfacet
  facet normal 1 0 0
    outer loop
      vertex 56.225 -0.780361 21.3231
      vertex 56.225 -40.42 34.4
      vertex 56.225 -1.16114 21.2278
    endloop
  endfacet
  facet normal 1 -0 0
    outer loop
      vertex 56.225 3.98074 17.0079
      vertex 56.225 40.42 0
      vertex 56.225 4 17.4
    endloop
  endfacet
  facet normal 1 -0 0
    outer loop
      vertex 56.225 3.92314 16.6196
      vertex 56.225 40.42 0
      vertex 56.225 3.98074 17.0079
    endloop
  endfacet
  facet normal 1 -0 0
    outer loop
      vertex 56.225 3.82776 16.2389
      vertex 56.225 40.42 0
      vertex 56.225 3.92314 16.6196
    endloop
  endfacet
  facet normal 1 -0 0
    outer loop
      vertex 56.225 3.69552 15.8693
      vertex 56.225 40.42 0
      vertex 56.225 3.82776 16.2389
    endloop
  endfacet
  facet normal 1 -0 0
    outer loop
      vertex 56.225 3.52768 15.5144
      vertex 56.225 40.42 0
      vertex 56.225 3.69552 15.8693
    endloop
  endfacet
  facet normal 1 -0 0
    outer loop
      vertex 56.225 3.32588 15.1777
      vertex 56.225 40.42 0
      vertex 56.225 3.52768 15.5144
    endloop
  endfacet
  facet normal 1 -0 0
    outer loop
      vertex 56.225 3.09204 14.8624
      vertex 56.225 40.42 0
      vertex 56.225 3.32588 15.1777
    endloop
  endfacet
  facet normal 1 -0 0
    outer loop
      vertex 56.225 2.82843 14.5716
      vertex 56.225 40.42 0
      vertex 56.225 3.09204 14.8624
    endloop
  endfacet
  facet normal 1 -0 0
    outer loop
      vertex 56.225 2.53757 14.308
      vertex 56.225 40.42 0
      vertex 56.225 2.82843 14.5716
    endloop
  endfacet
  facet normal 1 -0 0
    outer loop
      vertex 56.225 2.22228 14.0741
      vertex 56.225 40.42 0
      vertex 56.225 2.53757 14.308
    endloop
  endfacet
  facet normal 1 -0 0
    outer loop
      vertex 56.225 1.88559 13.8723
      vertex 56.225 40.42 0
      vertex 56.225 2.22228 14.0741
    endloop
  endfacet
  facet normal 1 -0 0
    outer loop
      vertex 56.225 1.53073 13.7045
      vertex 56.225 40.42 0
      vertex 56.225 1.88559 13.8723
    endloop
  endfacet
  facet normal 1 -0 0
    outer loop
      vertex 56.225 1.16114 13.5722
      vertex 56.225 40.42 0
      vertex 56.225 1.53073 13.7045
    endloop
  endfacet
  facet normal 1 -0 0
    outer loop
      vertex 56.225 0.780361 13.4769
      vertex 56.225 40.42 0
      vertex 56.225 1.16114 13.5722
    endloop
  endfacet
  facet normal 1 -0 0
    outer loop
      vertex 56.225 0.392068 13.4193
      vertex 56.225 40.42 0
      vertex 56.225 0.780361 13.4769
    endloop
  endfacet
  facet normal 1 -0 0
    outer loop
      vertex 56.225 0 13.4
      vertex 56.225 40.42 0
      vertex 56.225 0.392068 13.4193
    endloop
  endfacet
  facet normal 1 0 0
    outer loop
      vertex 56.225 -40.42 0
      vertex 56.225 0 13.4
      vertex 56.225 -0.392068 13.4193
    endloop
  endfacet
  facet normal 1 0 0
    outer loop
      vertex 56.225 -40.42 0
      vertex 56.225 -0.392068 13.4193
      vertex 56.225 -0.780361 13.4769
    endloop
  endfacet
  facet normal 1 0 0
    outer loop
      vertex 56.225 -40.42 0
      vertex 56.225 -0.780361 13.4769
      vertex 56.225 -1.16114 13.5722
    endloop
  endfacet
  facet normal 1 0 0
    outer loop
      vertex 56.225 -40.42 0
      vertex 56.225 -4 17.4
      vertex 56.225 -40.42 34.4
    endloop
  endfacet
  facet normal 1 0 0
    outer loop
      vertex 56.225 -4 17.4
      vertex 56.225 -40.42 0
      vertex 56.225 -3.98074 17.0079
    endloop
  endfacet
  facet normal 1 0 0
    outer loop
      vertex 56.225 -3.98074 17.0079
      vertex 56.225 -40.42 0
      vertex 56.225 -3.92314 16.6196
    endloop
  endfacet
  facet normal 1 0 0
    outer loop
      vertex 56.225 -3.92314 16.6196
      vertex 56.225 -40.42 0
      vertex 56.225 -3.82776 16.2389
    endloop
  endfacet
  facet normal 1 0 0
    outer loop
      vertex 56.225 -3.82776 16.2389
      vertex 56.225 -40.42 0
      vertex 56.225 -3.69552 15.8693
    endloop
  endfacet
  facet normal 1 0 0
    outer loop
      vertex 56.225 -3.69552 15.8693
      vertex 56.225 -40.42 0
      vertex 56.225 -3.52768 15.5144
    endloop
  endfacet
  facet normal 1 0 0
    outer loop
      vertex 56.225 -3.52768 15.5144
      vertex 56.225 -40.42 0
      vertex 56.225 -3.32588 15.1777
    endloop
  endfacet
  facet normal 1 0 0
    outer loop
      vertex 56.225 -3.32588 15.1777
      vertex 56.225 -40.42 0
      vertex 56.225 -3.09204 14.8624
    endloop
  endfacet
  facet normal 1 0 0
    outer loop
      vertex 56.225 -3.09204 14.8624
      vertex 56.225 -40.42 0
      vertex 56.225 -2.82843 14.5716
    endloop
  endfacet
  facet normal 1 0 0
    outer loop
      vertex 56.225 -2.82843 14.5716
      vertex 56.225 -40.42 0
      vertex 56.225 -2.53757 14.308
    endloop
  endfacet
  facet normal 1 0 0
    outer loop
      vertex 56.225 -2.53757 14.308
      vertex 56.225 -40.42 0
      vertex 56.225 -2.22228 14.0741
    endloop
  endfacet
  facet normal 1 0 0
    outer loop
      vertex 56.225 0 13.4
      vertex 56.225 -40.42 0
      vertex 56.225 40.42 0
    endloop
  endfacet
  facet normal 1 0 0
    outer loop
      vertex 56.225 -1.53073 13.7045
      vertex 56.225 -40.42 0
      vertex 56.225 -1.16114 13.5722
    endloop
  endfacet
  facet normal 1 0 0
    outer loop
      vertex 56.225 -1.88559 13.8723
      vertex 56.225 -40.42 0
      vertex 56.225 -1.53073 13.7045
    endloop
  endfacet
  facet normal 1 0 0
    outer loop
      vertex 56.225 -2.22228 14.0741
      vertex 56.225 -40.42 0
      vertex 56.225 -1.88559 13.8723
    endloop
  endfacet
  facet normal -0.595773 0.803153 0
    outer loop
      vertex -52.6696 47.0718 0
      vertex -53.3001 46.6041 34.4
      vertex -52.6696 47.0718 34.4
    endloop
  endfacet
  facet normal -0.595773 0.803153 0
    outer loop
      vertex -53.3001 46.6041 34.4
      vertex -52.6696 47.0718 0
      vertex -53.3001 46.6041 0
    endloop
  endfacet
  facet normal -0.514084 -0.85774 0
    outer loop
      vertex -52.6696 -47.0718 0
      vertex -51.9962 -47.4754 34.4
      vertex -52.6696 -47.0718 34.4
    endloop
  endfacet
  facet normal -0.514084 -0.85774 -0
    outer loop
      vertex -51.9962 -47.4754 34.4
      vertex -52.6696 -47.0718 0
      vertex -51.9962 -47.4754 0
    endloop
  endfacet
  facet normal -0.0490418 -0.998797 0
    outer loop
      vertex -49.0091 -48.3815 0
      vertex -48.225 -48.42 34.4
      vertex -49.0091 -48.3815 34.4
    endloop
  endfacet
  facet normal -0.0490418 -0.998797 -0
    outer loop
      vertex -48.225 -48.42 34.4
      vertex -49.0091 -48.3815 0
      vertex -48.225 -48.42 0
    endloop
  endfacet
  facet normal 0.514084 0.85774 -0
    outer loop
      vertex 52.6696 47.0718 0
      vertex 51.9962 47.4754 34.4
      vertex 52.6696 47.0718 34.4
    endloop
  endfacet
  facet normal 0.514084 0.85774 0
    outer loop
      vertex 51.9962 47.4754 34.4
      vertex 52.6696 47.0718 0
      vertex 51.9962 47.4754 0
    endloop
  endfacet
  facet normal -0.0490418 0.998797 0
    outer loop
      vertex -48.225 48.42 0
      vertex -49.0091 48.3815 34.4
      vertex -48.225 48.42 34.4
    endloop
  endfacet
  facet normal -0.0490418 0.998797 0
    outer loop
      vertex -49.0091 48.3815 34.4
      vertex -48.225 48.42 0
      vertex -49.0091 48.3815 0
    endloop
  endfacet
  facet normal 0.803153 0.595773 0
    outer loop
      vertex 54.8768 44.8646 34.4
      vertex 54.4091 45.4951 0
      vertex 54.4091 45.4951 34.4
    endloop
  endfacet
  facet normal 0.803153 0.595773 0
    outer loop
      vertex 54.4091 45.4951 0
      vertex 54.8768 44.8646 34.4
      vertex 54.8768 44.8646 0
    endloop
  endfacet
  facet normal 0.989176 -0.146733 0
    outer loop
      vertex 56.0713 -41.9807 34.4
      vertex 56.1865 -41.2041 0
      vertex 56.1865 -41.2041 34.4
    endloop
  endfacet
  facet normal 0.989176 -0.146733 0
    outer loop
      vertex 56.1865 -41.2041 0
      vertex 56.0713 -41.9807 34.4
      vertex 56.0713 -41.9807 0
    endloop
  endfacet
  facet normal 0.970023 -0.243015 0
    outer loop
      vertex 55.8805 -42.7423 34.4
      vertex 56.0713 -41.9807 0
      vertex 56.0713 -41.9807 34.4
    endloop
  endfacet
  facet normal 0.970023 -0.243015 0
    outer loop
      vertex 56.0713 -41.9807 0
      vertex 55.8805 -42.7423 34.4
      vertex 55.8805 -42.7423 0
    endloop
  endfacet
  facet normal -0.741023 0.67148 0
    outer loop
      vertex -54.4091 45.4951 0
      vertex -53.8819 46.0769 34.4
      vertex -53.8819 46.0769 0
    endloop
  endfacet
  facet normal -0.741023 0.67148 0
    outer loop
      vertex -53.8819 46.0769 34.4
      vertex -54.4091 45.4951 0
      vertex -54.4091 45.4951 34.4
    endloop
  endfacet
  facet normal -0.803153 0.595773 0
    outer loop
      vertex -54.8768 44.8646 0
      vertex -54.4091 45.4951 34.4
      vertex -54.4091 45.4951 0
    endloop
  endfacet
  facet normal -0.803153 0.595773 0
    outer loop
      vertex -54.4091 45.4951 34.4
      vertex -54.8768 44.8646 0
      vertex -54.8768 44.8646 34.4
    endloop
  endfacet
  facet normal -0.970023 0.243015 0
    outer loop
      vertex -56.0713 41.9807 0
      vertex -55.8805 42.7423 34.4
      vertex -55.8805 42.7423 0
    endloop
  endfacet
  facet normal -0.970023 0.243015 0
    outer loop
      vertex -55.8805 42.7423 34.4
      vertex -56.0713 41.9807 0
      vertex -56.0713 41.9807 34.4
    endloop
  endfacet
  facet normal -0.67148 -0.741023 0
    outer loop
      vertex -53.8819 -46.0769 0
      vertex -53.3001 -46.6041 34.4
      vertex -53.8819 -46.0769 34.4
    endloop
  endfacet
  facet normal -0.67148 -0.741023 -0
    outer loop
      vertex -53.3001 -46.6041 34.4
      vertex -53.8819 -46.0769 0
      vertex -53.3001 -46.6041 0
    endloop
  endfacet
  facet normal -0.336901 -0.94154 0
    outer loop
      vertex -51.2865 -47.811 0
      vertex -50.5473 -48.0755 34.4
      vertex -51.2865 -47.811 34.4
    endloop
  endfacet
  facet normal -0.336901 -0.94154 -0
    outer loop
      vertex -50.5473 -48.0755 34.4
      vertex -51.2865 -47.811 0
      vertex -50.5473 -48.0755 0
    endloop
  endfacet
  facet normal -0.146733 -0.989176 0
    outer loop
      vertex -49.7857 -48.2663 0
      vertex -49.0091 -48.3815 34.4
      vertex -49.7857 -48.2663 34.4
    endloop
  endfacet
  facet normal -0.146733 -0.989176 -0
    outer loop
      vertex -49.0091 -48.3815 34.4
      vertex -49.7857 -48.2663 0
      vertex -49.0091 -48.3815 0
    endloop
  endfacet
  facet normal -0.243015 -0.970023 0
    outer loop
      vertex -50.5473 -48.0755 0
      vertex -49.7857 -48.2663 34.4
      vertex -50.5473 -48.0755 34.4
    endloop
  endfacet
  facet normal -0.243015 -0.970023 -0
    outer loop
      vertex -49.7857 -48.2663 34.4
      vertex -50.5473 -48.0755 0
      vertex -49.7857 -48.2663 0
    endloop
  endfacet
  facet normal 0.427489 0.90402 -0
    outer loop
      vertex 51.9962 47.4754 0
      vertex 51.2865 47.811 34.4
      vertex 51.9962 47.4754 34.4
    endloop
  endfacet
  facet normal 0.427489 0.90402 0
    outer loop
      vertex 51.2865 47.811 34.4
      vertex 51.9962 47.4754 0
      vertex 51.2865 47.811 0
    endloop
  endfacet
  facet normal 0.336901 0.94154 -0
    outer loop
      vertex 51.2865 47.811 0
      vertex 50.5473 48.0755 34.4
      vertex 51.2865 47.811 34.4
    endloop
  endfacet
  facet normal 0.336901 0.94154 0
    outer loop
      vertex 50.5473 48.0755 34.4
      vertex 51.2865 47.811 0
      vertex 50.5473 48.0755 0
    endloop
  endfacet
  facet normal 0.243015 0.970023 -0
    outer loop
      vertex 50.5473 48.0755 0
      vertex 49.7857 48.2663 34.4
      vertex 50.5473 48.0755 34.4
    endloop
  endfacet
  facet normal 0.243015 0.970023 0
    outer loop
      vertex 49.7857 48.2663 34.4
      vertex 50.5473 48.0755 0
      vertex 49.7857 48.2663 0
    endloop
  endfacet
  facet normal 0.94154 0.336901 0
    outer loop
      vertex 55.8805 42.7423 34.4
      vertex 55.616 43.4815 0
      vertex 55.616 43.4815 34.4
    endloop
  endfacet
  facet normal 0.94154 0.336901 0
    outer loop
      vertex 55.616 43.4815 0
      vertex 55.8805 42.7423 34.4
      vertex 55.8805 42.7423 0
    endloop
  endfacet
  facet normal 0.85774 0.514084 0
    outer loop
      vertex 55.2804 44.1912 34.4
      vertex 54.8768 44.8646 0
      vertex 54.8768 44.8646 34.4
    endloop
  endfacet
  facet normal 0.85774 0.514084 0
    outer loop
      vertex 54.8768 44.8646 0
      vertex 55.2804 44.1912 34.4
      vertex 55.2804 44.1912 0
    endloop
  endfacet
  facet normal 0.85774 -0.514084 0
    outer loop
      vertex 54.8768 -44.8646 34.4
      vertex 55.2804 -44.1912 0
      vertex 55.2804 -44.1912 34.4
    endloop
  endfacet
  facet normal 0.85774 -0.514084 0
    outer loop
      vertex 55.2804 -44.1912 0
      vertex 54.8768 -44.8646 34.4
      vertex 54.8768 -44.8646 0
    endloop
  endfacet
  facet normal -0.336901 0.94154 0
    outer loop
      vertex -50.5473 48.0755 0
      vertex -51.2865 47.811 34.4
      vertex -50.5473 48.0755 34.4
    endloop
  endfacet
  facet normal -0.336901 0.94154 0
    outer loop
      vertex -51.2865 47.811 34.4
      vertex -50.5473 48.0755 0
      vertex -51.2865 47.811 0
    endloop
  endfacet
  facet normal -0.243015 0.970023 0
    outer loop
      vertex -49.7857 48.2663 0
      vertex -50.5473 48.0755 34.4
      vertex -49.7857 48.2663 34.4
    endloop
  endfacet
  facet normal -0.243015 0.970023 0
    outer loop
      vertex -50.5473 48.0755 34.4
      vertex -49.7857 48.2663 0
      vertex -50.5473 48.0755 0
    endloop
  endfacet
  facet normal -0.514084 0.85774 0
    outer loop
      vertex -51.9962 47.4754 0
      vertex -52.6696 47.0718 34.4
      vertex -51.9962 47.4754 34.4
    endloop
  endfacet
  facet normal -0.514084 0.85774 0
    outer loop
      vertex -52.6696 47.0718 34.4
      vertex -51.9962 47.4754 0
      vertex -52.6696 47.0718 0
    endloop
  endfacet
  facet normal -0.427489 0.90402 0
    outer loop
      vertex -51.2865 47.811 0
      vertex -51.9962 47.4754 34.4
      vertex -51.2865 47.811 34.4
    endloop
  endfacet
  facet normal -0.427489 0.90402 0
    outer loop
      vertex -51.9962 47.4754 34.4
      vertex -51.2865 47.811 0
      vertex -51.9962 47.4754 0
    endloop
  endfacet
  facet normal -0.67148 0.741023 0
    outer loop
      vertex -53.3001 46.6041 0
      vertex -53.8819 46.0769 34.4
      vertex -53.3001 46.6041 34.4
    endloop
  endfacet
  facet normal -0.67148 0.741023 0
    outer loop
      vertex -53.8819 46.0769 34.4
      vertex -53.3001 46.6041 0
      vertex -53.8819 46.0769 0
    endloop
  endfacet
  facet normal -0.94154 0.336901 0
    outer loop
      vertex -55.8805 42.7423 0
      vertex -55.616 43.4815 34.4
      vertex -55.616 43.4815 0
    endloop
  endfacet
  facet normal -0.94154 0.336901 0
    outer loop
      vertex -55.616 43.4815 34.4
      vertex -55.8805 42.7423 0
      vertex -55.8805 42.7423 34.4
    endloop
  endfacet
  facet normal -0.85774 0.514084 0
    outer loop
      vertex -55.2804 44.1912 0
      vertex -54.8768 44.8646 34.4
      vertex -54.8768 44.8646 0
    endloop
  endfacet
  facet normal -0.85774 0.514084 0
    outer loop
      vertex -54.8768 44.8646 34.4
      vertex -55.2804 44.1912 0
      vertex -55.2804 44.1912 34.4
    endloop
  endfacet
  facet normal -0.90402 0.427489 0
    outer loop
      vertex -55.616 43.4815 0
      vertex -55.2804 44.1912 34.4
      vertex -55.2804 44.1912 0
    endloop
  endfacet
  facet normal -0.90402 0.427489 0
    outer loop
      vertex -55.2804 44.1912 34.4
      vertex -55.616 43.4815 0
      vertex -55.616 43.4815 34.4
    endloop
  endfacet
  facet normal -0.998797 -0.0490418 0
    outer loop
      vertex -56.1865 -41.2041 0
      vertex -56.225 -40.42 34.4
      vertex -56.225 -40.42 0
    endloop
  endfacet
  facet normal -0.998797 -0.0490418 0
    outer loop
      vertex -56.225 -40.42 34.4
      vertex -56.1865 -41.2041 0
      vertex -56.1865 -41.2041 34.4
    endloop
  endfacet
  facet normal 0 0 -1
    outer loop
      vertex 48.225 -48.42 0
      vertex 56.225 -40.42 0
      vertex 56.1865 -41.2041 0
    endloop
  endfacet
  facet normal -0 0 -1
    outer loop
      vertex 56.225 -40.42 0
      vertex 48.225 -48.42 0
      vertex 56.225 40.42 0
    endloop
  endfacet
  facet normal 0 0 -1
    outer loop
      vertex 48.225 -48.42 0
      vertex 56.1865 -41.2041 0
      vertex 56.0713 -41.9807 0
    endloop
  endfacet
  facet normal 0 0 -1
    outer loop
      vertex 48.225 48.42 0
      vertex 56.225 40.42 0
      vertex 48.225 -48.42 0
    endloop
  endfacet
  facet normal 0 0 -1
    outer loop
      vertex 48.225 -48.42 0
      vertex 56.0713 -41.9807 0
      vertex 55.8805 -42.7423 0
    endloop
  endfacet
  facet normal 0 0 -1
    outer loop
      vertex 56.225 40.42 0
      vertex 48.225 48.42 0
      vertex 56.1865 41.2041 0
    endloop
  endfacet
  facet normal 0 0 -1
    outer loop
      vertex 48.225 -48.42 0
      vertex 55.8805 -42.7423 0
      vertex 55.616 -43.4815 0
    endloop
  endfacet
  facet normal 0 0 -1
    outer loop
      vertex 56.1865 41.2041 0
      vertex 48.225 48.42 0
      vertex 56.0713 41.9807 0
    endloop
  endfacet
  facet normal 0 0 -1
    outer loop
      vertex 48.225 -48.42 0
      vertex 55.616 -43.4815 0
      vertex 55.2804 -44.1912 0
    endloop
  endfacet
  facet normal 0 0 -1
    outer loop
      vertex 56.0713 41.9807 0
      vertex 48.225 48.42 0
      vertex 55.8805 42.7423 0
    endloop
  endfacet
  facet normal 0 0 -1
    outer loop
      vertex 48.225 -48.42 0
      vertex 55.2804 -44.1912 0
      vertex 54.8768 -44.8646 0
    endloop
  endfacet
  facet normal 0 0 -1
    outer loop
      vertex 55.8805 42.7423 0
      vertex 48.225 48.42 0
      vertex 55.616 43.4815 0
    endloop
  endfacet
  facet normal 0 0 -1
    outer loop
      vertex 48.225 -48.42 0
      vertex 54.8768 -44.8646 0
      vertex 54.4091 -45.4951 0
    endloop
  endfacet
  facet normal 0 0 -1
    outer loop
      vertex 55.616 43.4815 0
      vertex 48.225 48.42 0
      vertex 55.2804 44.1912 0
    endloop
  endfacet
  facet normal 0 0 -1
    outer loop
      vertex 48.225 -48.42 0
      vertex 54.4091 -45.4951 0
      vertex 53.8819 -46.0769 0
    endloop
  endfacet
  facet normal 0 0 -1
    outer loop
      vertex 55.2804 44.1912 0
      vertex 48.225 48.42 0
      vertex 54.8768 44.8646 0
    endloop
  endfacet
  facet normal 0 0 -1
    outer loop
      vertex 48.225 -48.42 0
      vertex 53.8819 -46.0769 0
      vertex 53.3001 -46.6041 0
    endloop
  endfacet
  facet normal 0 0 -1
    outer loop
      vertex 54.8768 44.8646 0
      vertex 48.225 48.42 0
      vertex 54.4091 45.4951 0
    endloop
  endfacet
  facet normal 0 0 -1
    outer loop
      vertex 48.225 -48.42 0
      vertex 53.3001 -46.6041 0
      vertex 52.6696 -47.0718 0
    endloop
  endfacet
  facet normal 0 0 -1
    outer loop
      vertex 54.4091 45.4951 0
      vertex 48.225 48.42 0
      vertex 53.8819 46.0769 0
    endloop
  endfacet
  facet normal 0 0 -1
    outer loop
      vertex 48.225 -48.42 0
      vertex 52.6696 -47.0718 0
      vertex 51.9962 -47.4754 0
    endloop
  endfacet
  facet normal 0 0 -1
    outer loop
      vertex 53.8819 46.0769 0
      vertex 48.225 48.42 0
      vertex 53.3001 46.6041 0
    endloop
  endfacet
  facet normal 0 0 -1
    outer loop
      vertex 48.225 -48.42 0
      vertex 51.9962 -47.4754 0
      vertex 51.2865 -47.811 0
    endloop
  endfacet
  facet normal 0 0 -1
    outer loop
      vertex 53.3001 46.6041 0
      vertex 48.225 48.42 0
      vertex 52.6696 47.0718 0
    endloop
  endfacet
  facet normal 0 0 -1
    outer loop
      vertex 48.225 -48.42 0
      vertex 51.2865 -47.811 0
      vertex 50.5473 -48.0755 0
    endloop
  endfacet
  facet normal 0 0 -1
    outer loop
      vertex 52.6696 47.0718 0
      vertex 48.225 48.42 0
      vertex 51.9962 47.4754 0
    endloop
  endfacet
  facet normal 0 0 -1
    outer loop
      vertex 48.225 -48.42 0
      vertex 50.5473 -48.0755 0
      vertex 49.7857 -48.2663 0
    endloop
  endfacet
  facet normal 0 0 -1
    outer loop
      vertex 51.9962 47.4754 0
      vertex 48.225 48.42 0
      vertex 51.2865 47.811 0
    endloop
  endfacet
  facet normal 0 0 -1
    outer loop
      vertex 48.225 -48.42 0
      vertex 49.7857 -48.2663 0
      vertex 49.0091 -48.3815 0
    endloop
  endfacet
  facet normal 0 0 -1
    outer loop
      vertex 51.2865 47.811 0
      vertex 48.225 48.42 0
      vertex 50.5473 48.0755 0
    endloop
  endfacet
  facet normal 0 0 -1
    outer loop
      vertex 50.5473 48.0755 0
      vertex 48.225 48.42 0
      vertex 49.7857 48.2663 0
    endloop
  endfacet
  facet normal 0 0 -1
    outer loop
      vertex 49.7857 48.2663 0
      vertex 48.225 48.42 0
      vertex 49.0091 48.3815 0
    endloop
  endfacet
  facet normal 0 0 -1
    outer loop
      vertex -48.225 -48.42 0
      vertex 48.225 48.42 0
      vertex 48.225 -48.42 0
    endloop
  endfacet
  facet normal 0 0 -1
    outer loop
      vertex -48.225 -48.42 0
      vertex -48.225 48.42 0
      vertex 48.225 48.42 0
    endloop
  endfacet
  facet normal 0 0 -1
    outer loop
      vertex -56.225 -40.42 0
      vertex -48.225 -48.42 0
      vertex -49.0091 -48.3815 0
    endloop
  endfacet
  facet normal 0 0 -1
    outer loop
      vertex -48.225 -48.42 0
      vertex -56.225 -40.42 0
      vertex -48.225 48.42 0
    endloop
  endfacet
  facet normal 0 0 -1
    outer loop
      vertex -56.225 -40.42 0
      vertex -49.0091 -48.3815 0
      vertex -49.7857 -48.2663 0
    endloop
  endfacet
  facet normal 0 0 -1
    outer loop
      vertex -56.225 40.42 0
      vertex -48.225 48.42 0
      vertex -56.225 -40.42 0
    endloop
  endfacet
  facet normal 0 0 -1
    outer loop
      vertex -56.225 -40.42 0
      vertex -49.7857 -48.2663 0
      vertex -50.5473 -48.0755 0
    endloop
  endfacet
  facet normal 0 0 -1
    outer loop
      vertex -48.225 48.42 0
      vertex -56.225 40.42 0
      vertex -49.0091 48.3815 0
    endloop
  endfacet
  facet normal 0 0 -1
    outer loop
      vertex -56.225 -40.42 0
      vertex -50.5473 -48.0755 0
      vertex -51.2865 -47.811 0
    endloop
  endfacet
  facet normal 0 0 -1
    outer loop
      vertex -49.0091 48.3815 0
      vertex -56.225 40.42 0
      vertex -49.7857 48.2663 0
    endloop
  endfacet
  facet normal 0 0 -1
    outer loop
      vertex -56.225 -40.42 0
      vertex -51.2865 -47.811 0
      vertex -51.9962 -47.4754 0
    endloop
  endfacet
  facet normal 0 0 -1
    outer loop
      vertex -49.7857 48.2663 0
      vertex -56.225 40.42 0
      vertex -50.5473 48.0755 0
    endloop
  endfacet
  facet normal 0 0 -1
    outer loop
      vertex -56.225 -40.42 0
      vertex -51.9962 -47.4754 0
      vertex -52.6696 -47.0718 0
    endloop
  endfacet
  facet normal 0 0 -1
    outer loop
      vertex -50.5473 48.0755 0
      vertex -56.225 40.42 0
      vertex -51.2865 47.811 0
    endloop
  endfacet
  facet normal 0 0 -1
    outer loop
      vertex -56.225 -40.42 0
      vertex -52.6696 -47.0718 0
      vertex -53.3001 -46.6041 0
    endloop
  endfacet
  facet normal 0 0 -1
    outer loop
      vertex -51.2865 47.811 0
      vertex -56.225 40.42 0
      vertex -51.9962 47.4754 0
    endloop
  endfacet
  facet normal 0 0 -1
    outer loop
      vertex -56.225 -40.42 0
      vertex -53.3001 -46.6041 0
      vertex -53.8819 -46.0769 0
    endloop
  endfacet
  facet normal 0 0 -1
    outer loop
      vertex -51.9962 47.4754 0
      vertex -56.225 40.42 0
      vertex -52.6696 47.0718 0
    endloop
  endfacet
  facet normal 0 0 -1
    outer loop
      vertex -56.225 -40.42 0
      vertex -53.8819 -46.0769 0
      vertex -54.4091 -45.4951 0
    endloop
  endfacet
  facet normal 0 0 -1
    outer loop
      vertex -52.6696 47.0718 0
      vertex -56.225 40.42 0
      vertex -53.3001 46.6041 0
    endloop
  endfacet
  facet normal 0 0 -1
    outer loop
      vertex -56.225 -40.42 0
      vertex -54.4091 -45.4951 0
      vertex -54.8768 -44.8646 0
    endloop
  endfacet
  facet normal 0 0 -1
    outer loop
      vertex -53.3001 46.6041 0
      vertex -56.225 40.42 0
      vertex -53.8819 46.0769 0
    endloop
  endfacet
  facet normal 0 0 -1
    outer loop
      vertex -56.225 -40.42 0
      vertex -54.8768 -44.8646 0
      vertex -55.2804 -44.1912 0
    endloop
  endfacet
  facet normal 0 0 -1
    outer loop
      vertex -53.8819 46.0769 0
      vertex -56.225 40.42 0
      vertex -54.4091 45.4951 0
    endloop
  endfacet
  facet normal 0 0 -1
    outer loop
      vertex -56.225 -40.42 0
      vertex -55.2804 -44.1912 0
      vertex -55.616 -43.4815 0
    endloop
  endfacet
  facet normal 0 0 -1
    outer loop
      vertex -54.4091 45.4951 0
      vertex -56.225 40.42 0
      vertex -54.8768 44.8646 0
    endloop
  endfacet
  facet normal 0 0 -1
    outer loop
      vertex -56.225 -40.42 0
      vertex -55.616 -43.4815 0
      vertex -55.8805 -42.7423 0
    endloop
  endfacet
  facet normal 0 0 -1
    outer loop
      vertex -54.8768 44.8646 0
      vertex -56.225 40.42 0
      vertex -55.2804 44.1912 0
    endloop
  endfacet
  facet normal 0 0 -1
    outer loop
      vertex -56.225 -40.42 0
      vertex -55.8805 -42.7423 0
      vertex -56.0713 -41.9807 0
    endloop
  endfacet
  facet normal 0 0 -1
    outer loop
      vertex -55.2804 44.1912 0
      vertex -56.225 40.42 0
      vertex -55.616 43.4815 0
    endloop
  endfacet
  facet normal 0 0 -1
    outer loop
      vertex -56.225 -40.42 0
      vertex -56.0713 -41.9807 0
      vertex -56.1865 -41.2041 0
    endloop
  endfacet
  facet normal 0 0 -1
    outer loop
      vertex -55.616 43.4815 0
      vertex -56.225 40.42 0
      vertex -55.8805 42.7423 0
    endloop
  endfacet
  facet normal 0 0 -1
    outer loop
      vertex -55.8805 42.7423 0
      vertex -56.225 40.42 0
      vertex -56.0713 41.9807 0
    endloop
  endfacet
  facet normal 0 0 -1
    outer loop
      vertex -56.0713 41.9807 0
      vertex -56.225 40.42 0
      vertex -56.1865 41.2041 0
    endloop
  endfacet
  facet normal -0.989176 -0.146733 0
    outer loop
      vertex -56.0713 -41.9807 0
      vertex -56.1865 -41.2041 34.4
      vertex -56.1865 -41.2041 0
    endloop
  endfacet
  facet normal -0.989176 -0.146733 0
    outer loop
      vertex -56.1865 -41.2041 34.4
      vertex -56.0713 -41.9807 0
      vertex -56.0713 -41.9807 34.4
    endloop
  endfacet
  facet normal -0.970023 -0.243015 0
    outer loop
      vertex -55.8805 -42.7423 0
      vertex -56.0713 -41.9807 34.4
      vertex -56.0713 -41.9807 0
    endloop
  endfacet
  facet normal -0.970023 -0.243015 0
    outer loop
      vertex -56.0713 -41.9807 34.4
      vertex -55.8805 -42.7423 0
      vertex -55.8805 -42.7423 34.4
    endloop
  endfacet
  facet normal -0.90402 -0.427489 0
    outer loop
      vertex -55.2804 -44.1912 0
      vertex -55.616 -43.4815 34.4
      vertex -55.616 -43.4815 0
    endloop
  endfacet
  facet normal -0.90402 -0.427489 0
    outer loop
      vertex -55.616 -43.4815 34.4
      vertex -55.2804 -44.1912 0
      vertex -55.2804 -44.1912 34.4
    endloop
  endfacet
  facet normal -0.803153 -0.595773 0
    outer loop
      vertex -54.4091 -45.4951 0
      vertex -54.8768 -44.8646 34.4
      vertex -54.8768 -44.8646 0
    endloop
  endfacet
  facet normal -0.803153 -0.595773 0
    outer loop
      vertex -54.8768 -44.8646 34.4
      vertex -54.4091 -45.4951 0
      vertex -54.4091 -45.4951 34.4
    endloop
  endfacet
  facet normal -0.595773 -0.803153 0
    outer loop
      vertex -53.3001 -46.6041 0
      vertex -52.6696 -47.0718 34.4
      vertex -53.3001 -46.6041 34.4
    endloop
  endfacet
  facet normal -0.595773 -0.803153 -0
    outer loop
      vertex -52.6696 -47.0718 34.4
      vertex -53.3001 -46.6041 0
      vertex -52.6696 -47.0718 0
    endloop
  endfacet
  facet normal -0.427489 -0.90402 0
    outer loop
      vertex -51.9962 -47.4754 0
      vertex -51.2865 -47.811 34.4
      vertex -51.9962 -47.4754 34.4
    endloop
  endfacet
  facet normal -0.427489 -0.90402 -0
    outer loop
      vertex -51.2865 -47.811 34.4
      vertex -51.9962 -47.4754 0
      vertex -51.2865 -47.811 0
    endloop
  endfacet
  facet normal 0.67148 0.741023 -0
    outer loop
      vertex 53.8819 46.0769 0
      vertex 53.3001 46.6041 34.4
      vertex 53.8819 46.0769 34.4
    endloop
  endfacet
  facet normal 0.67148 0.741023 0
    outer loop
      vertex 53.3001 46.6041 34.4
      vertex 53.8819 46.0769 0
      vertex 53.3001 46.6041 0
    endloop
  endfacet
  facet normal 0.146733 0.989176 -0
    outer loop
      vertex 49.7857 48.2663 0
      vertex 49.0091 48.3815 34.4
      vertex 49.7857 48.2663 34.4
    endloop
  endfacet
  facet normal 0.146733 0.989176 0
    outer loop
      vertex 49.0091 48.3815 34.4
      vertex 49.7857 48.2663 0
      vertex 49.0091 48.3815 0
    endloop
  endfacet
  facet normal 0.998797 0.0490418 0
    outer loop
      vertex 56.225 40.42 34.4
      vertex 56.1865 41.2041 0
      vertex 56.1865 41.2041 34.4
    endloop
  endfacet
  facet normal 0.998797 0.0490418 0
    outer loop
      vertex 56.1865 41.2041 0
      vertex 56.225 40.42 34.4
      vertex 56.225 40.42 0
    endloop
  endfacet
  facet normal 0.989176 0.146733 0
    outer loop
      vertex 56.1865 41.2041 34.4
      vertex 56.0713 41.9807 0
      vertex 56.0713 41.9807 34.4
    endloop
  endfacet
  facet normal 0.989176 0.146733 0
    outer loop
      vertex 56.0713 41.9807 0
      vertex 56.1865 41.2041 34.4
      vertex 56.1865 41.2041 0
    endloop
  endfacet
  facet normal 0.970023 0.243015 0
    outer loop
      vertex 56.0713 41.9807 34.4
      vertex 55.8805 42.7423 0
      vertex 55.8805 42.7423 34.4
    endloop
  endfacet
  facet normal 0.970023 0.243015 0
    outer loop
      vertex 55.8805 42.7423 0
      vertex 56.0713 41.9807 34.4
      vertex 56.0713 41.9807 0
    endloop
  endfacet
  facet normal 0.90402 0.427489 0
    outer loop
      vertex 55.616 43.4815 34.4
      vertex 55.2804 44.1912 0
      vertex 55.2804 44.1912 34.4
    endloop
  endfacet
  facet normal 0.90402 0.427489 0
    outer loop
      vertex 55.2804 44.1912 0
      vertex 55.616 43.4815 34.4
      vertex 55.616 43.4815 0
    endloop
  endfacet
  facet normal 0.90402 -0.427489 0
    outer loop
      vertex 55.2804 -44.1912 34.4
      vertex 55.616 -43.4815 0
      vertex 55.616 -43.4815 34.4
    endloop
  endfacet
  facet normal 0.90402 -0.427489 0
    outer loop
      vertex 55.616 -43.4815 0
      vertex 55.2804 -44.1912 34.4
      vertex 55.2804 -44.1912 0
    endloop
  endfacet
  facet normal 0.803153 -0.595773 0
    outer loop
      vertex 54.4091 -45.4951 34.4
      vertex 54.8768 -44.8646 0
      vertex 54.8768 -44.8646 34.4
    endloop
  endfacet
  facet normal 0.803153 -0.595773 0
    outer loop
      vertex 54.8768 -44.8646 0
      vertex 54.4091 -45.4951 34.4
      vertex 54.4091 -45.4951 0
    endloop
  endfacet
  facet normal 0.595773 -0.803153 0
    outer loop
      vertex 52.6696 -47.0718 0
      vertex 53.3001 -46.6041 34.4
      vertex 52.6696 -47.0718 34.4
    endloop
  endfacet
  facet normal 0.595773 -0.803153 0
    outer loop
      vertex 53.3001 -46.6041 34.4
      vertex 52.6696 -47.0718 0
      vertex 53.3001 -46.6041 0
    endloop
  endfacet
  facet normal 0.741023 -0.67148 0
    outer loop
      vertex 53.8819 -46.0769 34.4
      vertex 54.4091 -45.4951 0
      vertex 54.4091 -45.4951 34.4
    endloop
  endfacet
  facet normal 0.741023 -0.67148 0
    outer loop
      vertex 54.4091 -45.4951 0
      vertex 53.8819 -46.0769 34.4
      vertex 53.8819 -46.0769 0
    endloop
  endfacet
  facet normal 0.514084 -0.85774 0
    outer loop
      vertex 51.9962 -47.4754 0
      vertex 52.6696 -47.0718 34.4
      vertex 51.9962 -47.4754 34.4
    endloop
  endfacet
  facet normal 0.514084 -0.85774 0
    outer loop
      vertex 52.6696 -47.0718 34.4
      vertex 51.9962 -47.4754 0
      vertex 52.6696 -47.0718 0
    endloop
  endfacet
  facet normal 0.336901 -0.94154 0
    outer loop
      vertex 50.5473 -48.0755 0
      vertex 51.2865 -47.811 34.4
      vertex 50.5473 -48.0755 34.4
    endloop
  endfacet
  facet normal 0.336901 -0.94154 0
    outer loop
      vertex 51.2865 -47.811 34.4
      vertex 50.5473 -48.0755 0
      vertex 51.2865 -47.811 0
    endloop
  endfacet
  facet normal -0.989176 0.146733 0
    outer loop
      vertex -56.1865 41.2041 0
      vertex -56.0713 41.9807 34.4
      vertex -56.0713 41.9807 0
    endloop
  endfacet
  facet normal -0.989176 0.146733 0
    outer loop
      vertex -56.0713 41.9807 34.4
      vertex -56.1865 41.2041 0
      vertex -56.1865 41.2041 34.4
    endloop
  endfacet
  facet normal -0.94154 -0.336901 0
    outer loop
      vertex -55.616 -43.4815 0
      vertex -55.8805 -42.7423 34.4
      vertex -55.8805 -42.7423 0
    endloop
  endfacet
  facet normal -0.94154 -0.336901 0
    outer loop
      vertex -55.8805 -42.7423 34.4
      vertex -55.616 -43.4815 0
      vertex -55.616 -43.4815 34.4
    endloop
  endfacet
  facet normal -0.85774 -0.514084 0
    outer loop
      vertex -54.8768 -44.8646 0
      vertex -55.2804 -44.1912 34.4
      vertex -55.2804 -44.1912 0
    endloop
  endfacet
  facet normal -0.85774 -0.514084 0
    outer loop
      vertex -55.2804 -44.1912 34.4
      vertex -54.8768 -44.8646 0
      vertex -54.8768 -44.8646 34.4
    endloop
  endfacet
  facet normal -0.741023 -0.67148 0
    outer loop
      vertex -53.8819 -46.0769 0
      vertex -54.4091 -45.4951 34.4
      vertex -54.4091 -45.4951 0
    endloop
  endfacet
  facet normal -0.741023 -0.67148 0
    outer loop
      vertex -54.4091 -45.4951 34.4
      vertex -53.8819 -46.0769 0
      vertex -53.8819 -46.0769 34.4
    endloop
  endfacet
  facet normal 0.998797 -0.0490418 0
    outer loop
      vertex 56.1865 -41.2041 34.4
      vertex 56.225 -40.42 0
      vertex 56.225 -40.42 34.4
    endloop
  endfacet
  facet normal 0.998797 -0.0490418 0
    outer loop
      vertex 56.225 -40.42 0
      vertex 56.1865 -41.2041 34.4
      vertex 56.1865 -41.2041 0
    endloop
  endfacet
  facet normal 0.94154 -0.336901 0
    outer loop
      vertex 55.616 -43.4815 34.4
      vertex 55.8805 -42.7423 0
      vertex 55.8805 -42.7423 34.4
    endloop
  endfacet
  facet normal 0.94154 -0.336901 0
    outer loop
      vertex 55.8805 -42.7423 0
      vertex 55.616 -43.4815 34.4
      vertex 55.616 -43.4815 0
    endloop
  endfacet
  facet normal 0.67148 -0.741023 0
    outer loop
      vertex 53.3001 -46.6041 0
      vertex 53.8819 -46.0769 34.4
      vertex 53.3001 -46.6041 34.4
    endloop
  endfacet
  facet normal 0.67148 -0.741023 0
    outer loop
      vertex 53.8819 -46.0769 34.4
      vertex 53.3001 -46.6041 0
      vertex 53.8819 -46.0769 0
    endloop
  endfacet
  facet normal 0.427489 -0.90402 0
    outer loop
      vertex 51.2865 -47.811 0
      vertex 51.9962 -47.4754 34.4
      vertex 51.2865 -47.811 34.4
    endloop
  endfacet
  facet normal 0.427489 -0.90402 0
    outer loop
      vertex 51.9962 -47.4754 34.4
      vertex 51.2865 -47.811 0
      vertex 51.9962 -47.4754 0
    endloop
  endfacet
  facet normal -0.242884 0.970055 0
    outer loop
      vertex 49.8216 -45.6832 2.4
      vertex 49.298 -45.8143 34.4
      vertex 49.8216 -45.6832 34.4
    endloop
  endfacet
  facet normal -0.242884 0.970055 0
    outer loop
      vertex 49.298 -45.8143 34.4
      vertex 49.8216 -45.6832 2.4
      vertex 49.298 -45.8143 2.4
    endloop
  endfacet
  facet normal 0.146737 -0.989176 0
    outer loop
      vertex -49.298 45.8143 2.4
      vertex -48.7641 45.8935 34.4
      vertex -49.298 45.8143 34.4
    endloop
  endfacet
  facet normal 0.146737 -0.989176 0
    outer loop
      vertex -48.7641 45.8935 34.4
      vertex -49.298 45.8143 2.4
      vertex -48.7641 45.8935 2.4
    endloop
  endfacet
  facet normal -0.146737 0.989176 0
    outer loop
      vertex 49.298 -45.8143 2.4
      vertex 48.7641 -45.8935 34.4
      vertex 49.298 -45.8143 34.4
    endloop
  endfacet
  facet normal -0.146737 0.989176 0
    outer loop
      vertex 48.7641 -45.8935 34.4
      vertex 49.298 -45.8143 2.4
      vertex 48.7641 -45.8935 2.4
    endloop
  endfacet
  facet normal -0.740996 -0.67151 0
    outer loop
      vertex 52.4765 43.9092 2.4
      vertex 52.1141 44.3091 34.4
      vertex 52.1141 44.3091 2.4
    endloop
  endfacet
  facet normal -0.740996 -0.67151 0
    outer loop
      vertex 52.1141 44.3091 34.4
      vertex 52.4765 43.9092 2.4
      vertex 52.4765 43.9092 34.4
    endloop
  endfacet
  facet normal 0.998794 -0.0490967 0
    outer loop
      vertex -53.725 40.42 34.4
      vertex -53.6985 40.9591 2.4
      vertex -53.6985 40.9591 34.4
    endloop
  endfacet
  facet normal 0.998794 -0.0490967 0
    outer loop
      vertex -53.6985 40.9591 2.4
      vertex -53.725 40.42 34.4
      vertex -53.725 40.42 2.4
    endloop
  endfacet
  facet normal 1 -0 0
    outer loop
      vertex -53.725 -40.42 34.4
      vertex -53.725 40.42 2.4
      vertex -53.725 40.42 34.4
    endloop
  endfacet
  facet normal 1 0 0
    outer loop
      vertex -53.725 40.42 2.4
      vertex -53.725 -40.42 34.4
      vertex -53.725 -40.42 2.4
    endloop
  endfacet
  facet normal 0 1 0
    outer loop
      vertex 17.5 -45.92 14.4
      vertex 48.225 -45.92 34.4
      vertex 30.5 -45.92 14.4
    endloop
  endfacet
  facet normal 0 1 -0
    outer loop
      vertex 48.225 -45.92 2.4
      vertex 30.5 -45.92 14.4
      vertex 48.225 -45.92 34.4
    endloop
  endfacet
  facet normal 0 1 0
    outer loop
      vertex 30.5 -45.92 6.4
      vertex 48.225 -45.92 2.4
      vertex 17.5 -45.92 6.4
    endloop
  endfacet
  facet normal 0 1 0
    outer loop
      vertex 30.5 -45.92 14.4
      vertex 48.225 -45.92 2.4
      vertex 30.5 -45.92 6.4
    endloop
  endfacet
  facet normal 0 1 0
    outer loop
      vertex 48.225 -45.92 34.4
      vertex 17.5 -45.92 14.4
      vertex -48.225 -45.92 34.4
    endloop
  endfacet
  facet normal 0 1 0
    outer loop
      vertex -48.225 -45.92 2.4
      vertex 17.5 -45.92 14.4
      vertex 17.5 -45.92 6.4
    endloop
  endfacet
  facet normal 0 1 0
    outer loop
      vertex 17.5 -45.92 14.4
      vertex -48.225 -45.92 2.4
      vertex -48.225 -45.92 34.4
    endloop
  endfacet
  facet normal 0 1 0
    outer loop
      vertex -48.225 -45.92 2.4
      vertex 17.5 -45.92 6.4
      vertex 48.225 -45.92 2.4
    endloop
  endfacet
  facet normal -0.0490967 -0.998794 0
    outer loop
      vertex 48.225 45.92 2.4
      vertex 48.7641 45.8935 34.4
      vertex 48.225 45.92 34.4
    endloop
  endfacet
  facet normal -0.0490967 -0.998794 -0
    outer loop
      vertex 48.7641 45.8935 34.4
      vertex 48.225 45.92 2.4
      vertex 48.7641 45.8935 2.4
    endloop
  endfacet
  facet normal -0.595604 -0.803278 0
    outer loop
      vertex 51.2806 44.9931 2.4
      vertex 51.7142 44.6716 34.4
      vertex 51.2806 44.9931 34.4
    endloop
  endfacet
  facet normal -0.595604 -0.803278 -0
    outer loop
      vertex 51.7142 44.6716 34.4
      vertex 51.2806 44.9931 2.4
      vertex 51.7142 44.6716 2.4
    endloop
  endfacet
  facet normal 0 -1 0
    outer loop
      vertex -48.225 45.92 2.4
      vertex 48.225 45.92 34.4
      vertex -48.225 45.92 34.4
    endloop
  endfacet
  facet normal 0 -1 -0
    outer loop
      vertex 48.225 45.92 34.4
      vertex -48.225 45.92 2.4
      vertex 48.225 45.92 2.4
    endloop
  endfacet
  facet normal -1 0 0
    outer loop
      vertex 53.725 40.42 2.4
      vertex 53.725 4 17.4
      vertex 53.725 40.42 34.4
    endloop
  endfacet
  facet normal -1 0 0
    outer loop
      vertex 53.725 40.42 2.4
      vertex 53.725 3.98074 17.0079
      vertex 53.725 4 17.4
    endloop
  endfacet
  facet normal -1 0 0
    outer loop
      vertex 53.725 40.42 2.4
      vertex 53.725 3.92314 16.6196
      vertex 53.725 3.98074 17.0079
    endloop
  endfacet
  facet normal -1 0 0
    outer loop
      vertex 53.725 40.42 2.4
      vertex 53.725 3.82776 16.2389
      vertex 53.725 3.92314 16.6196
    endloop
  endfacet
  facet normal -1 0 0
    outer loop
      vertex 53.725 40.42 2.4
      vertex 53.725 3.69552 15.8693
      vertex 53.725 3.82776 16.2389
    endloop
  endfacet
  facet normal -1 0 0
    outer loop
      vertex 53.725 40.42 2.4
      vertex 53.725 3.52768 15.5144
      vertex 53.725 3.69552 15.8693
    endloop
  endfacet
  facet normal -1 0 0
    outer loop
      vertex 53.725 40.42 2.4
      vertex 53.725 3.32588 15.1777
      vertex 53.725 3.52768 15.5144
    endloop
  endfacet
  facet normal -1 0 0
    outer loop
      vertex 53.725 40.42 2.4
      vertex 53.725 3.09204 14.8624
      vertex 53.725 3.32588 15.1777
    endloop
  endfacet
  facet normal -1 0 0
    outer loop
      vertex 53.725 40.42 2.4
      vertex 53.725 2.82843 14.5716
      vertex 53.725 3.09204 14.8624
    endloop
  endfacet
  facet normal -1 0 0
    outer loop
      vertex 53.725 40.42 2.4
      vertex 53.725 2.53757 14.308
      vertex 53.725 2.82843 14.5716
    endloop
  endfacet
  facet normal -1 0 0
    outer loop
      vertex 53.725 40.42 2.4
      vertex 53.725 2.22228 14.0741
      vertex 53.725 2.53757 14.308
    endloop
  endfacet
  facet normal -1 0 0
    outer loop
      vertex 53.725 40.42 2.4
      vertex 53.725 1.88559 13.8723
      vertex 53.725 2.22228 14.0741
    endloop
  endfacet
  facet normal -1 0 0
    outer loop
      vertex 53.725 40.42 2.4
      vertex 53.725 1.53073 13.7045
      vertex 53.725 1.88559 13.8723
    endloop
  endfacet
  facet normal -1 0 0
    outer loop
      vertex 53.725 40.42 2.4
      vertex 53.725 1.16114 13.5722
      vertex 53.725 1.53073 13.7045
    endloop
  endfacet
  facet normal -1 0 0
    outer loop
      vertex 53.725 40.42 2.4
      vertex 53.725 0.780361 13.4769
      vertex 53.725 1.16114 13.5722
    endloop
  endfacet
  facet normal -1 0 0
    outer loop
      vertex 53.725 40.42 2.4
      vertex 53.725 0.392068 13.4193
      vertex 53.725 0.780361 13.4769
    endloop
  endfacet
  facet normal -1 0 0
    outer loop
      vertex 53.725 40.42 2.4
      vertex 53.725 0 13.4
      vertex 53.725 0.392068 13.4193
    endloop
  endfacet
  facet normal -1 0 0
    outer loop
      vertex 53.725 -40.42 2.4
      vertex 53.725 0 13.4
      vertex 53.725 40.42 2.4
    endloop
  endfacet
  facet normal -1 -0 0
    outer loop
      vertex 53.725 0 13.4
      vertex 53.725 -40.42 2.4
      vertex 53.725 -0.392068 13.4193
    endloop
  endfacet
  facet normal -1 -0 0
    outer loop
      vertex 53.725 -0.392068 13.4193
      vertex 53.725 -40.42 2.4
      vertex 53.725 -0.780361 13.4769
    endloop
  endfacet
  facet normal -1 -0 0
    outer loop
      vertex 53.725 -3.98074 17.0079
      vertex 53.725 -40.42 2.4
      vertex 53.725 -4 17.4
    endloop
  endfacet
  facet normal -1 -0 0
    outer loop
      vertex 53.725 -3.92314 16.6196
      vertex 53.725 -40.42 2.4
      vertex 53.725 -3.98074 17.0079
    endloop
  endfacet
  facet normal -1 -0 0
    outer loop
      vertex 53.725 -3.82776 16.2389
      vertex 53.725 -40.42 2.4
      vertex 53.725 -3.92314 16.6196
    endloop
  endfacet
  facet normal -1 -0 0
    outer loop
      vertex 53.725 -3.69552 15.8693
      vertex 53.725 -40.42 2.4
      vertex 53.725 -3.82776 16.2389
    endloop
  endfacet
  facet normal -1 -0 0
    outer loop
      vertex 53.725 -3.52768 15.5144
      vertex 53.725 -40.42 2.4
      vertex 53.725 -3.69552 15.8693
    endloop
  endfacet
  facet normal -1 -0 0
    outer loop
      vertex 53.725 -3.32588 15.1777
      vertex 53.725 -40.42 2.4
      vertex 53.725 -3.52768 15.5144
    endloop
  endfacet
  facet normal -1 -0 0
    outer loop
      vertex 53.725 -3.09204 14.8624
      vertex 53.725 -40.42 2.4
      vertex 53.725 -3.32588 15.1777
    endloop
  endfacet
  facet normal -1 -0 0
    outer loop
      vertex 53.725 -2.82843 14.5716
      vertex 53.725 -40.42 2.4
      vertex 53.725 -3.09204 14.8624
    endloop
  endfacet
  facet normal -1 -0 0
    outer loop
      vertex 53.725 -2.53757 14.308
      vertex 53.725 -40.42 2.4
      vertex 53.725 -2.82843 14.5716
    endloop
  endfacet
  facet normal -1 -0 0
    outer loop
      vertex 53.725 -2.22228 14.0741
      vertex 53.725 -40.42 2.4
      vertex 53.725 -2.53757 14.308
    endloop
  endfacet
  facet normal -1 -0 0
    outer loop
      vertex 53.725 -1.88559 13.8723
      vertex 53.725 -40.42 2.4
      vertex 53.725 -2.22228 14.0741
    endloop
  endfacet
  facet normal -1 -0 0
    outer loop
      vertex 53.725 -1.53073 13.7045
      vertex 53.725 -40.42 2.4
      vertex 53.725 -1.88559 13.8723
    endloop
  endfacet
  facet normal -1 -0 0
    outer loop
      vertex 53.725 -1.16114 13.5722
      vertex 53.725 -40.42 2.4
      vertex 53.725 -1.53073 13.7045
    endloop
  endfacet
  facet normal -1 -0 0
    outer loop
      vertex 53.725 -0.780361 13.4769
      vertex 53.725 -40.42 2.4
      vertex 53.725 -1.16114 13.5722
    endloop
  endfacet
  facet normal -1 0 0
    outer loop
      vertex 53.725 3.98074 17.7921
      vertex 53.725 40.42 34.4
      vertex 53.725 4 17.4
    endloop
  endfacet
  facet normal -1 0 0
    outer loop
      vertex 53.725 3.92314 18.1804
      vertex 53.725 40.42 34.4
      vertex 53.725 3.98074 17.7921
    endloop
  endfacet
  facet normal -1 0 0
    outer loop
      vertex 53.725 3.82776 18.5611
      vertex 53.725 40.42 34.4
      vertex 53.725 3.92314 18.1804
    endloop
  endfacet
  facet normal -1 0 0
    outer loop
      vertex 53.725 3.69552 18.9307
      vertex 53.725 40.42 34.4
      vertex 53.725 3.82776 18.5611
    endloop
  endfacet
  facet normal -1 0 0
    outer loop
      vertex 53.725 3.52768 19.2856
      vertex 53.725 40.42 34.4
      vertex 53.725 3.69552 18.9307
    endloop
  endfacet
  facet normal -1 0 0
    outer loop
      vertex 53.725 3.32588 19.6223
      vertex 53.725 40.42 34.4
      vertex 53.725 3.52768 19.2856
    endloop
  endfacet
  facet normal -1 0 0
    outer loop
      vertex 53.725 3.09204 19.9376
      vertex 53.725 40.42 34.4
      vertex 53.725 3.32588 19.6223
    endloop
  endfacet
  facet normal -1 0 0
    outer loop
      vertex 53.725 2.82843 20.2284
      vertex 53.725 40.42 34.4
      vertex 53.725 3.09204 19.9376
    endloop
  endfacet
  facet normal -1 0 0
    outer loop
      vertex 53.725 2.53757 20.492
      vertex 53.725 40.42 34.4
      vertex 53.725 2.82843 20.2284
    endloop
  endfacet
  facet normal -1 0 0
    outer loop
      vertex 53.725 2.22228 20.7259
      vertex 53.725 40.42 34.4
      vertex 53.725 2.53757 20.492
    endloop
  endfacet
  facet normal -1 0 0
    outer loop
      vertex 53.725 1.88559 20.9277
      vertex 53.725 40.42 34.4
      vertex 53.725 2.22228 20.7259
    endloop
  endfacet
  facet normal -1 0 0
    outer loop
      vertex 53.725 1.53073 21.0955
      vertex 53.725 40.42 34.4
      vertex 53.725 1.88559 20.9277
    endloop
  endfacet
  facet normal -1 0 0
    outer loop
      vertex 53.725 1.16114 21.2278
      vertex 53.725 40.42 34.4
      vertex 53.725 1.53073 21.0955
    endloop
  endfacet
  facet normal -1 0 0
    outer loop
      vertex 53.725 0.780361 21.3231
      vertex 53.725 40.42 34.4
      vertex 53.725 1.16114 21.2278
    endloop
  endfacet
  facet normal -1 0 0
    outer loop
      vertex 53.725 0.392068 21.3807
      vertex 53.725 40.42 34.4
      vertex 53.725 0.780361 21.3231
    endloop
  endfacet
  facet normal -1 0 0
    outer loop
      vertex 53.725 0 21.4
      vertex 53.725 40.42 34.4
      vertex 53.725 0.392068 21.3807
    endloop
  endfacet
  facet normal -1 0 0
    outer loop
      vertex 53.725 -40.42 34.4
      vertex 53.725 0 21.4
      vertex 53.725 -0.392068 21.3807
    endloop
  endfacet
  facet normal -1 0 0
    outer loop
      vertex 53.725 -40.42 34.4
      vertex 53.725 -0.392068 21.3807
      vertex 53.725 -0.780361 21.3231
    endloop
  endfacet
  facet normal -1 0 0
    outer loop
      vertex 53.725 -40.42 34.4
      vertex 53.725 -0.780361 21.3231
      vertex 53.725 -1.16114 21.2278
    endloop
  endfacet
  facet normal -1 0 0
    outer loop
      vertex 53.725 -40.42 34.4
      vertex 53.725 -4 17.4
      vertex 53.725 -40.42 2.4
    endloop
  endfacet
  facet normal -1 0 0
    outer loop
      vertex 53.725 -4 17.4
      vertex 53.725 -40.42 34.4
      vertex 53.725 -3.98074 17.7921
    endloop
  endfacet
  facet normal -1 0 0
    outer loop
      vertex 53.725 -3.98074 17.7921
      vertex 53.725 -40.42 34.4
      vertex 53.725 -3.92314 18.1804
    endloop
  endfacet
  facet normal -1 0 0
    outer loop
      vertex 53.725 -3.92314 18.1804
      vertex 53.725 -40.42 34.4
      vertex 53.725 -3.82776 18.5611
    endloop
  endfacet
  facet normal -1 0 0
    outer loop
      vertex 53.725 -3.82776 18.5611
      vertex 53.725 -40.42 34.4
      vertex 53.725 -3.69552 18.9307
    endloop
  endfacet
  facet normal -1 0 0
    outer loop
      vertex 53.725 -3.69552 18.9307
      vertex 53.725 -40.42 34.4
      vertex 53.725 -3.52768 19.2856
    endloop
  endfacet
  facet normal -1 0 0
    outer loop
      vertex 53.725 -3.52768 19.2856
      vertex 53.725 -40.42 34.4
      vertex 53.725 -3.32588 19.6223
    endloop
  endfacet
  facet normal -1 0 0
    outer loop
      vertex 53.725 -3.32588 19.6223
      vertex 53.725 -40.42 34.4
      vertex 53.725 -3.09204 19.9376
    endloop
  endfacet
  facet normal -1 0 0
    outer loop
      vertex 53.725 -3.09204 19.9376
      vertex 53.725 -40.42 34.4
      vertex 53.725 -2.82843 20.2284
    endloop
  endfacet
  facet normal -1 0 0
    outer loop
      vertex 53.725 -2.82843 20.2284
      vertex 53.725 -40.42 34.4
      vertex 53.725 -2.53757 20.492
    endloop
  endfacet
  facet normal -1 0 0
    outer loop
      vertex 53.725 -2.53757 20.492
      vertex 53.725 -40.42 34.4
      vertex 53.725 -2.22228 20.7259
    endloop
  endfacet
  facet normal -1 0 0
    outer loop
      vertex 53.725 0 21.4
      vertex 53.725 -40.42 34.4
      vertex 53.725 40.42 34.4
    endloop
  endfacet
  facet normal -1 0 0
    outer loop
      vertex 53.725 -1.53073 21.0955
      vertex 53.725 -40.42 34.4
      vertex 53.725 -1.16114 21.2278
    endloop
  endfacet
  facet normal -1 0 0
    outer loop
      vertex 53.725 -1.88559 20.9277
      vertex 53.725 -40.42 34.4
      vertex 53.725 -1.53073 21.0955
    endloop
  endfacet
  facet normal -1 0 0
    outer loop
      vertex 53.725 -2.22228 20.7259
      vertex 53.725 -40.42 34.4
      vertex 53.725 -1.88559 20.9277
    endloop
  endfacet
  facet normal 0.595604 -0.803278 0
    outer loop
      vertex -51.7142 44.6716 2.4
      vertex -51.2806 44.9931 34.4
      vertex -51.7142 44.6716 34.4
    endloop
  endfacet
  facet normal 0.595604 -0.803278 0
    outer loop
      vertex -51.2806 44.9931 34.4
      vertex -51.7142 44.6716 2.4
      vertex -51.2806 44.9931 2.4
    endloop
  endfacet
  facet normal 0.989176 -0.146737 0
    outer loop
      vertex -53.6985 40.9591 34.4
      vertex -53.6193 41.493 2.4
      vertex -53.6193 41.493 34.4
    endloop
  endfacet
  facet normal 0.989176 -0.146737 0
    outer loop
      vertex -53.6193 41.493 2.4
      vertex -53.6985 40.9591 34.4
      vertex -53.6985 40.9591 2.4
    endloop
  endfacet
  facet normal 0.514169 0.857689 -0
    outer loop
      vertex -50.8177 -45.2706 2.4
      vertex -51.2806 -44.9931 34.4
      vertex -50.8177 -45.2706 34.4
    endloop
  endfacet
  facet normal 0.514169 0.857689 0
    outer loop
      vertex -51.2806 -44.9931 34.4
      vertex -50.8177 -45.2706 2.4
      vertex -51.2806 -44.9931 2.4
    endloop
  endfacet
  facet normal 0.0490967 0.998794 -0
    outer loop
      vertex -48.225 -45.92 2.4
      vertex -48.7641 -45.8935 34.4
      vertex -48.225 -45.92 34.4
    endloop
  endfacet
  facet normal 0.0490967 0.998794 0
    outer loop
      vertex -48.7641 -45.8935 34.4
      vertex -48.225 -45.92 2.4
      vertex -48.7641 -45.8935 2.4
    endloop
  endfacet
  facet normal -0.0490967 0.998794 0
    outer loop
      vertex 48.7641 -45.8935 2.4
      vertex 48.225 -45.92 34.4
      vertex 48.7641 -45.8935 34.4
    endloop
  endfacet
  facet normal -0.0490967 0.998794 0
    outer loop
      vertex 48.225 -45.92 34.4
      vertex 48.7641 -45.8935 2.4
      vertex 48.225 -45.92 2.4
    endloop
  endfacet
  facet normal -0.514169 -0.857689 0
    outer loop
      vertex 50.8177 45.2706 2.4
      vertex 51.2806 44.9931 34.4
      vertex 50.8177 45.2706 34.4
    endloop
  endfacet
  facet normal -0.514169 -0.857689 -0
    outer loop
      vertex 51.2806 44.9931 34.4
      vertex 50.8177 45.2706 2.4
      vertex 51.2806 44.9931 2.4
    endloop
  endfacet
  facet normal 0.0490967 -0.998794 0
    outer loop
      vertex -48.7641 45.8935 2.4
      vertex -48.225 45.92 34.4
      vertex -48.7641 45.8935 34.4
    endloop
  endfacet
  facet normal 0.0490967 -0.998794 0
    outer loop
      vertex -48.225 45.92 34.4
      vertex -48.7641 45.8935 2.4
      vertex -48.225 45.92 2.4
    endloop
  endfacet
  facet normal -0.998794 0.0490967 0
    outer loop
      vertex 53.6985 -40.9591 2.4
      vertex 53.725 -40.42 34.4
      vertex 53.725 -40.42 2.4
    endloop
  endfacet
  facet normal -0.998794 0.0490967 0
    outer loop
      vertex 53.725 -40.42 34.4
      vertex 53.6985 -40.9591 2.4
      vertex 53.6985 -40.9591 34.4
    endloop
  endfacet
  facet normal -0.970055 0.242884 0
    outer loop
      vertex 53.4882 -42.0166 2.4
      vertex 53.6193 -41.493 34.4
      vertex 53.6193 -41.493 2.4
    endloop
  endfacet
  facet normal -0.970055 0.242884 0
    outer loop
      vertex 53.6193 -41.493 34.4
      vertex 53.4882 -42.0166 2.4
      vertex 53.4882 -42.0166 34.4
    endloop
  endfacet
  facet normal 0.80319 -0.595724 0
    outer loop
      vertex -52.7981 43.4756 34.4
      vertex -52.4765 43.9092 2.4
      vertex -52.4765 43.9092 34.4
    endloop
  endfacet
  facet normal 0.80319 -0.595724 0
    outer loop
      vertex -52.4765 43.9092 2.4
      vertex -52.7981 43.4756 34.4
      vertex -52.7981 43.4756 2.4
    endloop
  endfacet
  facet normal 0.970055 -0.242884 0
    outer loop
      vertex -53.6193 41.493 34.4
      vertex -53.4882 42.0166 2.4
      vertex -53.4882 42.0166 34.4
    endloop
  endfacet
  facet normal 0.970055 -0.242884 0
    outer loop
      vertex -53.4882 42.0166 2.4
      vertex -53.6193 41.493 34.4
      vertex -53.6193 41.493 2.4
    endloop
  endfacet
  facet normal 0.970055 0.242884 0
    outer loop
      vertex -53.4882 -42.0166 34.4
      vertex -53.6193 -41.493 2.4
      vertex -53.6193 -41.493 34.4
    endloop
  endfacet
  facet normal 0.970055 0.242884 0
    outer loop
      vertex -53.6193 -41.493 2.4
      vertex -53.4882 -42.0166 34.4
      vertex -53.4882 -42.0166 2.4
    endloop
  endfacet
  facet normal 0.80319 0.595724 0
    outer loop
      vertex -52.4765 -43.9092 34.4
      vertex -52.7981 -43.4756 2.4
      vertex -52.7981 -43.4756 34.4
    endloop
  endfacet
  facet normal 0.80319 0.595724 0
    outer loop
      vertex -52.7981 -43.4756 2.4
      vertex -52.4765 -43.9092 34.4
      vertex -52.4765 -43.9092 2.4
    endloop
  endfacet
  facet normal 0.671612 0.740903 -0
    outer loop
      vertex -51.7142 -44.6716 2.4
      vertex -52.1141 -44.3091 34.4
      vertex -51.7142 -44.6716 34.4
    endloop
  endfacet
  facet normal 0.671612 0.740903 0
    outer loop
      vertex -52.1141 -44.3091 34.4
      vertex -51.7142 -44.6716 2.4
      vertex -52.1141 -44.3091 2.4
    endloop
  endfacet
  facet normal 0.337052 0.941486 -0
    outer loop
      vertex -49.8216 -45.6832 2.4
      vertex -50.3297 -45.5013 34.4
      vertex -49.8216 -45.6832 34.4
    endloop
  endfacet
  facet normal 0.337052 0.941486 0
    outer loop
      vertex -50.3297 -45.5013 34.4
      vertex -49.8216 -45.6832 2.4
      vertex -50.3297 -45.5013 2.4
    endloop
  endfacet
  facet normal 0.146737 0.989176 -0
    outer loop
      vertex -48.7641 -45.8935 2.4
      vertex -49.298 -45.8143 34.4
      vertex -48.7641 -45.8935 34.4
    endloop
  endfacet
  facet normal 0.146737 0.989176 0
    outer loop
      vertex -49.298 -45.8143 34.4
      vertex -48.7641 -45.8935 2.4
      vertex -49.298 -45.8143 2.4
    endloop
  endfacet
  facet normal 0.242884 0.970055 -0
    outer loop
      vertex -49.298 -45.8143 2.4
      vertex -49.8216 -45.6832 34.4
      vertex -49.298 -45.8143 34.4
    endloop
  endfacet
  facet normal 0.242884 0.970055 0
    outer loop
      vertex -49.8216 -45.6832 34.4
      vertex -49.298 -45.8143 2.4
      vertex -49.8216 -45.6832 2.4
    endloop
  endfacet
  facet normal -0.427393 -0.904066 0
    outer loop
      vertex 50.3297 45.5013 2.4
      vertex 50.8177 45.2706 34.4
      vertex 50.3297 45.5013 34.4
    endloop
  endfacet
  facet normal -0.427393 -0.904066 -0
    outer loop
      vertex 50.8177 45.2706 34.4
      vertex 50.3297 45.5013 2.4
      vertex 50.8177 45.2706 2.4
    endloop
  endfacet
  facet normal -0.337052 -0.941486 0
    outer loop
      vertex 49.8216 45.6832 2.4
      vertex 50.3297 45.5013 34.4
      vertex 49.8216 45.6832 34.4
    endloop
  endfacet
  facet normal -0.337052 -0.941486 -0
    outer loop
      vertex 50.3297 45.5013 34.4
      vertex 49.8216 45.6832 2.4
      vertex 50.3297 45.5013 2.4
    endloop
  endfacet
  facet normal -0.146737 -0.989176 0
    outer loop
      vertex 48.7641 45.8935 2.4
      vertex 49.298 45.8143 34.4
      vertex 48.7641 45.8935 34.4
    endloop
  endfacet
  facet normal -0.146737 -0.989176 -0
    outer loop
      vertex 49.298 45.8143 34.4
      vertex 48.7641 45.8935 2.4
      vertex 49.298 45.8143 2.4
    endloop
  endfacet
  facet normal -0.242884 -0.970055 0
    outer loop
      vertex 49.298 45.8143 2.4
      vertex 49.8216 45.6832 34.4
      vertex 49.298 45.8143 34.4
    endloop
  endfacet
  facet normal -0.242884 -0.970055 -0
    outer loop
      vertex 49.8216 45.6832 34.4
      vertex 49.298 45.8143 2.4
      vertex 49.8216 45.6832 2.4
    endloop
  endfacet
  facet normal -0.989176 -0.146737 0
    outer loop
      vertex 53.6985 40.9591 2.4
      vertex 53.6193 41.493 34.4
      vertex 53.6193 41.493 2.4
    endloop
  endfacet
  facet normal -0.989176 -0.146737 0
    outer loop
      vertex 53.6193 41.493 34.4
      vertex 53.6985 40.9591 2.4
      vertex 53.6985 40.9591 34.4
    endloop
  endfacet
  facet normal -0.970055 -0.242884 0
    outer loop
      vertex 53.6193 41.493 2.4
      vertex 53.4882 42.0166 34.4
      vertex 53.4882 42.0166 2.4
    endloop
  endfacet
  facet normal -0.970055 -0.242884 0
    outer loop
      vertex 53.4882 42.0166 34.4
      vertex 53.6193 41.493 2.4
      vertex 53.6193 41.493 34.4
    endloop
  endfacet
  facet normal -0.857689 0.514169 0
    outer loop
      vertex 52.7981 -43.4756 2.4
      vertex 53.0756 -43.0127 34.4
      vertex 53.0756 -43.0127 2.4
    endloop
  endfacet
  facet normal -0.857689 0.514169 0
    outer loop
      vertex 53.0756 -43.0127 34.4
      vertex 52.7981 -43.4756 2.4
      vertex 52.7981 -43.4756 34.4
    endloop
  endfacet
  facet normal -0.671612 0.740903 0
    outer loop
      vertex 52.1141 -44.3091 2.4
      vertex 51.7142 -44.6716 34.4
      vertex 52.1141 -44.3091 34.4
    endloop
  endfacet
  facet normal -0.671612 0.740903 0
    outer loop
      vertex 51.7142 -44.6716 34.4
      vertex 52.1141 -44.3091 2.4
      vertex 51.7142 -44.6716 2.4
    endloop
  endfacet
  facet normal -0.80319 0.595724 0
    outer loop
      vertex 52.4765 -43.9092 2.4
      vertex 52.7981 -43.4756 34.4
      vertex 52.7981 -43.4756 2.4
    endloop
  endfacet
  facet normal -0.80319 0.595724 0
    outer loop
      vertex 52.7981 -43.4756 34.4
      vertex 52.4765 -43.9092 2.4
      vertex 52.4765 -43.9092 34.4
    endloop
  endfacet
  facet normal -0.514169 0.857689 0
    outer loop
      vertex 51.2806 -44.9931 2.4
      vertex 50.8177 -45.2706 34.4
      vertex 51.2806 -44.9931 34.4
    endloop
  endfacet
  facet normal -0.514169 0.857689 0
    outer loop
      vertex 50.8177 -45.2706 34.4
      vertex 51.2806 -44.9931 2.4
      vertex 50.8177 -45.2706 2.4
    endloop
  endfacet
  facet normal -0.337052 0.941486 0
    outer loop
      vertex 50.3297 -45.5013 2.4
      vertex 49.8216 -45.6832 34.4
      vertex 50.3297 -45.5013 34.4
    endloop
  endfacet
  facet normal -0.337052 0.941486 0
    outer loop
      vertex 49.8216 -45.6832 34.4
      vertex 50.3297 -45.5013 2.4
      vertex 49.8216 -45.6832 2.4
    endloop
  endfacet
  facet normal 0.337052 -0.941486 0
    outer loop
      vertex -50.3297 45.5013 2.4
      vertex -49.8216 45.6832 34.4
      vertex -50.3297 45.5013 34.4
    endloop
  endfacet
  facet normal 0.337052 -0.941486 0
    outer loop
      vertex -49.8216 45.6832 34.4
      vertex -50.3297 45.5013 2.4
      vertex -49.8216 45.6832 2.4
    endloop
  endfacet
  facet normal 0.242884 -0.970055 0
    outer loop
      vertex -49.8216 45.6832 2.4
      vertex -49.298 45.8143 34.4
      vertex -49.8216 45.6832 34.4
    endloop
  endfacet
  facet normal 0.242884 -0.970055 0
    outer loop
      vertex -49.298 45.8143 34.4
      vertex -49.8216 45.6832 2.4
      vertex -49.298 45.8143 2.4
    endloop
  endfacet
  facet normal 0.514169 -0.857689 0
    outer loop
      vertex -51.2806 44.9931 2.4
      vertex -50.8177 45.2706 34.4
      vertex -51.2806 44.9931 34.4
    endloop
  endfacet
  facet normal 0.514169 -0.857689 0
    outer loop
      vertex -50.8177 45.2706 34.4
      vertex -51.2806 44.9931 2.4
      vertex -50.8177 45.2706 2.4
    endloop
  endfacet
  facet normal 0.427393 -0.904066 0
    outer loop
      vertex -50.8177 45.2706 2.4
      vertex -50.3297 45.5013 34.4
      vertex -50.8177 45.2706 34.4
    endloop
  endfacet
  facet normal 0.427393 -0.904066 0
    outer loop
      vertex -50.3297 45.5013 34.4
      vertex -50.8177 45.2706 2.4
      vertex -50.3297 45.5013 2.4
    endloop
  endfacet
  facet normal 0.740996 -0.67151 0
    outer loop
      vertex -52.4765 43.9092 34.4
      vertex -52.1141 44.3091 2.4
      vertex -52.1141 44.3091 34.4
    endloop
  endfacet
  facet normal 0.740996 -0.67151 0
    outer loop
      vertex -52.1141 44.3091 2.4
      vertex -52.4765 43.9092 34.4
      vertex -52.4765 43.9092 2.4
    endloop
  endfacet
  facet normal 0.671612 -0.740903 0
    outer loop
      vertex -52.1141 44.3091 2.4
      vertex -51.7142 44.6716 34.4
      vertex -52.1141 44.3091 34.4
    endloop
  endfacet
  facet normal 0.671612 -0.740903 0
    outer loop
      vertex -51.7142 44.6716 34.4
      vertex -52.1141 44.3091 2.4
      vertex -51.7142 44.6716 2.4
    endloop
  endfacet
  facet normal 0.941486 -0.337052 0
    outer loop
      vertex -53.4882 42.0166 34.4
      vertex -53.3063 42.5247 2.4
      vertex -53.3063 42.5247 34.4
    endloop
  endfacet
  facet normal 0.941486 -0.337052 0
    outer loop
      vertex -53.3063 42.5247 2.4
      vertex -53.4882 42.0166 34.4
      vertex -53.4882 42.0166 2.4
    endloop
  endfacet
  facet normal 0.857689 -0.514169 0
    outer loop
      vertex -53.0756 43.0127 34.4
      vertex -52.7981 43.4756 2.4
      vertex -52.7981 43.4756 34.4
    endloop
  endfacet
  facet normal 0.857689 -0.514169 0
    outer loop
      vertex -52.7981 43.4756 2.4
      vertex -53.0756 43.0127 34.4
      vertex -53.0756 43.0127 2.4
    endloop
  endfacet
  facet normal 0.904066 -0.427393 0
    outer loop
      vertex -53.3063 42.5247 34.4
      vertex -53.0756 43.0127 2.4
      vertex -53.0756 43.0127 34.4
    endloop
  endfacet
  facet normal 0.904066 -0.427393 0
    outer loop
      vertex -53.0756 43.0127 2.4
      vertex -53.3063 42.5247 34.4
      vertex -53.3063 42.5247 2.4
    endloop
  endfacet
  facet normal 0.998794 0.0490967 0
    outer loop
      vertex -53.6985 -40.9591 34.4
      vertex -53.725 -40.42 2.4
      vertex -53.725 -40.42 34.4
    endloop
  endfacet
  facet normal 0.998794 0.0490967 0
    outer loop
      vertex -53.725 -40.42 2.4
      vertex -53.6985 -40.9591 34.4
      vertex -53.6985 -40.9591 2.4
    endloop
  endfacet
  facet normal 0 0 1
    outer loop
      vertex 53.0528 40.2589 2.4
      vertex 53.725 40.42 2.4
      vertex 53.1481 40.6396 2.4
    endloop
  endfacet
  facet normal 0 0 1
    outer loop
      vertex 53.725 -40.42 2.4
      vertex 53.2057 -41.0279 2.4
      vertex 53.225 -41.42 2.4
    endloop
  endfacet
  facet normal 0 0 1
    outer loop
      vertex 52.9205 39.8893 2.4
      vertex 53.725 40.42 2.4
      vertex 53.0528 40.2589 2.4
    endloop
  endfacet
  facet normal 0 0 1
    outer loop
      vertex 53.725 -40.42 2.4
      vertex 53.1481 -40.6396 2.4
      vertex 53.2057 -41.0279 2.4
    endloop
  endfacet
  facet normal 0 0 1
    outer loop
      vertex 52.7527 39.5344 2.4
      vertex 53.725 40.42 2.4
      vertex 52.9205 39.8893 2.4
    endloop
  endfacet
  facet normal 0 0 1
    outer loop
      vertex 53.725 -40.42 2.4
      vertex 53.0528 -40.2589 2.4
      vertex 53.1481 -40.6396 2.4
    endloop
  endfacet
  facet normal 0 0 1
    outer loop
      vertex 52.5509 39.1977 2.4
      vertex 53.725 40.42 2.4
      vertex 52.7527 39.5344 2.4
    endloop
  endfacet
  facet normal 0 0 1
    outer loop
      vertex 53.725 -40.42 2.4
      vertex 52.9205 -39.8893 2.4
      vertex 53.0528 -40.2589 2.4
    endloop
  endfacet
  facet normal 0 0 1
    outer loop
      vertex 52.317 38.8824 2.4
      vertex 53.725 40.42 2.4
      vertex 52.5509 39.1977 2.4
    endloop
  endfacet
  facet normal 0 0 1
    outer loop
      vertex 53.725 -40.42 2.4
      vertex 52.7527 -39.5344 2.4
      vertex 52.9205 -39.8893 2.4
    endloop
  endfacet
  facet normal 0 0 1
    outer loop
      vertex 53.725 40.42 2.4
      vertex 52.317 38.8824 2.4
      vertex 53.725 -40.42 2.4
    endloop
  endfacet
  facet normal 0 0 1
    outer loop
      vertex 53.725 -40.42 2.4
      vertex 52.5509 -39.1977 2.4
      vertex 52.7527 -39.5344 2.4
    endloop
  endfacet
  facet normal -0 0 1
    outer loop
      vertex 52.317 -38.8824 2.4
      vertex 53.725 -40.42 2.4
      vertex 52.317 38.8824 2.4
    endloop
  endfacet
  facet normal 0 0 1
    outer loop
      vertex 53.725 -40.42 2.4
      vertex 52.317 -38.8824 2.4
      vertex 52.5509 -39.1977 2.4
    endloop
  endfacet
  facet normal -0 0 1
    outer loop
      vertex 52.0534 38.5916 2.4
      vertex 52.317 -38.8824 2.4
      vertex 52.317 38.8824 2.4
    endloop
  endfacet
  facet normal 0 0 1
    outer loop
      vertex 52.0534 38.5916 2.4
      vertex 52.0534 -38.5916 2.4
      vertex 52.317 -38.8824 2.4
    endloop
  endfacet
  facet normal -0 0 1
    outer loop
      vertex 51.7626 38.328 2.4
      vertex 52.0534 -38.5916 2.4
      vertex 52.0534 38.5916 2.4
    endloop
  endfacet
  facet normal 0 0 1
    outer loop
      vertex 51.7626 38.328 2.4
      vertex 51.7626 -38.328 2.4
      vertex 52.0534 -38.5916 2.4
    endloop
  endfacet
  facet normal -0 0 1
    outer loop
      vertex 51.4473 38.0941 2.4
      vertex 51.7626 -38.328 2.4
      vertex 51.7626 38.328 2.4
    endloop
  endfacet
  facet normal 0 0 1
    outer loop
      vertex 51.4473 38.0941 2.4
      vertex 51.4473 -38.0941 2.4
      vertex 51.7626 -38.328 2.4
    endloop
  endfacet
  facet normal -0 0 1
    outer loop
      vertex 51.1106 37.8923 2.4
      vertex 51.4473 -38.0941 2.4
      vertex 51.4473 38.0941 2.4
    endloop
  endfacet
  facet normal 0 0 1
    outer loop
      vertex 51.1106 37.8923 2.4
      vertex 51.1106 -37.8923 2.4
      vertex 51.4473 -38.0941 2.4
    endloop
  endfacet
  facet normal -0 0 1
    outer loop
      vertex 50.7557 37.7245 2.4
      vertex 51.1106 -37.8923 2.4
      vertex 51.1106 37.8923 2.4
    endloop
  endfacet
  facet normal 0 0 1
    outer loop
      vertex 50.7557 37.7245 2.4
      vertex 50.7557 -37.7245 2.4
      vertex 51.1106 -37.8923 2.4
    endloop
  endfacet
  facet normal -0 0 1
    outer loop
      vertex 50.425 37.6061 2.4
      vertex 50.7557 -37.7245 2.4
      vertex 50.7557 37.7245 2.4
    endloop
  endfacet
  facet normal 0 0 1
    outer loop
      vertex 50.7557 -37.7245 2.4
      vertex 50.425 37.6061 2.4
      vertex 50.425 -37.6061 2.4
    endloop
  endfacet
  facet normal 0 0 1
    outer loop
      vertex 53.6193 41.493 2.4
      vertex 53.2057 41.0279 2.4
      vertex 53.6985 40.9591 2.4
    endloop
  endfacet
  facet normal 0 0 1
    outer loop
      vertex 53.1481 40.6396 2.4
      vertex 53.6985 40.9591 2.4
      vertex 53.2057 41.0279 2.4
    endloop
  endfacet
  facet normal 0 0 1
    outer loop
      vertex 53.2057 41.0279 2.4
      vertex 53.6193 41.493 2.4
      vertex 53.225 41.42 2.4
    endloop
  endfacet
  facet normal 0 0 1
    outer loop
      vertex 53.6985 40.9591 2.4
      vertex 53.1481 40.6396 2.4
      vertex 53.725 40.42 2.4
    endloop
  endfacet
  facet normal -0 0 1
    outer loop
      vertex 53.2057 41.8121 2.4
      vertex 53.6193 41.493 2.4
      vertex 53.4882 42.0166 2.4
    endloop
  endfacet
  facet normal 0 0 1
    outer loop
      vertex 53.725 -40.42 2.4
      vertex 53.225 -41.42 2.4
      vertex 53.6985 -40.9591 2.4
    endloop
  endfacet
  facet normal -0 0 1
    outer loop
      vertex 53.1481 42.2004 2.4
      vertex 53.4882 42.0166 2.4
      vertex 53.3063 42.5247 2.4
    endloop
  endfacet
  facet normal 0 0 1
    outer loop
      vertex 53.6985 -40.9591 2.4
      vertex 53.225 -41.42 2.4
      vertex 53.6193 -41.493 2.4
    endloop
  endfacet
  facet normal 0 0 1
    outer loop
      vertex 53.2057 -41.8121 2.4
      vertex 53.6193 -41.493 2.4
      vertex 53.225 -41.42 2.4
    endloop
  endfacet
  facet normal 0 0 1
    outer loop
      vertex 53.6193 41.493 2.4
      vertex 53.2057 41.8121 2.4
      vertex 53.225 41.42 2.4
    endloop
  endfacet
  facet normal 0 0 1
    outer loop
      vertex 53.4882 42.0166 2.4
      vertex 53.1481 42.2004 2.4
      vertex 53.2057 41.8121 2.4
    endloop
  endfacet
  facet normal -0 0 1
    outer loop
      vertex 53.0528 42.5811 2.4
      vertex 53.3063 42.5247 2.4
      vertex 53.0756 43.0127 2.4
    endloop
  endfacet
  facet normal 0 0 1
    outer loop
      vertex 53.3063 42.5247 2.4
      vertex 53.0528 42.5811 2.4
      vertex 53.1481 42.2004 2.4
    endloop
  endfacet
  facet normal 0 0 1
    outer loop
      vertex 53.0756 43.0127 2.4
      vertex 52.9205 42.9507 2.4
      vertex 53.0528 42.5811 2.4
    endloop
  endfacet
  facet normal -0 0 1
    outer loop
      vertex 52.7527 43.3056 2.4
      vertex 53.0756 43.0127 2.4
      vertex 52.7981 43.4756 2.4
    endloop
  endfacet
  facet normal 0 0 1
    outer loop
      vertex 53.0756 43.0127 2.4
      vertex 52.7527 43.3056 2.4
      vertex 52.9205 42.9507 2.4
    endloop
  endfacet
  facet normal 0 0 1
    outer loop
      vertex 52.7981 43.4756 2.4
      vertex 52.5509 43.6423 2.4
      vertex 52.7527 43.3056 2.4
    endloop
  endfacet
  facet normal 0 0 1
    outer loop
      vertex 52.4765 43.9092 2.4
      vertex 52.5509 43.6423 2.4
      vertex 52.7981 43.4756 2.4
    endloop
  endfacet
  facet normal 0 0 1
    outer loop
      vertex 52.4765 43.9092 2.4
      vertex 52.317 43.9576 2.4
      vertex 52.5509 43.6423 2.4
    endloop
  endfacet
  facet normal 0 0 1
    outer loop
      vertex 52.1141 44.3091 2.4
      vertex 52.317 43.9576 2.4
      vertex 52.4765 43.9092 2.4
    endloop
  endfacet
  facet normal 0 0 1
    outer loop
      vertex 52.1141 44.3091 2.4
      vertex 52.0534 44.2484 2.4
      vertex 52.317 43.9576 2.4
    endloop
  endfacet
  facet normal 0 0 1
    outer loop
      vertex 52.1141 44.3091 2.4
      vertex 51.7626 44.512 2.4
      vertex 52.0534 44.2484 2.4
    endloop
  endfacet
  facet normal 0 0 1
    outer loop
      vertex 51.7142 44.6716 2.4
      vertex 51.7626 44.512 2.4
      vertex 52.1141 44.3091 2.4
    endloop
  endfacet
  facet normal 0 0 1
    outer loop
      vertex 51.7142 44.6716 2.4
      vertex 51.4473 44.7459 2.4
      vertex 51.7626 44.512 2.4
    endloop
  endfacet
  facet normal 0 0 1
    outer loop
      vertex 51.2806 44.9931 2.4
      vertex 51.4473 44.7459 2.4
      vertex 51.7142 44.6716 2.4
    endloop
  endfacet
  facet normal 0 0 1
    outer loop
      vertex 51.2806 44.9931 2.4
      vertex 51.1106 44.9477 2.4
      vertex 51.4473 44.7459 2.4
    endloop
  endfacet
  facet normal 0 0 1
    outer loop
      vertex 50.8177 45.2706 2.4
      vertex 51.1106 44.9477 2.4
      vertex 51.2806 44.9931 2.4
    endloop
  endfacet
  facet normal 0 0 1
    outer loop
      vertex 50.8177 45.2706 2.4
      vertex 50.7557 45.1155 2.4
      vertex 51.1106 44.9477 2.4
    endloop
  endfacet
  facet normal 0 0 1
    outer loop
      vertex 50.8177 45.2706 2.4
      vertex 50.3861 45.2478 2.4
      vertex 50.7557 45.1155 2.4
    endloop
  endfacet
  facet normal 0 0 1
    outer loop
      vertex 50.3297 45.5013 2.4
      vertex 50.3861 45.2478 2.4
      vertex 50.8177 45.2706 2.4
    endloop
  endfacet
  facet normal 0 0 1
    outer loop
      vertex 50.3297 45.5013 2.4
      vertex 50.0054 45.3431 2.4
      vertex 50.3861 45.2478 2.4
    endloop
  endfacet
  facet normal 0 0 1
    outer loop
      vertex 49.8216 45.6832 2.4
      vertex 50.0054 45.3431 2.4
      vertex 50.3297 45.5013 2.4
    endloop
  endfacet
  facet normal 0 0 1
    outer loop
      vertex 49.8216 45.6832 2.4
      vertex 49.6171 45.4007 2.4
      vertex 50.0054 45.3431 2.4
    endloop
  endfacet
  facet normal 0 0 1
    outer loop
      vertex 49.298 45.8143 2.4
      vertex 49.6171 45.4007 2.4
      vertex 49.8216 45.6832 2.4
    endloop
  endfacet
  facet normal 0 0 1
    outer loop
      vertex 49.298 45.8143 2.4
      vertex 49.225 45.42 2.4
      vertex 49.6171 45.4007 2.4
    endloop
  endfacet
  facet normal 0 0 1
    outer loop
      vertex 49.298 45.8143 2.4
      vertex 48.8329 45.4007 2.4
      vertex 49.225 45.42 2.4
    endloop
  endfacet
  facet normal 0 0 1
    outer loop
      vertex 48.7641 45.8935 2.4
      vertex 48.8329 45.4007 2.4
      vertex 49.298 45.8143 2.4
    endloop
  endfacet
  facet normal 0 0 1
    outer loop
      vertex 48.7641 45.8935 2.4
      vertex 48.4446 45.3431 2.4
      vertex 48.8329 45.4007 2.4
    endloop
  endfacet
  facet normal 0 0 1
    outer loop
      vertex 48.225 45.92 2.4
      vertex 48.4446 45.3431 2.4
      vertex 48.7641 45.8935 2.4
    endloop
  endfacet
  facet normal 0 0 1
    outer loop
      vertex 48.225 45.92 2.4
      vertex 48.0639 45.2478 2.4
      vertex 48.4446 45.3431 2.4
    endloop
  endfacet
  facet normal 0 0 1
    outer loop
      vertex 48.225 45.92 2.4
      vertex 47.6943 45.1155 2.4
      vertex 48.0639 45.2478 2.4
    endloop
  endfacet
  facet normal 0 0 1
    outer loop
      vertex 48.225 45.92 2.4
      vertex 47.3394 44.9477 2.4
      vertex 47.6943 45.1155 2.4
    endloop
  endfacet
  facet normal 0 0 1
    outer loop
      vertex 48.225 45.92 2.4
      vertex 47.0027 44.7459 2.4
      vertex 47.3394 44.9477 2.4
    endloop
  endfacet
  facet normal 0 0 1
    outer loop
      vertex 48.225 45.92 2.4
      vertex 46.6874 44.512 2.4
      vertex 47.0027 44.7459 2.4
    endloop
  endfacet
  facet normal 0 0 1
    outer loop
      vertex -46.6874 44.512 2.4
      vertex 46.6874 44.512 2.4
      vertex 48.225 45.92 2.4
    endloop
  endfacet
  facet normal 0 0 1
    outer loop
      vertex 45.5295 42.9507 2.4
      vertex -45.4111 42.62 2.4
      vertex 45.4111 42.62 2.4
    endloop
  endfacet
  facet normal 0 0 1
    outer loop
      vertex -45.5295 42.9507 2.4
      vertex 45.5295 42.9507 2.4
      vertex 45.6973 43.3056 2.4
    endloop
  endfacet
  facet normal 0 0 1
    outer loop
      vertex -45.6973 43.3056 2.4
      vertex 45.6973 43.3056 2.4
      vertex 45.8991 43.6423 2.4
    endloop
  endfacet
  facet normal 0 0 1
    outer loop
      vertex -45.8991 43.6423 2.4
      vertex 45.8991 43.6423 2.4
      vertex 46.133 43.9576 2.4
    endloop
  endfacet
  facet normal 0 0 1
    outer loop
      vertex -46.133 43.9576 2.4
      vertex 46.133 43.9576 2.4
      vertex 46.3966 44.2484 2.4
    endloop
  endfacet
  facet normal 0 0 1
    outer loop
      vertex 46.6874 44.512 2.4
      vertex -46.6874 44.512 2.4
      vertex 46.3966 44.2484 2.4
    endloop
  endfacet
  facet normal 0 0 1
    outer loop
      vertex 45.5295 42.9507 2.4
      vertex -45.5295 42.9507 2.4
      vertex -45.4111 42.62 2.4
    endloop
  endfacet
  facet normal 0 0 1
    outer loop
      vertex 45.6973 43.3056 2.4
      vertex -45.6973 43.3056 2.4
      vertex -45.5295 42.9507 2.4
    endloop
  endfacet
  facet normal 0 0 1
    outer loop
      vertex 45.8991 43.6423 2.4
      vertex -45.8991 43.6423 2.4
      vertex -45.6973 43.3056 2.4
    endloop
  endfacet
  facet normal 0 0 1
    outer loop
      vertex 46.133 43.9576 2.4
      vertex -46.133 43.9576 2.4
      vertex -45.8991 43.6423 2.4
    endloop
  endfacet
  facet normal 0 0 1
    outer loop
      vertex 46.3966 44.2484 2.4
      vertex -46.3966 44.2484 2.4
      vertex -46.133 43.9576 2.4
    endloop
  endfacet
  facet normal 0 0 1
    outer loop
      vertex 46.3966 44.2484 2.4
      vertex -46.6874 44.512 2.4
      vertex -46.3966 44.2484 2.4
    endloop
  endfacet
  facet normal -0 0 1
    outer loop
      vertex -48.225 45.92 2.4
      vertex -46.6874 44.512 2.4
      vertex 48.225 45.92 2.4
    endloop
  endfacet
  facet normal 0 0 1
    outer loop
      vertex -46.6874 44.512 2.4
      vertex -48.225 45.92 2.4
      vertex -47.0027 44.7459 2.4
    endloop
  endfacet
  facet normal 0 0 1
    outer loop
      vertex -47.0027 44.7459 2.4
      vertex -48.225 45.92 2.4
      vertex -47.3394 44.9477 2.4
    endloop
  endfacet
  facet normal 0 0 1
    outer loop
      vertex -47.3394 44.9477 2.4
      vertex -48.225 45.92 2.4
      vertex -47.6943 45.1155 2.4
    endloop
  endfacet
  facet normal 0 0 1
    outer loop
      vertex -47.6943 45.1155 2.4
      vertex -48.225 45.92 2.4
      vertex -48.0639 45.2478 2.4
    endloop
  endfacet
  facet normal 0 0 1
    outer loop
      vertex -48.225 45.92 2.4
      vertex -48.4446 45.3431 2.4
      vertex -48.0639 45.2478 2.4
    endloop
  endfacet
  facet normal -0 0 1
    outer loop
      vertex -48.7641 45.8935 2.4
      vertex -48.4446 45.3431 2.4
      vertex -48.225 45.92 2.4
    endloop
  endfacet
  facet normal 0 0 1
    outer loop
      vertex -48.7641 45.8935 2.4
      vertex -48.8329 45.4007 2.4
      vertex -48.4446 45.3431 2.4
    endloop
  endfacet
  facet normal -0 0 1
    outer loop
      vertex -49.298 45.8143 2.4
      vertex -48.8329 45.4007 2.4
      vertex -48.7641 45.8935 2.4
    endloop
  endfacet
  facet normal 0 0 1
    outer loop
      vertex -48.8329 45.4007 2.4
      vertex -49.298 45.8143 2.4
      vertex -49.225 45.42 2.4
    endloop
  endfacet
  facet normal 0 0 1
    outer loop
      vertex -49.298 45.8143 2.4
      vertex -49.6171 45.4007 2.4
      vertex -49.225 45.42 2.4
    endloop
  endfacet
  facet normal -0 0 1
    outer loop
      vertex -49.8216 45.6832 2.4
      vertex -49.6171 45.4007 2.4
      vertex -49.298 45.8143 2.4
    endloop
  endfacet
  facet normal 0 0 1
    outer loop
      vertex -49.8216 45.6832 2.4
      vertex -50.0054 45.3431 2.4
      vertex -49.6171 45.4007 2.4
    endloop
  endfacet
  facet normal -0 0 1
    outer loop
      vertex -50.3297 45.5013 2.4
      vertex -50.0054 45.3431 2.4
      vertex -49.8216 45.6832 2.4
    endloop
  endfacet
  facet normal 0 0 1
    outer loop
      vertex -50.3297 45.5013 2.4
      vertex -50.3861 45.2478 2.4
      vertex -50.0054 45.3431 2.4
    endloop
  endfacet
  facet normal -0 0 1
    outer loop
      vertex -50.8177 45.2706 2.4
      vertex -50.3861 45.2478 2.4
      vertex -50.3297 45.5013 2.4
    endloop
  endfacet
  facet normal 0 0 1
    outer loop
      vertex -50.3861 45.2478 2.4
      vertex -50.8177 45.2706 2.4
      vertex -50.7557 45.1155 2.4
    endloop
  endfacet
  facet normal 0 0 1
    outer loop
      vertex -50.8177 45.2706 2.4
      vertex -51.1106 44.9477 2.4
      vertex -50.7557 45.1155 2.4
    endloop
  endfacet
  facet normal -0 0 1
    outer loop
      vertex -51.2806 44.9931 2.4
      vertex -51.1106 44.9477 2.4
      vertex -50.8177 45.2706 2.4
    endloop
  endfacet
  facet normal 0 0 1
    outer loop
      vertex -51.2806 44.9931 2.4
      vertex -51.4473 44.7459 2.4
      vertex -51.1106 44.9477 2.4
    endloop
  endfacet
  facet normal 0 0 1
    outer loop
      vertex -51.7142 44.6716 2.4
      vertex -51.4473 44.7459 2.4
      vertex -51.2806 44.9931 2.4
    endloop
  endfacet
  facet normal -0 0 1
    outer loop
      vertex -51.7142 44.6716 2.4
      vertex -51.7626 44.512 2.4
      vertex -51.4473 44.7459 2.4
    endloop
  endfacet
  facet normal 0 0 1
    outer loop
      vertex -52.1141 44.3091 2.4
      vertex -51.7626 44.512 2.4
      vertex -51.7142 44.6716 2.4
    endloop
  endfacet
  facet normal 0 0 1
    outer loop
      vertex -51.7626 44.512 2.4
      vertex -52.1141 44.3091 2.4
      vertex -52.0534 44.2484 2.4
    endloop
  endfacet
  facet normal 0 0 1
    outer loop
      vertex -52.1141 44.3091 2.4
      vertex -52.317 43.9576 2.4
      vertex -52.0534 44.2484 2.4
    endloop
  endfacet
  facet normal 0 0 1
    outer loop
      vertex -52.4765 43.9092 2.4
      vertex -52.317 43.9576 2.4
      vertex -52.1141 44.3091 2.4
    endloop
  endfacet
  facet normal -0 0 1
    outer loop
      vertex -52.4765 43.9092 2.4
      vertex -52.5509 43.6423 2.4
      vertex -52.317 43.9576 2.4
    endloop
  endfacet
  facet normal 0 0 1
    outer loop
      vertex -52.7981 43.4756 2.4
      vertex -52.5509 43.6423 2.4
      vertex -52.4765 43.9092 2.4
    endloop
  endfacet
  facet normal 0 0 1
    outer loop
      vertex -52.5509 43.6423 2.4
      vertex -52.7981 43.4756 2.4
      vertex -52.7527 43.3056 2.4
    endloop
  endfacet
  facet normal 0 0 1
    outer loop
      vertex -53.0756 43.0127 2.4
      vertex -52.7527 43.3056 2.4
      vertex -52.7981 43.4756 2.4
    endloop
  endfacet
  facet normal 0 0 1
    outer loop
      vertex -52.7527 43.3056 2.4
      vertex -53.0756 43.0127 2.4
      vertex -52.9205 42.9507 2.4
    endloop
  endfacet
  facet normal 0 0 1
    outer loop
      vertex -52.9205 42.9507 2.4
      vertex -53.0756 43.0127 2.4
      vertex -53.0528 42.5811 2.4
    endloop
  endfacet
  facet normal 0 0 1
    outer loop
      vertex -53.3063 42.5247 2.4
      vertex -53.0528 42.5811 2.4
      vertex -53.0756 43.0127 2.4
    endloop
  endfacet
  facet normal 0 0 1
    outer loop
      vertex -53.0528 42.5811 2.4
      vertex -53.3063 42.5247 2.4
      vertex -53.1481 42.2004 2.4
    endloop
  endfacet
  facet normal 0 0 1
    outer loop
      vertex -53.0528 -40.2589 2.4
      vertex -53.725 -40.42 2.4
      vertex -53.1481 -40.6396 2.4
    endloop
  endfacet
  facet normal 0 0 1
    outer loop
      vertex -53.725 40.42 2.4
      vertex -53.2057 41.8121 2.4
      vertex -53.3063 42.5247 2.4
    endloop
  endfacet
  facet normal 0 0 1
    outer loop
      vertex -53.1481 42.2004 2.4
      vertex -53.3063 42.5247 2.4
      vertex -53.2057 41.8121 2.4
    endloop
  endfacet
  facet normal 0 0 1
    outer loop
      vertex 53.6193 -41.493 2.4
      vertex 53.2057 -41.8121 2.4
      vertex 53.4882 -42.0166 2.4
    endloop
  endfacet
  facet normal 0 0 1
    outer loop
      vertex 53.1481 -42.2004 2.4
      vertex 53.4882 -42.0166 2.4
      vertex 53.2057 -41.8121 2.4
    endloop
  endfacet
  facet normal 0 0 1
    outer loop
      vertex 53.4882 -42.0166 2.4
      vertex 53.1481 -42.2004 2.4
      vertex 53.3063 -42.5247 2.4
    endloop
  endfacet
  facet normal 0 0 1
    outer loop
      vertex 53.0528 -42.5811 2.4
      vertex 53.3063 -42.5247 2.4
      vertex 53.1481 -42.2004 2.4
    endloop
  endfacet
  facet normal 0 0 1
    outer loop
      vertex 53.3063 -42.5247 2.4
      vertex 53.0528 -42.5811 2.4
      vertex 53.0756 -43.0127 2.4
    endloop
  endfacet
  facet normal -0 0 1
    outer loop
      vertex 52.9205 -42.9507 2.4
      vertex 53.0756 -43.0127 2.4
      vertex 53.0528 -42.5811 2.4
    endloop
  endfacet
  facet normal 0 0 1
    outer loop
      vertex 52.7527 -43.3056 2.4
      vertex 53.0756 -43.0127 2.4
      vertex 52.9205 -42.9507 2.4
    endloop
  endfacet
  facet normal 0 0 1
    outer loop
      vertex 53.0756 -43.0127 2.4
      vertex 52.7527 -43.3056 2.4
      vertex 52.7981 -43.4756 2.4
    endloop
  endfacet
  facet normal 0 0 1
    outer loop
      vertex 52.5509 -43.6423 2.4
      vertex 52.7981 -43.4756 2.4
      vertex 52.7527 -43.3056 2.4
    endloop
  endfacet
  facet normal -0 0 1
    outer loop
      vertex 52.5509 -43.6423 2.4
      vertex 52.4765 -43.9092 2.4
      vertex 52.7981 -43.4756 2.4
    endloop
  endfacet
  facet normal 0 0 1
    outer loop
      vertex 52.317 -43.9576 2.4
      vertex 52.4765 -43.9092 2.4
      vertex 52.5509 -43.6423 2.4
    endloop
  endfacet
  facet normal -0 0 1
    outer loop
      vertex 52.317 -43.9576 2.4
      vertex 52.1141 -44.3091 2.4
      vertex 52.4765 -43.9092 2.4
    endloop
  endfacet
  facet normal -0 0 1
    outer loop
      vertex 52.0534 -44.2484 2.4
      vertex 52.1141 -44.3091 2.4
      vertex 52.317 -43.9576 2.4
    endloop
  endfacet
  facet normal 0 0 1
    outer loop
      vertex 51.7626 -44.512 2.4
      vertex 52.1141 -44.3091 2.4
      vertex 52.0534 -44.2484 2.4
    endloop
  endfacet
  facet normal -0 0 1
    outer loop
      vertex 51.7626 -44.512 2.4
      vertex 51.7142 -44.6716 2.4
      vertex 52.1141 -44.3091 2.4
    endloop
  endfacet
  facet normal 0 0 1
    outer loop
      vertex 51.4473 -44.7459 2.4
      vertex 51.7142 -44.6716 2.4
      vertex 51.7626 -44.512 2.4
    endloop
  endfacet
  facet normal -0 0 1
    outer loop
      vertex 51.4473 -44.7459 2.4
      vertex 51.2806 -44.9931 2.4
      vertex 51.7142 -44.6716 2.4
    endloop
  endfacet
  facet normal -0 0 1
    outer loop
      vertex 51.1106 -44.9477 2.4
      vertex 51.2806 -44.9931 2.4
      vertex 51.4473 -44.7459 2.4
    endloop
  endfacet
  facet normal 0 0 1
    outer loop
      vertex 51.1106 -44.9477 2.4
      vertex 50.8177 -45.2706 2.4
      vertex 51.2806 -44.9931 2.4
    endloop
  endfacet
  facet normal -0 0 1
    outer loop
      vertex 50.7557 -45.1155 2.4
      vertex 50.8177 -45.2706 2.4
      vertex 51.1106 -44.9477 2.4
    endloop
  endfacet
  facet normal -0 0 1
    outer loop
      vertex 50.3861 -45.2478 2.4
      vertex 50.8177 -45.2706 2.4
      vertex 50.7557 -45.1155 2.4
    endloop
  endfacet
  facet normal 0 0 1
    outer loop
      vertex 50.3861 -45.2478 2.4
      vertex 50.3297 -45.5013 2.4
      vertex 50.8177 -45.2706 2.4
    endloop
  endfacet
  facet normal -0 0 1
    outer loop
      vertex 50.0054 -45.3431 2.4
      vertex 50.3297 -45.5013 2.4
      vertex 50.3861 -45.2478 2.4
    endloop
  endfacet
  facet normal 0 0 1
    outer loop
      vertex 50.0054 -45.3431 2.4
      vertex 49.8216 -45.6832 2.4
      vertex 50.3297 -45.5013 2.4
    endloop
  endfacet
  facet normal -0 0 1
    outer loop
      vertex 49.6171 -45.4007 2.4
      vertex 49.8216 -45.6832 2.4
      vertex 50.0054 -45.3431 2.4
    endloop
  endfacet
  facet normal 0 0 1
    outer loop
      vertex 49.6171 -45.4007 2.4
      vertex 49.298 -45.8143 2.4
      vertex 49.8216 -45.6832 2.4
    endloop
  endfacet
  facet normal -0 0 1
    outer loop
      vertex 49.225 -45.42 2.4
      vertex 49.298 -45.8143 2.4
      vertex 49.6171 -45.4007 2.4
    endloop
  endfacet
  facet normal 0 0 1
    outer loop
      vertex 48.8329 -45.4007 2.4
      vertex 49.298 -45.8143 2.4
      vertex 49.225 -45.42 2.4
    endloop
  endfacet
  facet normal 0 0 1
    outer loop
      vertex 48.8329 -45.4007 2.4
      vertex 48.7641 -45.8935 2.4
      vertex 49.298 -45.8143 2.4
    endloop
  endfacet
  facet normal 0 0 1
    outer loop
      vertex 48.4446 -45.3431 2.4
      vertex 48.7641 -45.8935 2.4
      vertex 48.8329 -45.4007 2.4
    endloop
  endfacet
  facet normal 0 0 1
    outer loop
      vertex 48.4446 -45.3431 2.4
      vertex 48.225 -45.92 2.4
      vertex 48.7641 -45.8935 2.4
    endloop
  endfacet
  facet normal 0 0 1
    outer loop
      vertex 48.0639 -45.2478 2.4
      vertex 48.225 -45.92 2.4
      vertex 48.4446 -45.3431 2.4
    endloop
  endfacet
  facet normal 0 0 1
    outer loop
      vertex 47.6943 -45.1155 2.4
      vertex 48.225 -45.92 2.4
      vertex 48.0639 -45.2478 2.4
    endloop
  endfacet
  facet normal 0 0 1
    outer loop
      vertex 47.3394 -44.9477 2.4
      vertex 48.225 -45.92 2.4
      vertex 47.6943 -45.1155 2.4
    endloop
  endfacet
  facet normal 0 0 1
    outer loop
      vertex 47.0027 -44.7459 2.4
      vertex 48.225 -45.92 2.4
      vertex 47.3394 -44.9477 2.4
    endloop
  endfacet
  facet normal 0 0 1
    outer loop
      vertex 46.6874 -44.512 2.4
      vertex 48.225 -45.92 2.4
      vertex 47.0027 -44.7459 2.4
    endloop
  endfacet
  facet normal 0 0 1
    outer loop
      vertex -46.6874 -44.512 2.4
      vertex 46.6874 -44.512 2.4
      vertex 46.3966 -44.2484 2.4
    endloop
  endfacet
  facet normal -0 0 1
    outer loop
      vertex -45.4111 -42.62 2.4
      vertex 45.5295 -42.9507 2.4
      vertex 45.4111 -42.62 2.4
    endloop
  endfacet
  facet normal 0 0 1
    outer loop
      vertex -45.5295 -42.9507 2.4
      vertex 45.5295 -42.9507 2.4
      vertex -45.4111 -42.62 2.4
    endloop
  endfacet
  facet normal 0 0 1
    outer loop
      vertex 45.5295 -42.9507 2.4
      vertex -45.5295 -42.9507 2.4
      vertex 45.6973 -43.3056 2.4
    endloop
  endfacet
  facet normal 0 0 1
    outer loop
      vertex -45.6973 -43.3056 2.4
      vertex 45.6973 -43.3056 2.4
      vertex -45.5295 -42.9507 2.4
    endloop
  endfacet
  facet normal 0 0 1
    outer loop
      vertex 45.6973 -43.3056 2.4
      vertex -45.6973 -43.3056 2.4
      vertex 45.8991 -43.6423 2.4
    endloop
  endfacet
  facet normal 0 0 1
    outer loop
      vertex -45.8991 -43.6423 2.4
      vertex 45.8991 -43.6423 2.4
      vertex -45.6973 -43.3056 2.4
    endloop
  endfacet
  facet normal 0 0 1
    outer loop
      vertex 45.8991 -43.6423 2.4
      vertex -45.8991 -43.6423 2.4
      vertex 46.133 -43.9576 2.4
    endloop
  endfacet
  facet normal 0 0 1
    outer loop
      vertex -46.133 -43.9576 2.4
      vertex 46.133 -43.9576 2.4
      vertex -45.8991 -43.6423 2.4
    endloop
  endfacet
  facet normal 0 0 1
    outer loop
      vertex 46.133 -43.9576 2.4
      vertex -46.133 -43.9576 2.4
      vertex 46.3966 -44.2484 2.4
    endloop
  endfacet
  facet normal 0 0 1
    outer loop
      vertex -46.3966 -44.2484 2.4
      vertex 46.3966 -44.2484 2.4
      vertex -46.133 -43.9576 2.4
    endloop
  endfacet
  facet normal 0 0 1
    outer loop
      vertex -46.6874 -44.512 2.4
      vertex 46.3966 -44.2484 2.4
      vertex -46.3966 -44.2484 2.4
    endloop
  endfacet
  facet normal 0 0 1
    outer loop
      vertex 46.6874 -44.512 2.4
      vertex -46.6874 -44.512 2.4
      vertex 48.225 -45.92 2.4
    endloop
  endfacet
  facet normal 0 0 1
    outer loop
      vertex -48.225 -45.92 2.4
      vertex -46.6874 -44.512 2.4
      vertex -47.0027 -44.7459 2.4
    endloop
  endfacet
  facet normal 0 0 1
    outer loop
      vertex -48.225 -45.92 2.4
      vertex -47.0027 -44.7459 2.4
      vertex -47.3394 -44.9477 2.4
    endloop
  endfacet
  facet normal 0 0 1
    outer loop
      vertex -48.225 -45.92 2.4
      vertex -47.3394 -44.9477 2.4
      vertex -47.6943 -45.1155 2.4
    endloop
  endfacet
  facet normal 0 0 1
    outer loop
      vertex -48.225 -45.92 2.4
      vertex -47.6943 -45.1155 2.4
      vertex -48.0639 -45.2478 2.4
    endloop
  endfacet
  facet normal 0 0 1
    outer loop
      vertex -46.6874 -44.512 2.4
      vertex -48.225 -45.92 2.4
      vertex 48.225 -45.92 2.4
    endloop
  endfacet
  facet normal -0 0 1
    outer loop
      vertex -48.4446 -45.3431 2.4
      vertex -48.225 -45.92 2.4
      vertex -48.0639 -45.2478 2.4
    endloop
  endfacet
  facet normal 0 0 1
    outer loop
      vertex -48.4446 -45.3431 2.4
      vertex -48.7641 -45.8935 2.4
      vertex -48.225 -45.92 2.4
    endloop
  endfacet
  facet normal -0 0 1
    outer loop
      vertex -48.8329 -45.4007 2.4
      vertex -48.7641 -45.8935 2.4
      vertex -48.4446 -45.3431 2.4
    endloop
  endfacet
  facet normal 0 0 1
    outer loop
      vertex -49.298 -45.8143 2.4
      vertex -48.8329 -45.4007 2.4
      vertex -49.225 -45.42 2.4
    endloop
  endfacet
  facet normal 0 0 1
    outer loop
      vertex -48.8329 -45.4007 2.4
      vertex -49.298 -45.8143 2.4
      vertex -48.7641 -45.8935 2.4
    endloop
  endfacet
  facet normal 0 0 1
    outer loop
      vertex -49.6171 -45.4007 2.4
      vertex -49.298 -45.8143 2.4
      vertex -49.225 -45.42 2.4
    endloop
  endfacet
  facet normal 0 0 1
    outer loop
      vertex -49.6171 -45.4007 2.4
      vertex -49.8216 -45.6832 2.4
      vertex -49.298 -45.8143 2.4
    endloop
  endfacet
  facet normal 0 0 1
    outer loop
      vertex -50.0054 -45.3431 2.4
      vertex -49.8216 -45.6832 2.4
      vertex -49.6171 -45.4007 2.4
    endloop
  endfacet
  facet normal 0 0 1
    outer loop
      vertex -50.0054 -45.3431 2.4
      vertex -50.3297 -45.5013 2.4
      vertex -49.8216 -45.6832 2.4
    endloop
  endfacet
  facet normal 0 0 1
    outer loop
      vertex -50.3861 -45.2478 2.4
      vertex -50.3297 -45.5013 2.4
      vertex -50.0054 -45.3431 2.4
    endloop
  endfacet
  facet normal 0 0 1
    outer loop
      vertex -50.8177 -45.2706 2.4
      vertex -50.3861 -45.2478 2.4
      vertex -50.7557 -45.1155 2.4
    endloop
  endfacet
  facet normal 0 0 1
    outer loop
      vertex -50.3861 -45.2478 2.4
      vertex -50.8177 -45.2706 2.4
      vertex -50.3297 -45.5013 2.4
    endloop
  endfacet
  facet normal 0 0 1
    outer loop
      vertex -51.1106 -44.9477 2.4
      vertex -50.8177 -45.2706 2.4
      vertex -50.7557 -45.1155 2.4
    endloop
  endfacet
  facet normal 0 0 1
    outer loop
      vertex -51.1106 -44.9477 2.4
      vertex -51.2806 -44.9931 2.4
      vertex -50.8177 -45.2706 2.4
    endloop
  endfacet
  facet normal 0 0 1
    outer loop
      vertex -51.4473 -44.7459 2.4
      vertex -51.2806 -44.9931 2.4
      vertex -51.1106 -44.9477 2.4
    endloop
  endfacet
  facet normal 0 0 1
    outer loop
      vertex -51.4473 -44.7459 2.4
      vertex -51.7142 -44.6716 2.4
      vertex -51.2806 -44.9931 2.4
    endloop
  endfacet
  facet normal 0 0 1
    outer loop
      vertex -51.7626 -44.512 2.4
      vertex -51.7142 -44.6716 2.4
      vertex -51.4473 -44.7459 2.4
    endloop
  endfacet
  facet normal -0 0 1
    outer loop
      vertex -52.1141 -44.3091 2.4
      vertex -51.7626 -44.512 2.4
      vertex -52.0534 -44.2484 2.4
    endloop
  endfacet
  facet normal 0 0 1
    outer loop
      vertex -51.7626 -44.512 2.4
      vertex -52.1141 -44.3091 2.4
      vertex -51.7142 -44.6716 2.4
    endloop
  endfacet
  facet normal 0 0 1
    outer loop
      vertex -52.317 -43.9576 2.4
      vertex -52.1141 -44.3091 2.4
      vertex -52.0534 -44.2484 2.4
    endloop
  endfacet
  facet normal 0 0 1
    outer loop
      vertex -52.317 -43.9576 2.4
      vertex -52.4765 -43.9092 2.4
      vertex -52.1141 -44.3091 2.4
    endloop
  endfacet
  facet normal 0 0 1
    outer loop
      vertex -52.5509 -43.6423 2.4
      vertex -52.4765 -43.9092 2.4
      vertex -52.317 -43.9576 2.4
    endloop
  endfacet
  facet normal -0 0 1
    outer loop
      vertex -52.7981 -43.4756 2.4
      vertex -52.5509 -43.6423 2.4
      vertex -52.7527 -43.3056 2.4
    endloop
  endfacet
  facet normal 0 0 1
    outer loop
      vertex -52.5509 -43.6423 2.4
      vertex -52.7981 -43.4756 2.4
      vertex -52.4765 -43.9092 2.4
    endloop
  endfacet
  facet normal -0 0 1
    outer loop
      vertex -53.0756 -43.0127 2.4
      vertex -52.7527 -43.3056 2.4
      vertex -52.9205 -42.9507 2.4
    endloop
  endfacet
  facet normal 0 0 1
    outer loop
      vertex -53.0756 -43.0127 2.4
      vertex -52.9205 -42.9507 2.4
      vertex -53.0528 -42.5811 2.4
    endloop
  endfacet
  facet normal 0 0 1
    outer loop
      vertex -52.7527 -43.3056 2.4
      vertex -53.0756 -43.0127 2.4
      vertex -52.7981 -43.4756 2.4
    endloop
  endfacet
  facet normal -0 0 1
    outer loop
      vertex -53.3063 -42.5247 2.4
      vertex -53.0528 -42.5811 2.4
      vertex -53.1481 -42.2004 2.4
    endloop
  endfacet
  facet normal -0 0 1
    outer loop
      vertex -53.4882 -42.0166 2.4
      vertex -53.1481 -42.2004 2.4
      vertex -53.2057 -41.8121 2.4
    endloop
  endfacet
  facet normal 0 0 1
    outer loop
      vertex -53.0528 -42.5811 2.4
      vertex -53.3063 -42.5247 2.4
      vertex -53.0756 -43.0127 2.4
    endloop
  endfacet
  facet normal -0 0 1
    outer loop
      vertex -53.6193 -41.493 2.4
      vertex -53.2057 -41.8121 2.4
      vertex -53.225 -41.42 2.4
    endloop
  endfacet
  facet normal 0 -0 1
    outer loop
      vertex -53.6985 -40.9591 2.4
      vertex -53.1481 -40.6396 2.4
      vertex -53.725 -40.42 2.4
    endloop
  endfacet
  facet normal 0 0 1
    outer loop
      vertex -53.725 40.42 2.4
      vertex -53.3063 42.5247 2.4
      vertex -53.4882 42.0166 2.4
    endloop
  endfacet
  facet normal 0 0 1
    outer loop
      vertex -53.1481 -40.6396 2.4
      vertex -53.6985 -40.9591 2.4
      vertex -53.2057 -41.0279 2.4
    endloop
  endfacet
  facet normal 0 0 1
    outer loop
      vertex -53.725 40.42 2.4
      vertex -53.4882 42.0166 2.4
      vertex -53.6193 41.493 2.4
    endloop
  endfacet
  facet normal 0 -0 1
    outer loop
      vertex -53.6193 -41.493 2.4
      vertex -53.2057 -41.0279 2.4
      vertex -53.6985 -40.9591 2.4
    endloop
  endfacet
  facet normal 0 0 1
    outer loop
      vertex -53.725 40.42 2.4
      vertex -53.6193 41.493 2.4
      vertex -53.6985 40.9591 2.4
    endloop
  endfacet
  facet normal 0 0 1
    outer loop
      vertex -53.1481 -42.2004 2.4
      vertex -53.4882 -42.0166 2.4
      vertex -53.3063 -42.5247 2.4
    endloop
  endfacet
  facet normal 0 0 1
    outer loop
      vertex -53.2057 -41.8121 2.4
      vertex -53.6193 -41.493 2.4
      vertex -53.4882 -42.0166 2.4
    endloop
  endfacet
  facet normal 0 0 1
    outer loop
      vertex -53.2057 -41.0279 2.4
      vertex -53.6193 -41.493 2.4
      vertex -53.225 -41.42 2.4
    endloop
  endfacet
  facet normal 0 0 1
    outer loop
      vertex -50.7557 37.7245 2.4
      vertex -50.425 -37.6061 2.4
      vertex -50.425 37.6061 2.4
    endloop
  endfacet
  facet normal 0 0 1
    outer loop
      vertex -50.7557 37.7245 2.4
      vertex -50.7557 -37.7245 2.4
      vertex -50.425 -37.6061 2.4
    endloop
  endfacet
  facet normal 0 0 1
    outer loop
      vertex -51.1106 37.8923 2.4
      vertex -50.7557 -37.7245 2.4
      vertex -50.7557 37.7245 2.4
    endloop
  endfacet
  facet normal 0 0 1
    outer loop
      vertex -51.1106 37.8923 2.4
      vertex -51.1106 -37.8923 2.4
      vertex -50.7557 -37.7245 2.4
    endloop
  endfacet
  facet normal 0 0 1
    outer loop
      vertex -51.4473 38.0941 2.4
      vertex -51.1106 -37.8923 2.4
      vertex -51.1106 37.8923 2.4
    endloop
  endfacet
  facet normal 0 0 1
    outer loop
      vertex -51.4473 38.0941 2.4
      vertex -51.4473 -38.0941 2.4
      vertex -51.1106 -37.8923 2.4
    endloop
  endfacet
  facet normal 0 0 1
    outer loop
      vertex -51.7626 38.328 2.4
      vertex -51.4473 -38.0941 2.4
      vertex -51.4473 38.0941 2.4
    endloop
  endfacet
  facet normal 0 0 1
    outer loop
      vertex -51.7626 38.328 2.4
      vertex -51.7626 -38.328 2.4
      vertex -51.4473 -38.0941 2.4
    endloop
  endfacet
  facet normal 0 0 1
    outer loop
      vertex -52.0534 38.5916 2.4
      vertex -51.7626 -38.328 2.4
      vertex -51.7626 38.328 2.4
    endloop
  endfacet
  facet normal 0 0 1
    outer loop
      vertex -52.0534 38.5916 2.4
      vertex -52.0534 -38.5916 2.4
      vertex -51.7626 -38.328 2.4
    endloop
  endfacet
  facet normal 0 0 1
    outer loop
      vertex -52.317 38.8824 2.4
      vertex -52.0534 -38.5916 2.4
      vertex -52.0534 38.5916 2.4
    endloop
  endfacet
  facet normal 0 0 1
    outer loop
      vertex -52.317 38.8824 2.4
      vertex -52.317 -38.8824 2.4
      vertex -52.0534 -38.5916 2.4
    endloop
  endfacet
  facet normal 0 0 1
    outer loop
      vertex -53.725 40.42 2.4
      vertex -52.317 38.8824 2.4
      vertex -52.5509 39.1977 2.4
    endloop
  endfacet
  facet normal 0 0 1
    outer loop
      vertex -52.317 38.8824 2.4
      vertex -53.725 40.42 2.4
      vertex -52.317 -38.8824 2.4
    endloop
  endfacet
  facet normal 0 0 1
    outer loop
      vertex -53.725 40.42 2.4
      vertex -52.5509 39.1977 2.4
      vertex -52.7527 39.5344 2.4
    endloop
  endfacet
  facet normal 0 0 1
    outer loop
      vertex -53.725 -40.42 2.4
      vertex -52.317 -38.8824 2.4
      vertex -53.725 40.42 2.4
    endloop
  endfacet
  facet normal 0 0 1
    outer loop
      vertex -53.725 40.42 2.4
      vertex -52.7527 39.5344 2.4
      vertex -52.9205 39.8893 2.4
    endloop
  endfacet
  facet normal 0 0 1
    outer loop
      vertex -52.317 -38.8824 2.4
      vertex -53.725 -40.42 2.4
      vertex -52.5509 -39.1977 2.4
    endloop
  endfacet
  facet normal 0 0 1
    outer loop
      vertex -53.725 40.42 2.4
      vertex -52.9205 39.8893 2.4
      vertex -53.0528 40.2589 2.4
    endloop
  endfacet
  facet normal 0 0 1
    outer loop
      vertex -52.5509 -39.1977 2.4
      vertex -53.725 -40.42 2.4
      vertex -52.7527 -39.5344 2.4
    endloop
  endfacet
  facet normal -0 0 1
    outer loop
      vertex -53.725 40.42 2.4
      vertex -53.0528 40.2589 2.4
      vertex -53.1481 40.6396 2.4
    endloop
  endfacet
  facet normal 0 0 1
    outer loop
      vertex -52.7527 -39.5344 2.4
      vertex -53.725 -40.42 2.4
      vertex -52.9205 -39.8893 2.4
    endloop
  endfacet
  facet normal 0 0 1
    outer loop
      vertex -53.725 40.42 2.4
      vertex -53.1481 40.6396 2.4
      vertex -53.2057 41.0279 2.4
    endloop
  endfacet
  facet normal 0 0 1
    outer loop
      vertex -52.9205 -39.8893 2.4
      vertex -53.725 -40.42 2.4
      vertex -53.0528 -40.2589 2.4
    endloop
  endfacet
  facet normal 0 0 1
    outer loop
      vertex -53.2057 41.8121 2.4
      vertex -53.725 40.42 2.4
      vertex -53.225 41.42 2.4
    endloop
  endfacet
  facet normal 0 0 1
    outer loop
      vertex -53.225 41.42 2.4
      vertex -53.725 40.42 2.4
      vertex -53.2057 41.0279 2.4
    endloop
  endfacet
  facet normal 0 0 1
    outer loop
      vertex -47.9313 -41.2926 2.4
      vertex -47.9313 -41.5474 2.4
      vertex -47.925 -41.42 2.4
    endloop
  endfacet
  facet normal 0 0 1
    outer loop
      vertex -47.95 -41.1664 2.4
      vertex -47.9313 -41.5474 2.4
      vertex -47.9313 -41.2926 2.4
    endloop
  endfacet
  facet normal 0 0 1
    outer loop
      vertex -47.95 -41.1664 2.4
      vertex -47.95 -41.6736 2.4
      vertex -47.9313 -41.5474 2.4
    endloop
  endfacet
  facet normal 0 0 1
    outer loop
      vertex -47.981 -41.0426 2.4
      vertex -47.95 -41.6736 2.4
      vertex -47.95 -41.1664 2.4
    endloop
  endfacet
  facet normal 0 0 1
    outer loop
      vertex -47.981 -41.0426 2.4
      vertex -47.981 -41.7974 2.4
      vertex -47.95 -41.6736 2.4
    endloop
  endfacet
  facet normal 0 0 1
    outer loop
      vertex -48.024 -40.9225 2.4
      vertex -47.981 -41.7974 2.4
      vertex -47.981 -41.0426 2.4
    endloop
  endfacet
  facet normal 0 0 1
    outer loop
      vertex -48.024 -40.9225 2.4
      vertex -48.024 -41.9175 2.4
      vertex -47.981 -41.7974 2.4
    endloop
  endfacet
  facet normal 0 0 1
    outer loop
      vertex -48.0785 -40.8072 2.4
      vertex -48.024 -41.9175 2.4
      vertex -48.024 -40.9225 2.4
    endloop
  endfacet
  facet normal 0 0 1
    outer loop
      vertex -48.0785 -40.8072 2.4
      vertex -48.0785 -42.0328 2.4
      vertex -48.024 -41.9175 2.4
    endloop
  endfacet
  facet normal 0 0 1
    outer loop
      vertex -48.1441 -40.6978 2.4
      vertex -48.0785 -42.0328 2.4
      vertex -48.0785 -40.8072 2.4
    endloop
  endfacet
  facet normal 0 0 1
    outer loop
      vertex -48.1441 -40.6978 2.4
      vertex -48.1441 -42.1422 2.4
      vertex -48.0785 -42.0328 2.4
    endloop
  endfacet
  facet normal 0 0 1
    outer loop
      vertex -48.2201 -40.5953 2.4
      vertex -48.1441 -42.1422 2.4
      vertex -48.1441 -40.6978 2.4
    endloop
  endfacet
  facet normal 0 0 1
    outer loop
      vertex -48.2201 -40.5953 2.4
      vertex -48.2201 -42.2447 2.4
      vertex -48.1441 -42.1422 2.4
    endloop
  endfacet
  facet normal 0 0 1
    outer loop
      vertex -48.3058 -40.5008 2.4
      vertex -48.2201 -42.2447 2.4
      vertex -48.2201 -40.5953 2.4
    endloop
  endfacet
  facet normal 0 0 1
    outer loop
      vertex -48.3058 -40.5008 2.4
      vertex -48.3058 -42.3392 2.4
      vertex -48.2201 -42.2447 2.4
    endloop
  endfacet
  facet normal 0 0 1
    outer loop
      vertex -48.4003 -40.4151 2.4
      vertex -48.3058 -42.3392 2.4
      vertex -48.3058 -40.5008 2.4
    endloop
  endfacet
  facet normal 0 0 1
    outer loop
      vertex -48.4003 -40.4151 2.4
      vertex -48.4003 -42.4249 2.4
      vertex -48.3058 -42.3392 2.4
    endloop
  endfacet
  facet normal 0 0 1
    outer loop
      vertex -48.5028 -40.3391 2.4
      vertex -48.4003 -42.4249 2.4
      vertex -48.4003 -40.4151 2.4
    endloop
  endfacet
  facet normal 0 0 1
    outer loop
      vertex -48.5028 -40.3391 2.4
      vertex -48.5028 -42.5009 2.4
      vertex -48.4003 -42.4249 2.4
    endloop
  endfacet
  facet normal 0 0 1
    outer loop
      vertex -48.6122 -40.2735 2.4
      vertex -48.5028 -42.5009 2.4
      vertex -48.5028 -40.3391 2.4
    endloop
  endfacet
  facet normal 0 0 1
    outer loop
      vertex -48.6122 -40.2735 2.4
      vertex -48.6122 -42.5665 2.4
      vertex -48.5028 -42.5009 2.4
    endloop
  endfacet
  facet normal 0 0 1
    outer loop
      vertex -48.7275 -40.219 2.4
      vertex -48.6122 -42.5665 2.4
      vertex -48.6122 -40.2735 2.4
    endloop
  endfacet
  facet normal 0 0 1
    outer loop
      vertex -48.7275 -40.219 2.4
      vertex -48.7275 -42.621 2.4
      vertex -48.6122 -42.5665 2.4
    endloop
  endfacet
  facet normal 0 0 1
    outer loop
      vertex -48.8476 -40.176 2.4
      vertex -48.7275 -42.621 2.4
      vertex -48.7275 -40.219 2.4
    endloop
  endfacet
  facet normal 0 0 1
    outer loop
      vertex -48.8476 -40.176 2.4
      vertex -48.8476 -42.664 2.4
      vertex -48.7275 -42.621 2.4
    endloop
  endfacet
  facet normal 0 0 1
    outer loop
      vertex -48.9714 -40.145 2.4
      vertex -48.8476 -42.664 2.4
      vertex -48.8476 -40.176 2.4
    endloop
  endfacet
  facet normal 0 0 1
    outer loop
      vertex -48.9714 -40.145 2.4
      vertex -48.9714 -42.695 2.4
      vertex -48.8476 -42.664 2.4
    endloop
  endfacet
  facet normal 0 0 1
    outer loop
      vertex -49.0976 -40.1263 2.4
      vertex -48.9714 -42.695 2.4
      vertex -48.9714 -40.145 2.4
    endloop
  endfacet
  facet normal 0 0 1
    outer loop
      vertex -49.0976 -40.1263 2.4
      vertex -49.0976 -42.7137 2.4
      vertex -48.9714 -42.695 2.4
    endloop
  endfacet
  facet normal 0 0 1
    outer loop
      vertex -49.225 -40.12 2.4
      vertex -49.0976 -42.7137 2.4
      vertex -49.0976 -40.1263 2.4
    endloop
  endfacet
  facet normal 0 0 1
    outer loop
      vertex -49.225 -40.12 2.4
      vertex -49.225 -42.72 2.4
      vertex -49.0976 -42.7137 2.4
    endloop
  endfacet
  facet normal -0 0 1
    outer loop
      vertex -49.3524 -40.1263 2.4
      vertex -49.225 -42.72 2.4
      vertex -49.225 -40.12 2.4
    endloop
  endfacet
  facet normal 0 0 1
    outer loop
      vertex -49.3524 -40.1263 2.4
      vertex -49.3524 -42.7137 2.4
      vertex -49.225 -42.72 2.4
    endloop
  endfacet
  facet normal -0 0 1
    outer loop
      vertex -49.4786 -40.145 2.4
      vertex -49.3524 -42.7137 2.4
      vertex -49.3524 -40.1263 2.4
    endloop
  endfacet
  facet normal 0 0 1
    outer loop
      vertex -49.4786 -40.145 2.4
      vertex -49.4786 -42.695 2.4
      vertex -49.3524 -42.7137 2.4
    endloop
  endfacet
  facet normal -0 0 1
    outer loop
      vertex -49.6024 -40.176 2.4
      vertex -49.4786 -42.695 2.4
      vertex -49.4786 -40.145 2.4
    endloop
  endfacet
  facet normal 0 0 1
    outer loop
      vertex -49.6024 -40.176 2.4
      vertex -49.6024 -42.664 2.4
      vertex -49.4786 -42.695 2.4
    endloop
  endfacet
  facet normal -0 0 1
    outer loop
      vertex -49.7225 -40.219 2.4
      vertex -49.6024 -42.664 2.4
      vertex -49.6024 -40.176 2.4
    endloop
  endfacet
  facet normal 0 0 1
    outer loop
      vertex -49.7225 -40.219 2.4
      vertex -49.7225 -42.621 2.4
      vertex -49.6024 -42.664 2.4
    endloop
  endfacet
  facet normal -0 0 1
    outer loop
      vertex -49.8378 -40.2735 2.4
      vertex -49.7225 -42.621 2.4
      vertex -49.7225 -40.219 2.4
    endloop
  endfacet
  facet normal 0 0 1
    outer loop
      vertex -49.8378 -40.2735 2.4
      vertex -49.8378 -42.5665 2.4
      vertex -49.7225 -42.621 2.4
    endloop
  endfacet
  facet normal -0 0 1
    outer loop
      vertex -49.9472 -40.3391 2.4
      vertex -49.8378 -42.5665 2.4
      vertex -49.8378 -40.2735 2.4
    endloop
  endfacet
  facet normal 0 0 1
    outer loop
      vertex -49.9472 -40.3391 2.4
      vertex -49.9472 -42.5009 2.4
      vertex -49.8378 -42.5665 2.4
    endloop
  endfacet
  facet normal -0 0 1
    outer loop
      vertex -50.0497 -40.4151 2.4
      vertex -49.9472 -42.5009 2.4
      vertex -49.9472 -40.3391 2.4
    endloop
  endfacet
  facet normal 0 0 1
    outer loop
      vertex -50.0497 -40.4151 2.4
      vertex -50.0497 -42.4249 2.4
      vertex -49.9472 -42.5009 2.4
    endloop
  endfacet
  facet normal -0 0 1
    outer loop
      vertex -50.1442 -40.5008 2.4
      vertex -50.0497 -42.4249 2.4
      vertex -50.0497 -40.4151 2.4
    endloop
  endfacet
  facet normal 0 0 1
    outer loop
      vertex -50.1442 -40.5008 2.4
      vertex -50.1442 -42.3392 2.4
      vertex -50.0497 -42.4249 2.4
    endloop
  endfacet
  facet normal -0 0 1
    outer loop
      vertex -50.2299 -40.5953 2.4
      vertex -50.1442 -42.3392 2.4
      vertex -50.1442 -40.5008 2.4
    endloop
  endfacet
  facet normal 0 0 1
    outer loop
      vertex -50.2299 -40.5953 2.4
      vertex -50.2299 -42.2447 2.4
      vertex -50.1442 -42.3392 2.4
    endloop
  endfacet
  facet normal -0 0 1
    outer loop
      vertex -50.3059 -40.6978 2.4
      vertex -50.2299 -42.2447 2.4
      vertex -50.2299 -40.5953 2.4
    endloop
  endfacet
  facet normal 0 0 1
    outer loop
      vertex -50.3059 -40.6978 2.4
      vertex -50.3059 -42.1422 2.4
      vertex -50.2299 -42.2447 2.4
    endloop
  endfacet
  facet normal -0 0 1
    outer loop
      vertex -50.3715 -40.8072 2.4
      vertex -50.3059 -42.1422 2.4
      vertex -50.3059 -40.6978 2.4
    endloop
  endfacet
  facet normal 0 0 1
    outer loop
      vertex -50.3715 -40.8072 2.4
      vertex -50.3715 -42.0328 2.4
      vertex -50.3059 -42.1422 2.4
    endloop
  endfacet
  facet normal -0 0 1
    outer loop
      vertex -50.426 -40.9225 2.4
      vertex -50.3715 -42.0328 2.4
      vertex -50.3715 -40.8072 2.4
    endloop
  endfacet
  facet normal 0 0 1
    outer loop
      vertex -50.426 -40.9225 2.4
      vertex -50.426 -41.9175 2.4
      vertex -50.3715 -42.0328 2.4
    endloop
  endfacet
  facet normal -0 0 1
    outer loop
      vertex -50.469 -41.0426 2.4
      vertex -50.426 -41.9175 2.4
      vertex -50.426 -40.9225 2.4
    endloop
  endfacet
  facet normal 0 0 1
    outer loop
      vertex -50.469 -41.0426 2.4
      vertex -50.469 -41.7974 2.4
      vertex -50.426 -41.9175 2.4
    endloop
  endfacet
  facet normal -0 0 1
    outer loop
      vertex -50.5 -41.1664 2.4
      vertex -50.469 -41.7974 2.4
      vertex -50.469 -41.0426 2.4
    endloop
  endfacet
  facet normal 0 0 1
    outer loop
      vertex -50.5 -41.1664 2.4
      vertex -50.5 -41.6736 2.4
      vertex -50.469 -41.7974 2.4
    endloop
  endfacet
  facet normal -0 0 1
    outer loop
      vertex -50.5187 -41.2926 2.4
      vertex -50.5 -41.6736 2.4
      vertex -50.5 -41.1664 2.4
    endloop
  endfacet
  facet normal 0 0 1
    outer loop
      vertex -50.5187 -41.2926 2.4
      vertex -50.5187 -41.5474 2.4
      vertex -50.5 -41.6736 2.4
    endloop
  endfacet
  facet normal 0 -0 1
    outer loop
      vertex -50.5187 -41.5474 2.4
      vertex -50.5187 -41.2926 2.4
      vertex -50.525 -41.42 2.4
    endloop
  endfacet
  facet normal 0 0 1
    outer loop
      vertex 50.5187 -41.2926 2.4
      vertex 50.5187 -41.5474 2.4
      vertex 50.525 -41.42 2.4
    endloop
  endfacet
  facet normal 0 0 1
    outer loop
      vertex 50.5 -41.1664 2.4
      vertex 50.5187 -41.5474 2.4
      vertex 50.5187 -41.2926 2.4
    endloop
  endfacet
  facet normal 0 0 1
    outer loop
      vertex 50.5 -41.1664 2.4
      vertex 50.5 -41.6736 2.4
      vertex 50.5187 -41.5474 2.4
    endloop
  endfacet
  facet normal 0 0 1
    outer loop
      vertex 50.469 -41.0426 2.4
      vertex 50.5 -41.6736 2.4
      vertex 50.5 -41.1664 2.4
    endloop
  endfacet
  facet normal 0 0 1
    outer loop
      vertex 50.469 -41.0426 2.4
      vertex 50.469 -41.7974 2.4
      vertex 50.5 -41.6736 2.4
    endloop
  endfacet
  facet normal 0 0 1
    outer loop
      vertex 50.426 -40.9225 2.4
      vertex 50.469 -41.7974 2.4
      vertex 50.469 -41.0426 2.4
    endloop
  endfacet
  facet normal 0 0 1
    outer loop
      vertex 50.426 -40.9225 2.4
      vertex 50.426 -41.9175 2.4
      vertex 50.469 -41.7974 2.4
    endloop
  endfacet
  facet normal 0 0 1
    outer loop
      vertex 50.3715 -40.8072 2.4
      vertex 50.426 -41.9175 2.4
      vertex 50.426 -40.9225 2.4
    endloop
  endfacet
  facet normal 0 0 1
    outer loop
      vertex 50.3715 -40.8072 2.4
      vertex 50.3715 -42.0328 2.4
      vertex 50.426 -41.9175 2.4
    endloop
  endfacet
  facet normal 0 0 1
    outer loop
      vertex 50.3059 -40.6978 2.4
      vertex 50.3715 -42.0328 2.4
      vertex 50.3715 -40.8072 2.4
    endloop
  endfacet
  facet normal 0 0 1
    outer loop
      vertex 50.3059 -40.6978 2.4
      vertex 50.3059 -42.1422 2.4
      vertex 50.3715 -42.0328 2.4
    endloop
  endfacet
  facet normal 0 0 1
    outer loop
      vertex 50.2299 -40.5953 2.4
      vertex 50.3059 -42.1422 2.4
      vertex 50.3059 -40.6978 2.4
    endloop
  endfacet
  facet normal 0 0 1
    outer loop
      vertex 50.2299 -40.5953 2.4
      vertex 50.2299 -42.2447 2.4
      vertex 50.3059 -42.1422 2.4
    endloop
  endfacet
  facet normal 0 0 1
    outer loop
      vertex 50.1442 -40.5008 2.4
      vertex 50.2299 -42.2447 2.4
      vertex 50.2299 -40.5953 2.4
    endloop
  endfacet
  facet normal 0 0 1
    outer loop
      vertex 50.1442 -40.5008 2.4
      vertex 50.1442 -42.3392 2.4
      vertex 50.2299 -42.2447 2.4
    endloop
  endfacet
  facet normal 0 0 1
    outer loop
      vertex 50.0497 -40.4151 2.4
      vertex 50.1442 -42.3392 2.4
      vertex 50.1442 -40.5008 2.4
    endloop
  endfacet
  facet normal 0 0 1
    outer loop
      vertex 50.0497 -40.4151 2.4
      vertex 50.0497 -42.4249 2.4
      vertex 50.1442 -42.3392 2.4
    endloop
  endfacet
  facet normal 0 0 1
    outer loop
      vertex 49.9472 -40.3391 2.4
      vertex 50.0497 -42.4249 2.4
      vertex 50.0497 -40.4151 2.4
    endloop
  endfacet
  facet normal 0 0 1
    outer loop
      vertex 49.9472 -40.3391 2.4
      vertex 49.9472 -42.5009 2.4
      vertex 50.0497 -42.4249 2.4
    endloop
  endfacet
  facet normal 0 0 1
    outer loop
      vertex 49.8378 -40.2735 2.4
      vertex 49.9472 -42.5009 2.4
      vertex 49.9472 -40.3391 2.4
    endloop
  endfacet
  facet normal 0 0 1
    outer loop
      vertex 49.8378 -40.2735 2.4
      vertex 49.8378 -42.5665 2.4
      vertex 49.9472 -42.5009 2.4
    endloop
  endfacet
  facet normal 0 0 1
    outer loop
      vertex 49.7225 -40.219 2.4
      vertex 49.8378 -42.5665 2.4
      vertex 49.8378 -40.2735 2.4
    endloop
  endfacet
  facet normal 0 0 1
    outer loop
      vertex 49.7225 -40.219 2.4
      vertex 49.7225 -42.621 2.4
      vertex 49.8378 -42.5665 2.4
    endloop
  endfacet
  facet normal 0 0 1
    outer loop
      vertex 49.6024 -40.176 2.4
      vertex 49.7225 -42.621 2.4
      vertex 49.7225 -40.219 2.4
    endloop
  endfacet
  facet normal 0 0 1
    outer loop
      vertex 49.6024 -40.176 2.4
      vertex 49.6024 -42.664 2.4
      vertex 49.7225 -42.621 2.4
    endloop
  endfacet
  facet normal 0 0 1
    outer loop
      vertex 49.4786 -40.145 2.4
      vertex 49.6024 -42.664 2.4
      vertex 49.6024 -40.176 2.4
    endloop
  endfacet
  facet normal 0 0 1
    outer loop
      vertex 49.4786 -40.145 2.4
      vertex 49.4786 -42.695 2.4
      vertex 49.6024 -42.664 2.4
    endloop
  endfacet
  facet normal 0 0 1
    outer loop
      vertex 49.3524 -40.1263 2.4
      vertex 49.4786 -42.695 2.4
      vertex 49.4786 -40.145 2.4
    endloop
  endfacet
  facet normal 0 0 1
    outer loop
      vertex 49.3524 -40.1263 2.4
      vertex 49.3524 -42.7137 2.4
      vertex 49.4786 -42.695 2.4
    endloop
  endfacet
  facet normal 0 0 1
    outer loop
      vertex 49.225 -40.12 2.4
      vertex 49.3524 -42.7137 2.4
      vertex 49.3524 -40.1263 2.4
    endloop
  endfacet
  facet normal 0 0 1
    outer loop
      vertex 49.225 -40.12 2.4
      vertex 49.225 -42.72 2.4
      vertex 49.3524 -42.7137 2.4
    endloop
  endfacet
  facet normal -0 0 1
    outer loop
      vertex 49.0976 -40.1263 2.4
      vertex 49.225 -42.72 2.4
      vertex 49.225 -40.12 2.4
    endloop
  endfacet
  facet normal 0 0 1
    outer loop
      vertex 49.0976 -40.1263 2.4
      vertex 49.0976 -42.7137 2.4
      vertex 49.225 -42.72 2.4
    endloop
  endfacet
  facet normal -0 0 1
    outer loop
      vertex 48.9714 -40.145 2.4
      vertex 49.0976 -42.7137 2.4
      vertex 49.0976 -40.1263 2.4
    endloop
  endfacet
  facet normal 0 0 1
    outer loop
      vertex 48.9714 -40.145 2.4
      vertex 48.9714 -42.695 2.4
      vertex 49.0976 -42.7137 2.4
    endloop
  endfacet
  facet normal -0 0 1
    outer loop
      vertex 48.8476 -40.176 2.4
      vertex 48.9714 -42.695 2.4
      vertex 48.9714 -40.145 2.4
    endloop
  endfacet
  facet normal 0 0 1
    outer loop
      vertex 48.8476 -40.176 2.4
      vertex 48.8476 -42.664 2.4
      vertex 48.9714 -42.695 2.4
    endloop
  endfacet
  facet normal -0 0 1
    outer loop
      vertex 48.7275 -40.219 2.4
      vertex 48.8476 -42.664 2.4
      vertex 48.8476 -40.176 2.4
    endloop
  endfacet
  facet normal 0 0 1
    outer loop
      vertex 48.7275 -40.219 2.4
      vertex 48.7275 -42.621 2.4
      vertex 48.8476 -42.664 2.4
    endloop
  endfacet
  facet normal -0 0 1
    outer loop
      vertex 48.6122 -40.2735 2.4
      vertex 48.7275 -42.621 2.4
      vertex 48.7275 -40.219 2.4
    endloop
  endfacet
  facet normal 0 0 1
    outer loop
      vertex 48.6122 -40.2735 2.4
      vertex 48.6122 -42.5665 2.4
      vertex 48.7275 -42.621 2.4
    endloop
  endfacet
  facet normal -0 0 1
    outer loop
      vertex 48.5028 -40.3391 2.4
      vertex 48.6122 -42.5665 2.4
      vertex 48.6122 -40.2735 2.4
    endloop
  endfacet
  facet normal 0 0 1
    outer loop
      vertex 48.5028 -40.3391 2.4
      vertex 48.5028 -42.5009 2.4
      vertex 48.6122 -42.5665 2.4
    endloop
  endfacet
  facet normal -0 0 1
    outer loop
      vertex 48.4003 -40.4151 2.4
      vertex 48.5028 -42.5009 2.4
      vertex 48.5028 -40.3391 2.4
    endloop
  endfacet
  facet normal 0 0 1
    outer loop
      vertex 48.4003 -40.4151 2.4
      vertex 48.4003 -42.4249 2.4
      vertex 48.5028 -42.5009 2.4
    endloop
  endfacet
  facet normal -0 0 1
    outer loop
      vertex 48.3058 -40.5008 2.4
      vertex 48.4003 -42.4249 2.4
      vertex 48.4003 -40.4151 2.4
    endloop
  endfacet
  facet normal 0 0 1
    outer loop
      vertex 48.3058 -40.5008 2.4
      vertex 48.3058 -42.3392 2.4
      vertex 48.4003 -42.4249 2.4
    endloop
  endfacet
  facet normal -0 0 1
    outer loop
      vertex 48.2201 -40.5953 2.4
      vertex 48.3058 -42.3392 2.4
      vertex 48.3058 -40.5008 2.4
    endloop
  endfacet
  facet normal 0 0 1
    outer loop
      vertex 48.2201 -40.5953 2.4
      vertex 48.2201 -42.2447 2.4
      vertex 48.3058 -42.3392 2.4
    endloop
  endfacet
  facet normal -0 0 1
    outer loop
      vertex 48.1441 -40.6978 2.4
      vertex 48.2201 -42.2447 2.4
      vertex 48.2201 -40.5953 2.4
    endloop
  endfacet
  facet normal 0 0 1
    outer loop
      vertex 48.1441 -40.6978 2.4
      vertex 48.1441 -42.1422 2.4
      vertex 48.2201 -42.2447 2.4
    endloop
  endfacet
  facet normal -0 0 1
    outer loop
      vertex 48.0785 -40.8072 2.4
      vertex 48.1441 -42.1422 2.4
      vertex 48.1441 -40.6978 2.4
    endloop
  endfacet
  facet normal 0 0 1
    outer loop
      vertex 48.0785 -40.8072 2.4
      vertex 48.0785 -42.0328 2.4
      vertex 48.1441 -42.1422 2.4
    endloop
  endfacet
  facet normal -0 0 1
    outer loop
      vertex 48.024 -40.9225 2.4
      vertex 48.0785 -42.0328 2.4
      vertex 48.0785 -40.8072 2.4
    endloop
  endfacet
  facet normal 0 0 1
    outer loop
      vertex 48.024 -40.9225 2.4
      vertex 48.024 -41.9175 2.4
      vertex 48.0785 -42.0328 2.4
    endloop
  endfacet
  facet normal -0 0 1
    outer loop
      vertex 47.981 -41.0426 2.4
      vertex 48.024 -41.9175 2.4
      vertex 48.024 -40.9225 2.4
    endloop
  endfacet
  facet normal 0 0 1
    outer loop
      vertex 47.981 -41.0426 2.4
      vertex 47.981 -41.7974 2.4
      vertex 48.024 -41.9175 2.4
    endloop
  endfacet
  facet normal -0 0 1
    outer loop
      vertex 47.95 -41.1664 2.4
      vertex 47.981 -41.7974 2.4
      vertex 47.981 -41.0426 2.4
    endloop
  endfacet
  facet normal 0 0 1
    outer loop
      vertex 47.95 -41.1664 2.4
      vertex 47.95 -41.6736 2.4
      vertex 47.981 -41.7974 2.4
    endloop
  endfacet
  facet normal -0 0 1
    outer loop
      vertex 47.9313 -41.2926 2.4
      vertex 47.95 -41.6736 2.4
      vertex 47.95 -41.1664 2.4
    endloop
  endfacet
  facet normal 0 0 1
    outer loop
      vertex 47.9313 -41.2926 2.4
      vertex 47.9313 -41.5474 2.4
      vertex 47.95 -41.6736 2.4
    endloop
  endfacet
  facet normal 0 -0 1
    outer loop
      vertex 47.9313 -41.5474 2.4
      vertex 47.9313 -41.2926 2.4
      vertex 47.925 -41.42 2.4
    endloop
  endfacet
  facet normal 0 0 1
    outer loop
      vertex -47.9313 41.5474 2.4
      vertex -47.9313 41.2926 2.4
      vertex -47.925 41.42 2.4
    endloop
  endfacet
  facet normal 0 0 1
    outer loop
      vertex -47.95 41.6736 2.4
      vertex -47.9313 41.2926 2.4
      vertex -47.9313 41.5474 2.4
    endloop
  endfacet
  facet normal 0 0 1
    outer loop
      vertex -47.95 41.6736 2.4
      vertex -47.95 41.1664 2.4
      vertex -47.9313 41.2926 2.4
    endloop
  endfacet
  facet normal 0 0 1
    outer loop
      vertex -47.981 41.7974 2.4
      vertex -47.95 41.1664 2.4
      vertex -47.95 41.6736 2.4
    endloop
  endfacet
  facet normal 0 0 1
    outer loop
      vertex -47.981 41.7974 2.4
      vertex -47.981 41.0426 2.4
      vertex -47.95 41.1664 2.4
    endloop
  endfacet
  facet normal 0 0 1
    outer loop
      vertex -48.024 41.9175 2.4
      vertex -47.981 41.0426 2.4
      vertex -47.981 41.7974 2.4
    endloop
  endfacet
  facet normal 0 0 1
    outer loop
      vertex -48.024 41.9175 2.4
      vertex -48.024 40.9225 2.4
      vertex -47.981 41.0426 2.4
    endloop
  endfacet
  facet normal 0 0 1
    outer loop
      vertex -48.0785 42.0328 2.4
      vertex -48.024 40.9225 2.4
      vertex -48.024 41.9175 2.4
    endloop
  endfacet
  facet normal 0 0 1
    outer loop
      vertex -48.0785 42.0328 2.4
      vertex -48.0785 40.8072 2.4
      vertex -48.024 40.9225 2.4
    endloop
  endfacet
  facet normal 0 0 1
    outer loop
      vertex -48.1441 42.1422 2.4
      vertex -48.0785 40.8072 2.4
      vertex -48.0785 42.0328 2.4
    endloop
  endfacet
  facet normal 0 0 1
    outer loop
      vertex -48.1441 42.1422 2.4
      vertex -48.1441 40.6978 2.4
      vertex -48.0785 40.8072 2.4
    endloop
  endfacet
  facet normal 0 0 1
    outer loop
      vertex -48.2201 42.2447 2.4
      vertex -48.1441 40.6978 2.4
      vertex -48.1441 42.1422 2.4
    endloop
  endfacet
  facet normal 0 0 1
    outer loop
      vertex -48.2201 42.2447 2.4
      vertex -48.2201 40.5953 2.4
      vertex -48.1441 40.6978 2.4
    endloop
  endfacet
  facet normal 0 0 1
    outer loop
      vertex -48.3058 42.3392 2.4
      vertex -48.2201 40.5953 2.4
      vertex -48.2201 42.2447 2.4
    endloop
  endfacet
  facet normal 0 0 1
    outer loop
      vertex -48.3058 42.3392 2.4
      vertex -48.3058 40.5008 2.4
      vertex -48.2201 40.5953 2.4
    endloop
  endfacet
  facet normal 0 0 1
    outer loop
      vertex -48.4003 42.4249 2.4
      vertex -48.3058 40.5008 2.4
      vertex -48.3058 42.3392 2.4
    endloop
  endfacet
  facet normal 0 0 1
    outer loop
      vertex -48.4003 42.4249 2.4
      vertex -48.4003 40.4151 2.4
      vertex -48.3058 40.5008 2.4
    endloop
  endfacet
  facet normal 0 0 1
    outer loop
      vertex -48.5028 42.5009 2.4
      vertex -48.4003 40.4151 2.4
      vertex -48.4003 42.4249 2.4
    endloop
  endfacet
  facet normal 0 0 1
    outer loop
      vertex -48.5028 42.5009 2.4
      vertex -48.5028 40.3391 2.4
      vertex -48.4003 40.4151 2.4
    endloop
  endfacet
  facet normal 0 0 1
    outer loop
      vertex -48.6122 42.5665 2.4
      vertex -48.5028 40.3391 2.4
      vertex -48.5028 42.5009 2.4
    endloop
  endfacet
  facet normal 0 0 1
    outer loop
      vertex -48.6122 42.5665 2.4
      vertex -48.6122 40.2735 2.4
      vertex -48.5028 40.3391 2.4
    endloop
  endfacet
  facet normal 0 0 1
    outer loop
      vertex -48.7275 42.621 2.4
      vertex -48.6122 40.2735 2.4
      vertex -48.6122 42.5665 2.4
    endloop
  endfacet
  facet normal 0 0 1
    outer loop
      vertex -48.7275 42.621 2.4
      vertex -48.7275 40.219 2.4
      vertex -48.6122 40.2735 2.4
    endloop
  endfacet
  facet normal 0 0 1
    outer loop
      vertex -48.8476 42.664 2.4
      vertex -48.7275 40.219 2.4
      vertex -48.7275 42.621 2.4
    endloop
  endfacet
  facet normal 0 0 1
    outer loop
      vertex -48.8476 42.664 2.4
      vertex -48.8476 40.176 2.4
      vertex -48.7275 40.219 2.4
    endloop
  endfacet
  facet normal 0 0 1
    outer loop
      vertex -48.9714 42.695 2.4
      vertex -48.8476 40.176 2.4
      vertex -48.8476 42.664 2.4
    endloop
  endfacet
  facet normal 0 0 1
    outer loop
      vertex -48.9714 42.695 2.4
      vertex -48.9714 40.145 2.4
      vertex -48.8476 40.176 2.4
    endloop
  endfacet
  facet normal 0 0 1
    outer loop
      vertex -49.0976 42.7137 2.4
      vertex -48.9714 40.145 2.4
      vertex -48.9714 42.695 2.4
    endloop
  endfacet
  facet normal 0 0 1
    outer loop
      vertex -49.0976 42.7137 2.4
      vertex -49.0976 40.1263 2.4
      vertex -48.9714 40.145 2.4
    endloop
  endfacet
  facet normal 0 0 1
    outer loop
      vertex -49.225 42.72 2.4
      vertex -49.0976 40.1263 2.4
      vertex -49.0976 42.7137 2.4
    endloop
  endfacet
  facet normal 0 0 1
    outer loop
      vertex -49.225 42.72 2.4
      vertex -49.225 40.12 2.4
      vertex -49.0976 40.1263 2.4
    endloop
  endfacet
  facet normal -0 0 1
    outer loop
      vertex -49.3524 42.7137 2.4
      vertex -49.225 40.12 2.4
      vertex -49.225 42.72 2.4
    endloop
  endfacet
  facet normal 0 0 1
    outer loop
      vertex -49.3524 42.7137 2.4
      vertex -49.3524 40.1263 2.4
      vertex -49.225 40.12 2.4
    endloop
  endfacet
  facet normal -0 0 1
    outer loop
      vertex -49.4786 42.695 2.4
      vertex -49.3524 40.1263 2.4
      vertex -49.3524 42.7137 2.4
    endloop
  endfacet
  facet normal 0 0 1
    outer loop
      vertex -49.4786 42.695 2.4
      vertex -49.4786 40.145 2.4
      vertex -49.3524 40.1263 2.4
    endloop
  endfacet
  facet normal -0 0 1
    outer loop
      vertex -49.6024 42.664 2.4
      vertex -49.4786 40.145 2.4
      vertex -49.4786 42.695 2.4
    endloop
  endfacet
  facet normal 0 0 1
    outer loop
      vertex -49.6024 42.664 2.4
      vertex -49.6024 40.176 2.4
      vertex -49.4786 40.145 2.4
    endloop
  endfacet
  facet normal -0 0 1
    outer loop
      vertex -49.7225 42.621 2.4
      vertex -49.6024 40.176 2.4
      vertex -49.6024 42.664 2.4
    endloop
  endfacet
  facet normal 0 0 1
    outer loop
      vertex -49.7225 42.621 2.4
      vertex -49.7225 40.219 2.4
      vertex -49.6024 40.176 2.4
    endloop
  endfacet
  facet normal -0 0 1
    outer loop
      vertex -49.8378 42.5665 2.4
      vertex -49.7225 40.219 2.4
      vertex -49.7225 42.621 2.4
    endloop
  endfacet
  facet normal 0 0 1
    outer loop
      vertex -49.8378 42.5665 2.4
      vertex -49.8378 40.2735 2.4
      vertex -49.7225 40.219 2.4
    endloop
  endfacet
  facet normal -0 0 1
    outer loop
      vertex -49.9472 42.5009 2.4
      vertex -49.8378 40.2735 2.4
      vertex -49.8378 42.5665 2.4
    endloop
  endfacet
  facet normal 0 0 1
    outer loop
      vertex -49.9472 42.5009 2.4
      vertex -49.9472 40.3391 2.4
      vertex -49.8378 40.2735 2.4
    endloop
  endfacet
  facet normal -0 0 1
    outer loop
      vertex -50.0497 42.4249 2.4
      vertex -49.9472 40.3391 2.4
      vertex -49.9472 42.5009 2.4
    endloop
  endfacet
  facet normal 0 0 1
    outer loop
      vertex -50.0497 42.4249 2.4
      vertex -50.0497 40.4151 2.4
      vertex -49.9472 40.3391 2.4
    endloop
  endfacet
  facet normal -0 0 1
    outer loop
      vertex -50.1442 42.3392 2.4
      vertex -50.0497 40.4151 2.4
      vertex -50.0497 42.4249 2.4
    endloop
  endfacet
  facet normal 0 0 1
    outer loop
      vertex -50.1442 42.3392 2.4
      vertex -50.1442 40.5008 2.4
      vertex -50.0497 40.4151 2.4
    endloop
  endfacet
  facet normal -0 0 1
    outer loop
      vertex -50.2299 42.2447 2.4
      vertex -50.1442 40.5008 2.4
      vertex -50.1442 42.3392 2.4
    endloop
  endfacet
  facet normal 0 0 1
    outer loop
      vertex -50.2299 42.2447 2.4
      vertex -50.2299 40.5953 2.4
      vertex -50.1442 40.5008 2.4
    endloop
  endfacet
  facet normal -0 0 1
    outer loop
      vertex -50.3059 42.1422 2.4
      vertex -50.2299 40.5953 2.4
      vertex -50.2299 42.2447 2.4
    endloop
  endfacet
  facet normal 0 0 1
    outer loop
      vertex -50.3059 42.1422 2.4
      vertex -50.3059 40.6978 2.4
      vertex -50.2299 40.5953 2.4
    endloop
  endfacet
  facet normal -0 0 1
    outer loop
      vertex -50.3715 42.0328 2.4
      vertex -50.3059 40.6978 2.4
      vertex -50.3059 42.1422 2.4
    endloop
  endfacet
  facet normal 0 0 1
    outer loop
      vertex -50.3715 42.0328 2.4
      vertex -50.3715 40.8072 2.4
      vertex -50.3059 40.6978 2.4
    endloop
  endfacet
  facet normal -0 0 1
    outer loop
      vertex -50.426 41.9175 2.4
      vertex -50.3715 40.8072 2.4
      vertex -50.3715 42.0328 2.4
    endloop
  endfacet
  facet normal 0 0 1
    outer loop
      vertex -50.426 41.9175 2.4
      vertex -50.426 40.9225 2.4
      vertex -50.3715 40.8072 2.4
    endloop
  endfacet
  facet normal -0 0 1
    outer loop
      vertex -50.469 41.7974 2.4
      vertex -50.426 40.9225 2.4
      vertex -50.426 41.9175 2.4
    endloop
  endfacet
  facet normal 0 0 1
    outer loop
      vertex -50.469 41.7974 2.4
      vertex -50.469 41.0426 2.4
      vertex -50.426 40.9225 2.4
    endloop
  endfacet
  facet normal -0 0 1
    outer loop
      vertex -50.5 41.6736 2.4
      vertex -50.469 41.0426 2.4
      vertex -50.469 41.7974 2.4
    endloop
  endfacet
  facet normal 0 0 1
    outer loop
      vertex -50.5 41.6736 2.4
      vertex -50.5 41.1664 2.4
      vertex -50.469 41.0426 2.4
    endloop
  endfacet
  facet normal -0 0 1
    outer loop
      vertex -50.5187 41.5474 2.4
      vertex -50.5 41.1664 2.4
      vertex -50.5 41.6736 2.4
    endloop
  endfacet
  facet normal 0 0 1
    outer loop
      vertex -50.5187 41.5474 2.4
      vertex -50.5187 41.2926 2.4
      vertex -50.5 41.1664 2.4
    endloop
  endfacet
  facet normal 0 -0 1
    outer loop
      vertex -50.5187 41.2926 2.4
      vertex -50.5187 41.5474 2.4
      vertex -50.525 41.42 2.4
    endloop
  endfacet
  facet normal 0 0 1
    outer loop
      vertex 50.5187 41.5474 2.4
      vertex 50.5187 41.2926 2.4
      vertex 50.525 41.42 2.4
    endloop
  endfacet
  facet normal 0 0 1
    outer loop
      vertex 50.5 41.6736 2.4
      vertex 50.5187 41.2926 2.4
      vertex 50.5187 41.5474 2.4
    endloop
  endfacet
  facet normal 0 0 1
    outer loop
      vertex 50.5 41.6736 2.4
      vertex 50.5 41.1664 2.4
      vertex 50.5187 41.2926 2.4
    endloop
  endfacet
  facet normal 0 0 1
    outer loop
      vertex 50.469 41.7974 2.4
      vertex 50.5 41.1664 2.4
      vertex 50.5 41.6736 2.4
    endloop
  endfacet
  facet normal 0 0 1
    outer loop
      vertex 50.469 41.7974 2.4
      vertex 50.469 41.0426 2.4
      vertex 50.5 41.1664 2.4
    endloop
  endfacet
  facet normal 0 0 1
    outer loop
      vertex 50.426 41.9175 2.4
      vertex 50.469 41.0426 2.4
      vertex 50.469 41.7974 2.4
    endloop
  endfacet
  facet normal 0 0 1
    outer loop
      vertex 50.426 41.9175 2.4
      vertex 50.426 40.9225 2.4
      vertex 50.469 41.0426 2.4
    endloop
  endfacet
  facet normal 0 0 1
    outer loop
      vertex 50.3715 42.0328 2.4
      vertex 50.426 40.9225 2.4
      vertex 50.426 41.9175 2.4
    endloop
  endfacet
  facet normal 0 0 1
    outer loop
      vertex 50.3715 42.0328 2.4
      vertex 50.3715 40.8072 2.4
      vertex 50.426 40.9225 2.4
    endloop
  endfacet
  facet normal 0 0 1
    outer loop
      vertex 50.3059 42.1422 2.4
      vertex 50.3715 40.8072 2.4
      vertex 50.3715 42.0328 2.4
    endloop
  endfacet
  facet normal 0 0 1
    outer loop
      vertex 50.3059 42.1422 2.4
      vertex 50.3059 40.6978 2.4
      vertex 50.3715 40.8072 2.4
    endloop
  endfacet
  facet normal 0 0 1
    outer loop
      vertex 50.2299 42.2447 2.4
      vertex 50.3059 40.6978 2.4
      vertex 50.3059 42.1422 2.4
    endloop
  endfacet
  facet normal 0 0 1
    outer loop
      vertex 50.2299 42.2447 2.4
      vertex 50.2299 40.5953 2.4
      vertex 50.3059 40.6978 2.4
    endloop
  endfacet
  facet normal 0 0 1
    outer loop
      vertex 50.1442 42.3392 2.4
      vertex 50.2299 40.5953 2.4
      vertex 50.2299 42.2447 2.4
    endloop
  endfacet
  facet normal 0 0 1
    outer loop
      vertex 50.1442 42.3392 2.4
      vertex 50.1442 40.5008 2.4
      vertex 50.2299 40.5953 2.4
    endloop
  endfacet
  facet normal 0 0 1
    outer loop
      vertex 50.0497 42.4249 2.4
      vertex 50.1442 40.5008 2.4
      vertex 50.1442 42.3392 2.4
    endloop
  endfacet
  facet normal 0 0 1
    outer loop
      vertex 50.0497 42.4249 2.4
      vertex 50.0497 40.4151 2.4
      vertex 50.1442 40.5008 2.4
    endloop
  endfacet
  facet normal 0 0 1
    outer loop
      vertex 49.9472 42.5009 2.4
      vertex 50.0497 40.4151 2.4
      vertex 50.0497 42.4249 2.4
    endloop
  endfacet
  facet normal 0 0 1
    outer loop
      vertex 49.9472 42.5009 2.4
      vertex 49.9472 40.3391 2.4
      vertex 50.0497 40.4151 2.4
    endloop
  endfacet
  facet normal 0 0 1
    outer loop
      vertex 49.8378 42.5665 2.4
      vertex 49.9472 40.3391 2.4
      vertex 49.9472 42.5009 2.4
    endloop
  endfacet
  facet normal 0 0 1
    outer loop
      vertex 49.8378 42.5665 2.4
      vertex 49.8378 40.2735 2.4
      vertex 49.9472 40.3391 2.4
    endloop
  endfacet
  facet normal 0 0 1
    outer loop
      vertex 49.7225 42.621 2.4
      vertex 49.8378 40.2735 2.4
      vertex 49.8378 42.5665 2.4
    endloop
  endfacet
  facet normal 0 0 1
    outer loop
      vertex 49.7225 42.621 2.4
      vertex 49.7225 40.219 2.4
      vertex 49.8378 40.2735 2.4
    endloop
  endfacet
  facet normal 0 0 1
    outer loop
      vertex 49.6024 42.664 2.4
      vertex 49.7225 40.219 2.4
      vertex 49.7225 42.621 2.4
    endloop
  endfacet
  facet normal 0 0 1
    outer loop
      vertex 49.6024 42.664 2.4
      vertex 49.6024 40.176 2.4
      vertex 49.7225 40.219 2.4
    endloop
  endfacet
  facet normal 0 0 1
    outer loop
      vertex 49.4786 42.695 2.4
      vertex 49.6024 40.176 2.4
      vertex 49.6024 42.664 2.4
    endloop
  endfacet
  facet normal 0 0 1
    outer loop
      vertex 49.4786 42.695 2.4
      vertex 49.4786 40.145 2.4
      vertex 49.6024 40.176 2.4
    endloop
  endfacet
  facet normal 0 0 1
    outer loop
      vertex 49.3524 42.7137 2.4
      vertex 49.4786 40.145 2.4
      vertex 49.4786 42.695 2.4
    endloop
  endfacet
  facet normal 0 0 1
    outer loop
      vertex 49.3524 42.7137 2.4
      vertex 49.3524 40.1263 2.4
      vertex 49.4786 40.145 2.4
    endloop
  endfacet
  facet normal 0 0 1
    outer loop
      vertex 49.225 42.72 2.4
      vertex 49.3524 40.1263 2.4
      vertex 49.3524 42.7137 2.4
    endloop
  endfacet
  facet normal 0 0 1
    outer loop
      vertex 49.225 42.72 2.4
      vertex 49.225 40.12 2.4
      vertex 49.3524 40.1263 2.4
    endloop
  endfacet
  facet normal -0 0 1
    outer loop
      vertex 49.0976 42.7137 2.4
      vertex 49.225 40.12 2.4
      vertex 49.225 42.72 2.4
    endloop
  endfacet
  facet normal 0 0 1
    outer loop
      vertex 49.0976 42.7137 2.4
      vertex 49.0976 40.1263 2.4
      vertex 49.225 40.12 2.4
    endloop
  endfacet
  facet normal -0 0 1
    outer loop
      vertex 48.9714 42.695 2.4
      vertex 49.0976 40.1263 2.4
      vertex 49.0976 42.7137 2.4
    endloop
  endfacet
  facet normal 0 0 1
    outer loop
      vertex 48.9714 42.695 2.4
      vertex 48.9714 40.145 2.4
      vertex 49.0976 40.1263 2.4
    endloop
  endfacet
  facet normal -0 0 1
    outer loop
      vertex 48.8476 42.664 2.4
      vertex 48.9714 40.145 2.4
      vertex 48.9714 42.695 2.4
    endloop
  endfacet
  facet normal 0 0 1
    outer loop
      vertex 48.8476 42.664 2.4
      vertex 48.8476 40.176 2.4
      vertex 48.9714 40.145 2.4
    endloop
  endfacet
  facet normal -0 0 1
    outer loop
      vertex 48.7275 42.621 2.4
      vertex 48.8476 40.176 2.4
      vertex 48.8476 42.664 2.4
    endloop
  endfacet
  facet normal 0 0 1
    outer loop
      vertex 48.7275 42.621 2.4
      vertex 48.7275 40.219 2.4
      vertex 48.8476 40.176 2.4
    endloop
  endfacet
  facet normal -0 0 1
    outer loop
      vertex 48.6122 42.5665 2.4
      vertex 48.7275 40.219 2.4
      vertex 48.7275 42.621 2.4
    endloop
  endfacet
  facet normal 0 0 1
    outer loop
      vertex 48.6122 42.5665 2.4
      vertex 48.6122 40.2735 2.4
      vertex 48.7275 40.219 2.4
    endloop
  endfacet
  facet normal -0 0 1
    outer loop
      vertex 48.5028 42.5009 2.4
      vertex 48.6122 40.2735 2.4
      vertex 48.6122 42.5665 2.4
    endloop
  endfacet
  facet normal 0 0 1
    outer loop
      vertex 48.5028 42.5009 2.4
      vertex 48.5028 40.3391 2.4
      vertex 48.6122 40.2735 2.4
    endloop
  endfacet
  facet normal -0 0 1
    outer loop
      vertex 48.4003 42.4249 2.4
      vertex 48.5028 40.3391 2.4
      vertex 48.5028 42.5009 2.4
    endloop
  endfacet
  facet normal 0 0 1
    outer loop
      vertex 48.4003 42.4249 2.4
      vertex 48.4003 40.4151 2.4
      vertex 48.5028 40.3391 2.4
    endloop
  endfacet
  facet normal -0 0 1
    outer loop
      vertex 48.3058 42.3392 2.4
      vertex 48.4003 40.4151 2.4
      vertex 48.4003 42.4249 2.4
    endloop
  endfacet
  facet normal 0 0 1
    outer loop
      vertex 48.3058 42.3392 2.4
      vertex 48.3058 40.5008 2.4
      vertex 48.4003 40.4151 2.4
    endloop
  endfacet
  facet normal -0 0 1
    outer loop
      vertex 48.2201 42.2447 2.4
      vertex 48.3058 40.5008 2.4
      vertex 48.3058 42.3392 2.4
    endloop
  endfacet
  facet normal 0 0 1
    outer loop
      vertex 48.2201 42.2447 2.4
      vertex 48.2201 40.5953 2.4
      vertex 48.3058 40.5008 2.4
    endloop
  endfacet
  facet normal -0 0 1
    outer loop
      vertex 48.1441 42.1422 2.4
      vertex 48.2201 40.5953 2.4
      vertex 48.2201 42.2447 2.4
    endloop
  endfacet
  facet normal 0 0 1
    outer loop
      vertex 48.1441 42.1422 2.4
      vertex 48.1441 40.6978 2.4
      vertex 48.2201 40.5953 2.4
    endloop
  endfacet
  facet normal -0 0 1
    outer loop
      vertex 48.0785 42.0328 2.4
      vertex 48.1441 40.6978 2.4
      vertex 48.1441 42.1422 2.4
    endloop
  endfacet
  facet normal 0 0 1
    outer loop
      vertex 48.0785 42.0328 2.4
      vertex 48.0785 40.8072 2.4
      vertex 48.1441 40.6978 2.4
    endloop
  endfacet
  facet normal -0 0 1
    outer loop
      vertex 48.024 41.9175 2.4
      vertex 48.0785 40.8072 2.4
      vertex 48.0785 42.0328 2.4
    endloop
  endfacet
  facet normal 0 0 1
    outer loop
      vertex 48.024 41.9175 2.4
      vertex 48.024 40.9225 2.4
      vertex 48.0785 40.8072 2.4
    endloop
  endfacet
  facet normal -0 0 1
    outer loop
      vertex 47.981 41.7974 2.4
      vertex 48.024 40.9225 2.4
      vertex 48.024 41.9175 2.4
    endloop
  endfacet
  facet normal 0 0 1
    outer loop
      vertex 47.981 41.7974 2.4
      vertex 47.981 41.0426 2.4
      vertex 48.024 40.9225 2.4
    endloop
  endfacet
  facet normal -0 0 1
    outer loop
      vertex 47.95 41.6736 2.4
      vertex 47.981 41.0426 2.4
      vertex 47.981 41.7974 2.4
    endloop
  endfacet
  facet normal 0 0 1
    outer loop
      vertex 47.95 41.6736 2.4
      vertex 47.95 41.1664 2.4
      vertex 47.981 41.0426 2.4
    endloop
  endfacet
  facet normal -0 0 1
    outer loop
      vertex 47.9313 41.5474 2.4
      vertex 47.95 41.1664 2.4
      vertex 47.95 41.6736 2.4
    endloop
  endfacet
  facet normal 0 0 1
    outer loop
      vertex 47.9313 41.5474 2.4
      vertex 47.9313 41.2926 2.4
      vertex 47.95 41.1664 2.4
    endloop
  endfacet
  facet normal 0 -0 1
    outer loop
      vertex 47.9313 41.2926 2.4
      vertex 47.9313 41.5474 2.4
      vertex 47.925 41.42 2.4
    endloop
  endfacet
  facet normal 0 0 1
    outer loop
      vertex 48.8329 37.4393 2.4
      vertex 49.025 -37.4298 2.4
      vertex 49.025 37.4298 2.4
    endloop
  endfacet
  facet normal 0 0 1
    outer loop
      vertex 48.8329 37.4393 2.4
      vertex 48.8329 -37.4393 2.4
      vertex 49.025 -37.4298 2.4
    endloop
  endfacet
  facet normal 0 0 1
    outer loop
      vertex 48.4446 37.4969 2.4
      vertex 48.8329 -37.4393 2.4
      vertex 48.8329 37.4393 2.4
    endloop
  endfacet
  facet normal 0 0 1
    outer loop
      vertex 48.4446 37.4969 2.4
      vertex 48.4446 -37.4969 2.4
      vertex 48.8329 -37.4393 2.4
    endloop
  endfacet
  facet normal 0 0 1
    outer loop
      vertex 48.0639 37.5922 2.4
      vertex 48.4446 -37.4969 2.4
      vertex 48.4446 37.4969 2.4
    endloop
  endfacet
  facet normal 0 0 1
    outer loop
      vertex 48.0639 37.5922 2.4
      vertex 48.0639 -37.5922 2.4
      vertex 48.4446 -37.4969 2.4
    endloop
  endfacet
  facet normal 0 0 1
    outer loop
      vertex 47.6943 37.7245 2.4
      vertex 48.0639 -37.5922 2.4
      vertex 48.0639 37.5922 2.4
    endloop
  endfacet
  facet normal 0 0 1
    outer loop
      vertex 47.6943 37.7245 2.4
      vertex 47.6943 -37.7245 2.4
      vertex 48.0639 -37.5922 2.4
    endloop
  endfacet
  facet normal 0 0 1
    outer loop
      vertex 47.3394 37.8923 2.4
      vertex 47.6943 -37.7245 2.4
      vertex 47.6943 37.7245 2.4
    endloop
  endfacet
  facet normal 0 0 1
    outer loop
      vertex 47.3394 37.8923 2.4
      vertex 47.3394 -37.8923 2.4
      vertex 47.6943 -37.7245 2.4
    endloop
  endfacet
  facet normal 0 0 1
    outer loop
      vertex 47.0027 38.0941 2.4
      vertex 47.3394 -37.8923 2.4
      vertex 47.3394 37.8923 2.4
    endloop
  endfacet
  facet normal 0 0 1
    outer loop
      vertex 47.0027 38.0941 2.4
      vertex 47.0027 -38.0941 2.4
      vertex 47.3394 -37.8923 2.4
    endloop
  endfacet
  facet normal 0 0 1
    outer loop
      vertex 46.6874 38.328 2.4
      vertex 47.0027 -38.0941 2.4
      vertex 47.0027 38.0941 2.4
    endloop
  endfacet
  facet normal 0 0 1
    outer loop
      vertex 46.6874 38.328 2.4
      vertex 46.6874 -38.328 2.4
      vertex 47.0027 -38.0941 2.4
    endloop
  endfacet
  facet normal 0 0 1
    outer loop
      vertex 46.3966 38.5916 2.4
      vertex 46.6874 -38.328 2.4
      vertex 46.6874 38.328 2.4
    endloop
  endfacet
  facet normal 0 0 1
    outer loop
      vertex 46.3966 38.5916 2.4
      vertex 46.3966 -38.5916 2.4
      vertex 46.6874 -38.328 2.4
    endloop
  endfacet
  facet normal 0 0 1
    outer loop
      vertex 46.133 38.8824 2.4
      vertex 46.3966 -38.5916 2.4
      vertex 46.3966 38.5916 2.4
    endloop
  endfacet
  facet normal 0 0 1
    outer loop
      vertex 46.133 38.8824 2.4
      vertex 46.133 -38.8824 2.4
      vertex 46.3966 -38.5916 2.4
    endloop
  endfacet
  facet normal 0 0 1
    outer loop
      vertex -46.133 38.8824 2.4
      vertex 46.133 38.8824 2.4
      vertex 45.8991 39.1977 2.4
    endloop
  endfacet
  facet normal 0 0 1
    outer loop
      vertex 46.133 38.8824 2.4
      vertex -46.133 38.8824 2.4
      vertex 46.133 -38.8824 2.4
    endloop
  endfacet
  facet normal 0 0 1
    outer loop
      vertex -45.8991 39.1977 2.4
      vertex 45.8991 39.1977 2.4
      vertex 45.6973 39.5344 2.4
    endloop
  endfacet
  facet normal 0 0 1
    outer loop
      vertex -46.133 -38.8824 2.4
      vertex 46.133 -38.8824 2.4
      vertex -46.133 38.8824 2.4
    endloop
  endfacet
  facet normal 0 0 1
    outer loop
      vertex -45.6973 39.5344 2.4
      vertex 45.6973 39.5344 2.4
      vertex 45.5295 39.8893 2.4
    endloop
  endfacet
  facet normal 0 0 1
    outer loop
      vertex 46.133 -38.8824 2.4
      vertex -46.133 -38.8824 2.4
      vertex 45.8991 -39.1977 2.4
    endloop
  endfacet
  facet normal 0 0 1
    outer loop
      vertex -45.5295 39.8893 2.4
      vertex 45.5295 39.8893 2.4
      vertex 45.3972 40.2589 2.4
    endloop
  endfacet
  facet normal 0 -0 1
    outer loop
      vertex -45.8991 -39.1977 2.4
      vertex 45.8991 -39.1977 2.4
      vertex -46.133 -38.8824 2.4
    endloop
  endfacet
  facet normal 0 0 1
    outer loop
      vertex -45.3972 40.2589 2.4
      vertex 45.3972 40.2589 2.4
      vertex 45.3019 40.6396 2.4
    endloop
  endfacet
  facet normal 0 0 1
    outer loop
      vertex 45.8991 -39.1977 2.4
      vertex -45.8991 -39.1977 2.4
      vertex 45.6973 -39.5344 2.4
    endloop
  endfacet
  facet normal 0 0 1
    outer loop
      vertex -45.3019 40.6396 2.4
      vertex 45.3019 40.6396 2.4
      vertex 45.2443 41.0279 2.4
    endloop
  endfacet
  facet normal 0 -0 1
    outer loop
      vertex -45.6973 -39.5344 2.4
      vertex 45.6973 -39.5344 2.4
      vertex -45.8991 -39.1977 2.4
    endloop
  endfacet
  facet normal 0 0 1
    outer loop
      vertex -45.2443 41.0279 2.4
      vertex 45.2443 41.0279 2.4
      vertex 45.2348 41.22 2.4
    endloop
  endfacet
  facet normal 0 0 1
    outer loop
      vertex 45.6973 -39.5344 2.4
      vertex -45.6973 -39.5344 2.4
      vertex 45.5295 -39.8893 2.4
    endloop
  endfacet
  facet normal 0 0 1
    outer loop
      vertex -45.2443 41.0279 2.4
      vertex 45.2348 41.22 2.4
      vertex -45.2348 41.22 2.4
    endloop
  endfacet
  facet normal 0 0 1
    outer loop
      vertex 45.2443 41.0279 2.4
      vertex -45.2443 41.0279 2.4
      vertex -45.3019 40.6396 2.4
    endloop
  endfacet
  facet normal 0 0 1
    outer loop
      vertex 45.3019 40.6396 2.4
      vertex -45.3019 40.6396 2.4
      vertex -45.3972 40.2589 2.4
    endloop
  endfacet
  facet normal 0 0 1
    outer loop
      vertex 45.2348 -41.22 2.4
      vertex -45.2443 -41.0279 2.4
      vertex -45.2348 -41.22 2.4
    endloop
  endfacet
  facet normal 0 0 1
    outer loop
      vertex 45.3972 40.2589 2.4
      vertex -45.3972 40.2589 2.4
      vertex -45.5295 39.8893 2.4
    endloop
  endfacet
  facet normal 0 0 1
    outer loop
      vertex 45.2443 -41.0279 2.4
      vertex -45.2443 -41.0279 2.4
      vertex 45.2348 -41.22 2.4
    endloop
  endfacet
  facet normal 0 0 1
    outer loop
      vertex 45.5295 39.8893 2.4
      vertex -45.5295 39.8893 2.4
      vertex -45.6973 39.5344 2.4
    endloop
  endfacet
  facet normal 0 -0 1
    outer loop
      vertex -45.2443 -41.0279 2.4
      vertex 45.2443 -41.0279 2.4
      vertex -45.3019 -40.6396 2.4
    endloop
  endfacet
  facet normal 0 0 1
    outer loop
      vertex 45.6973 39.5344 2.4
      vertex -45.6973 39.5344 2.4
      vertex -45.8991 39.1977 2.4
    endloop
  endfacet
  facet normal 0 0 1
    outer loop
      vertex 45.3019 -40.6396 2.4
      vertex -45.3019 -40.6396 2.4
      vertex 45.2443 -41.0279 2.4
    endloop
  endfacet
  facet normal 0 0 1
    outer loop
      vertex 45.8991 39.1977 2.4
      vertex -45.8991 39.1977 2.4
      vertex -46.133 38.8824 2.4
    endloop
  endfacet
  facet normal 0 -0 1
    outer loop
      vertex -45.3019 -40.6396 2.4
      vertex 45.3019 -40.6396 2.4
      vertex -45.3972 -40.2589 2.4
    endloop
  endfacet
  facet normal 0 -0 1
    outer loop
      vertex -45.5295 -39.8893 2.4
      vertex 45.5295 -39.8893 2.4
      vertex -45.6973 -39.5344 2.4
    endloop
  endfacet
  facet normal 0 0 1
    outer loop
      vertex 45.3972 -40.2589 2.4
      vertex -45.3972 -40.2589 2.4
      vertex 45.3019 -40.6396 2.4
    endloop
  endfacet
  facet normal 0 0 1
    outer loop
      vertex 45.5295 -39.8893 2.4
      vertex -45.5295 -39.8893 2.4
      vertex 45.3972 -40.2589 2.4
    endloop
  endfacet
  facet normal 0 -0 1
    outer loop
      vertex -45.3972 -40.2589 2.4
      vertex 45.3972 -40.2589 2.4
      vertex -45.5295 -39.8893 2.4
    endloop
  endfacet
  facet normal -0 0 1
    outer loop
      vertex -46.3966 38.5916 2.4
      vertex -46.133 -38.8824 2.4
      vertex -46.133 38.8824 2.4
    endloop
  endfacet
  facet normal 0 0 1
    outer loop
      vertex -46.3966 38.5916 2.4
      vertex -46.3966 -38.5916 2.4
      vertex -46.133 -38.8824 2.4
    endloop
  endfacet
  facet normal -0 0 1
    outer loop
      vertex -46.6874 38.328 2.4
      vertex -46.3966 -38.5916 2.4
      vertex -46.3966 38.5916 2.4
    endloop
  endfacet
  facet normal 0 0 1
    outer loop
      vertex -46.6874 38.328 2.4
      vertex -46.6874 -38.328 2.4
      vertex -46.3966 -38.5916 2.4
    endloop
  endfacet
  facet normal -0 0 1
    outer loop
      vertex -47.0027 38.0941 2.4
      vertex -46.6874 -38.328 2.4
      vertex -46.6874 38.328 2.4
    endloop
  endfacet
  facet normal 0 0 1
    outer loop
      vertex -47.0027 38.0941 2.4
      vertex -47.0027 -38.0941 2.4
      vertex -46.6874 -38.328 2.4
    endloop
  endfacet
  facet normal -0 0 1
    outer loop
      vertex -47.3394 37.8923 2.4
      vertex -47.0027 -38.0941 2.4
      vertex -47.0027 38.0941 2.4
    endloop
  endfacet
  facet normal 0 0 1
    outer loop
      vertex -47.3394 37.8923 2.4
      vertex -47.3394 -37.8923 2.4
      vertex -47.0027 -38.0941 2.4
    endloop
  endfacet
  facet normal -0 0 1
    outer loop
      vertex -47.6943 37.7245 2.4
      vertex -47.3394 -37.8923 2.4
      vertex -47.3394 37.8923 2.4
    endloop
  endfacet
  facet normal 0 0 1
    outer loop
      vertex -47.6943 37.7245 2.4
      vertex -47.6943 -37.7245 2.4
      vertex -47.3394 -37.8923 2.4
    endloop
  endfacet
  facet normal -0 0 1
    outer loop
      vertex -48.0639 37.5922 2.4
      vertex -47.6943 -37.7245 2.4
      vertex -47.6943 37.7245 2.4
    endloop
  endfacet
  facet normal 0 0 1
    outer loop
      vertex -48.0639 37.5922 2.4
      vertex -48.0639 -37.5922 2.4
      vertex -47.6943 -37.7245 2.4
    endloop
  endfacet
  facet normal -0 0 1
    outer loop
      vertex -48.4446 37.4969 2.4
      vertex -48.0639 -37.5922 2.4
      vertex -48.0639 37.5922 2.4
    endloop
  endfacet
  facet normal 0 0 1
    outer loop
      vertex -48.4446 37.4969 2.4
      vertex -48.4446 -37.4969 2.4
      vertex -48.0639 -37.5922 2.4
    endloop
  endfacet
  facet normal -0 0 1
    outer loop
      vertex -48.8329 37.4393 2.4
      vertex -48.4446 -37.4969 2.4
      vertex -48.4446 37.4969 2.4
    endloop
  endfacet
  facet normal 0 0 1
    outer loop
      vertex -48.8329 37.4393 2.4
      vertex -48.8329 -37.4393 2.4
      vertex -48.4446 -37.4969 2.4
    endloop
  endfacet
  facet normal -0 0 1
    outer loop
      vertex -49.025 37.4298 2.4
      vertex -48.8329 -37.4393 2.4
      vertex -48.8329 37.4393 2.4
    endloop
  endfacet
  facet normal 0 0 1
    outer loop
      vertex -48.8329 -37.4393 2.4
      vertex -49.025 37.4298 2.4
      vertex -49.025 -37.4298 2.4
    endloop
  endfacet
  facet normal 0.904066 0.427393 0
    outer loop
      vertex -53.0756 -43.0127 34.4
      vertex -53.3063 -42.5247 2.4
      vertex -53.3063 -42.5247 34.4
    endloop
  endfacet
  facet normal 0.904066 0.427393 0
    outer loop
      vertex -53.3063 -42.5247 2.4
      vertex -53.0756 -43.0127 34.4
      vertex -53.0756 -43.0127 2.4
    endloop
  endfacet
  facet normal 0.857689 0.514169 0
    outer loop
      vertex -52.7981 -43.4756 34.4
      vertex -53.0756 -43.0127 2.4
      vertex -53.0756 -43.0127 34.4
    endloop
  endfacet
  facet normal 0.857689 0.514169 0
    outer loop
      vertex -53.0756 -43.0127 2.4
      vertex -52.7981 -43.4756 34.4
      vertex -52.7981 -43.4756 2.4
    endloop
  endfacet
  facet normal 0.595604 0.803278 -0
    outer loop
      vertex -51.2806 -44.9931 2.4
      vertex -51.7142 -44.6716 34.4
      vertex -51.2806 -44.9931 34.4
    endloop
  endfacet
  facet normal 0.595604 0.803278 0
    outer loop
      vertex -51.7142 -44.6716 34.4
      vertex -51.2806 -44.9931 2.4
      vertex -51.7142 -44.6716 2.4
    endloop
  endfacet
  facet normal 0.427393 0.904066 -0
    outer loop
      vertex -50.3297 -45.5013 2.4
      vertex -50.8177 -45.2706 34.4
      vertex -50.3297 -45.5013 34.4
    endloop
  endfacet
  facet normal 0.427393 0.904066 0
    outer loop
      vertex -50.8177 -45.2706 34.4
      vertex -50.3297 -45.5013 2.4
      vertex -50.8177 -45.2706 2.4
    endloop
  endfacet
  facet normal -0.671612 -0.740903 0
    outer loop
      vertex 51.7142 44.6716 2.4
      vertex 52.1141 44.3091 34.4
      vertex 51.7142 44.6716 34.4
    endloop
  endfacet
  facet normal -0.671612 -0.740903 -0
    outer loop
      vertex 52.1141 44.3091 34.4
      vertex 51.7142 44.6716 2.4
      vertex 52.1141 44.3091 2.4
    endloop
  endfacet
  facet normal -0.904066 -0.427393 0
    outer loop
      vertex 53.3063 42.5247 2.4
      vertex 53.0756 43.0127 34.4
      vertex 53.0756 43.0127 2.4
    endloop
  endfacet
  facet normal -0.904066 -0.427393 0
    outer loop
      vertex 53.0756 43.0127 34.4
      vertex 53.3063 42.5247 2.4
      vertex 53.3063 42.5247 34.4
    endloop
  endfacet
  facet normal -0.80319 -0.595724 0
    outer loop
      vertex 52.7981 43.4756 2.4
      vertex 52.4765 43.9092 34.4
      vertex 52.4765 43.9092 2.4
    endloop
  endfacet
  facet normal -0.80319 -0.595724 0
    outer loop
      vertex 52.4765 43.9092 34.4
      vertex 52.7981 43.4756 2.4
      vertex 52.7981 43.4756 34.4
    endloop
  endfacet
  facet normal -0.941486 -0.337052 0
    outer loop
      vertex 53.4882 42.0166 2.4
      vertex 53.3063 42.5247 34.4
      vertex 53.3063 42.5247 2.4
    endloop
  endfacet
  facet normal -0.941486 -0.337052 0
    outer loop
      vertex 53.3063 42.5247 34.4
      vertex 53.4882 42.0166 2.4
      vertex 53.4882 42.0166 34.4
    endloop
  endfacet
  facet normal -0.857689 -0.514169 0
    outer loop
      vertex 53.0756 43.0127 2.4
      vertex 52.7981 43.4756 34.4
      vertex 52.7981 43.4756 2.4
    endloop
  endfacet
  facet normal -0.857689 -0.514169 0
    outer loop
      vertex 52.7981 43.4756 34.4
      vertex 53.0756 43.0127 2.4
      vertex 53.0756 43.0127 34.4
    endloop
  endfacet
  facet normal -0.941486 0.337052 0
    outer loop
      vertex 53.3063 -42.5247 2.4
      vertex 53.4882 -42.0166 34.4
      vertex 53.4882 -42.0166 2.4
    endloop
  endfacet
  facet normal -0.941486 0.337052 0
    outer loop
      vertex 53.4882 -42.0166 34.4
      vertex 53.3063 -42.5247 2.4
      vertex 53.3063 -42.5247 34.4
    endloop
  endfacet
  facet normal -0.989176 0.146737 0
    outer loop
      vertex 53.6193 -41.493 2.4
      vertex 53.6985 -40.9591 34.4
      vertex 53.6985 -40.9591 2.4
    endloop
  endfacet
  facet normal -0.989176 0.146737 0
    outer loop
      vertex 53.6985 -40.9591 34.4
      vertex 53.6193 -41.493 2.4
      vertex 53.6193 -41.493 34.4
    endloop
  endfacet
  facet normal -0.904066 0.427393 0
    outer loop
      vertex 53.0756 -43.0127 2.4
      vertex 53.3063 -42.5247 34.4
      vertex 53.3063 -42.5247 2.4
    endloop
  endfacet
  facet normal -0.904066 0.427393 0
    outer loop
      vertex 53.3063 -42.5247 34.4
      vertex 53.0756 -43.0127 2.4
      vertex 53.0756 -43.0127 34.4
    endloop
  endfacet
  facet normal -0.595604 0.803278 0
    outer loop
      vertex 51.7142 -44.6716 2.4
      vertex 51.2806 -44.9931 34.4
      vertex 51.7142 -44.6716 34.4
    endloop
  endfacet
  facet normal -0.595604 0.803278 0
    outer loop
      vertex 51.2806 -44.9931 34.4
      vertex 51.7142 -44.6716 2.4
      vertex 51.2806 -44.9931 2.4
    endloop
  endfacet
  facet normal -0.740996 0.67151 0
    outer loop
      vertex 52.1141 -44.3091 2.4
      vertex 52.4765 -43.9092 34.4
      vertex 52.4765 -43.9092 2.4
    endloop
  endfacet
  facet normal -0.740996 0.67151 0
    outer loop
      vertex 52.4765 -43.9092 34.4
      vertex 52.1141 -44.3091 2.4
      vertex 52.1141 -44.3091 34.4
    endloop
  endfacet
  facet normal -0.427393 0.904066 0
    outer loop
      vertex 50.8177 -45.2706 2.4
      vertex 50.3297 -45.5013 34.4
      vertex 50.8177 -45.2706 34.4
    endloop
  endfacet
  facet normal -0.427393 0.904066 0
    outer loop
      vertex 50.3297 -45.5013 34.4
      vertex 50.8177 -45.2706 2.4
      vertex 50.3297 -45.5013 2.4
    endloop
  endfacet
  facet normal 0.989176 0.146737 0
    outer loop
      vertex -53.6193 -41.493 34.4
      vertex -53.6985 -40.9591 2.4
      vertex -53.6985 -40.9591 34.4
    endloop
  endfacet
  facet normal 0.989176 0.146737 0
    outer loop
      vertex -53.6985 -40.9591 2.4
      vertex -53.6193 -41.493 34.4
      vertex -53.6193 -41.493 2.4
    endloop
  endfacet
  facet normal 0.941486 0.337052 0
    outer loop
      vertex -53.3063 -42.5247 34.4
      vertex -53.4882 -42.0166 2.4
      vertex -53.4882 -42.0166 34.4
    endloop
  endfacet
  facet normal 0.941486 0.337052 0
    outer loop
      vertex -53.4882 -42.0166 2.4
      vertex -53.3063 -42.5247 34.4
      vertex -53.3063 -42.5247 2.4
    endloop
  endfacet
  facet normal 0.740996 0.67151 0
    outer loop
      vertex -52.1141 -44.3091 34.4
      vertex -52.4765 -43.9092 2.4
      vertex -52.4765 -43.9092 34.4
    endloop
  endfacet
  facet normal 0.740996 0.67151 0
    outer loop
      vertex -52.4765 -43.9092 2.4
      vertex -52.1141 -44.3091 34.4
      vertex -52.1141 -44.3091 2.4
    endloop
  endfacet
  facet normal -0.998794 -0.0490967 0
    outer loop
      vertex 53.725 40.42 2.4
      vertex 53.6985 40.9591 34.4
      vertex 53.6985 40.9591 2.4
    endloop
  endfacet
  facet normal -0.998794 -0.0490967 0
    outer loop
      vertex 53.6985 40.9591 34.4
      vertex 53.725 40.42 2.4
      vertex 53.725 40.42 34.4
    endloop
  endfacet
  facet normal 1 -0 0
    outer loop
      vertex 17.5 -48.42 14.4
      vertex 17.5 -45.92 6.4
      vertex 17.5 -45.92 14.4
    endloop
  endfacet
  facet normal 1 0 0
    outer loop
      vertex 17.5 -45.92 6.4
      vertex 17.5 -48.42 14.4
      vertex 17.5 -48.42 6.4
    endloop
  endfacet
  facet normal 0 0 -1
    outer loop
      vertex 17.5 -48.42 14.4
      vertex 30.5 -45.92 14.4
      vertex 30.5 -48.42 14.4
    endloop
  endfacet
  facet normal -0 0 -1
    outer loop
      vertex 30.5 -45.92 14.4
      vertex 17.5 -48.42 14.4
      vertex 17.5 -45.92 14.4
    endloop
  endfacet
  facet normal -1 0 0
    outer loop
      vertex 30.5 -48.42 6.4
      vertex 30.5 -45.92 14.4
      vertex 30.5 -45.92 6.4
    endloop
  endfacet
  facet normal -1 -0 0
    outer loop
      vertex 30.5 -45.92 14.4
      vertex 30.5 -48.42 6.4
      vertex 30.5 -48.42 14.4
    endloop
  endfacet
  facet normal -0 0 1
    outer loop
      vertex 17.5 -45.92 6.4
      vertex 30.5 -48.42 6.4
      vertex 30.5 -45.92 6.4
    endloop
  endfacet
  facet normal 0 0 1
    outer loop
      vertex 30.5 -48.42 6.4
      vertex 17.5 -45.92 6.4
      vertex 17.5 -48.42 6.4
    endloop
  endfacet
  facet normal 0 -0.740895 0.671621
    outer loop
      vertex 53.725 2.82843 14.5716
      vertex 56.225 3.09204 14.8624
      vertex 53.725 3.09204 14.8624
    endloop
  endfacet
  facet normal 0 -0.740895 0.671621
    outer loop
      vertex 56.225 3.09204 14.8624
      vertex 53.725 2.82843 14.5716
      vertex 56.225 2.82843 14.5716
    endloop
  endfacet
  facet normal 0 -0.941548 -0.336879
    outer loop
      vertex 53.725 3.82776 18.5611
      vertex 56.225 3.69552 18.9307
      vertex 53.725 3.69552 18.9307
    endloop
  endfacet
  facet normal 0 -0.941548 -0.336879
    outer loop
      vertex 56.225 3.69552 18.9307
      vertex 53.725 3.82776 18.5611
      vertex 56.225 3.82776 18.5611
    endloop
  endfacet
  facet normal 0 -0.42748 -0.904025
    outer loop
      vertex 53.725 1.53073 21.0955
      vertex 56.225 1.88559 20.9277
      vertex 56.225 1.53073 21.0955
    endloop
  endfacet
  facet normal -0 -0.42748 -0.904025
    outer loop
      vertex 56.225 1.88559 20.9277
      vertex 53.725 1.53073 21.0955
      vertex 53.725 1.88559 20.9277
    endloop
  endfacet
  facet normal -0 0.337022 0.941497
    outer loop
      vertex 53.725 -1.16114 13.5722
      vertex 56.225 -1.53073 13.7045
      vertex 56.225 -1.16114 13.5722
    endloop
  endfacet
  facet normal 0 0.337022 0.941497
    outer loop
      vertex 56.225 -1.53073 13.7045
      vertex 53.725 -1.16114 13.5722
      vertex 53.725 -1.53073 13.7045
    endloop
  endfacet
  facet normal 0 0.337022 -0.941497
    outer loop
      vertex 53.725 -1.53073 21.0955
      vertex 56.225 -1.16114 21.2278
      vertex 56.225 -1.53073 21.0955
    endloop
  endfacet
  facet normal 0 0.337022 -0.941497
    outer loop
      vertex 56.225 -1.16114 21.2278
      vertex 53.725 -1.53073 21.0955
      vertex 53.725 -1.16114 21.2278
    endloop
  endfacet
  facet normal 0 0.904004 -0.427523
    outer loop
      vertex 56.225 -3.69552 18.9307
      vertex 53.725 -3.52768 19.2856
      vertex 56.225 -3.52768 19.2856
    endloop
  endfacet
  facet normal 0 0.904004 -0.427523
    outer loop
      vertex 53.725 -3.52768 19.2856
      vertex 56.225 -3.69552 18.9307
      vertex 53.725 -3.69552 18.9307
    endloop
  endfacet
  facet normal 0 -0.146736 0.989176
    outer loop
      vertex 53.725 0.780361 13.4769
      vertex 56.225 0.392068 13.4193
      vertex 56.225 0.780361 13.4769
    endloop
  endfacet
  facet normal 0 -0.146736 0.989176
    outer loop
      vertex 56.225 0.392068 13.4193
      vertex 53.725 0.780361 13.4769
      vertex 53.725 0.392068 13.4193
    endloop
  endfacet
  facet normal 0 -0.42748 0.904025
    outer loop
      vertex 53.725 1.88559 13.8723
      vertex 56.225 1.53073 13.7045
      vertex 56.225 1.88559 13.8723
    endloop
  endfacet
  facet normal 0 -0.42748 0.904025
    outer loop
      vertex 56.225 1.53073 13.7045
      vertex 53.725 1.88559 13.8723
      vertex 53.725 1.53073 13.7045
    endloop
  endfacet
  facet normal 0 -0.989176 0.146733
    outer loop
      vertex 53.725 3.92314 16.6196
      vertex 56.225 3.98074 17.0079
      vertex 53.725 3.98074 17.0079
    endloop
  endfacet
  facet normal 0 -0.989176 0.146733
    outer loop
      vertex 56.225 3.98074 17.0079
      vertex 53.725 3.92314 16.6196
      vertex 56.225 3.92314 16.6196
    endloop
  endfacet
  facet normal 0 -0.146736 -0.989176
    outer loop
      vertex 53.725 0.392068 21.3807
      vertex 56.225 0.780361 21.3231
      vertex 56.225 0.392068 21.3807
    endloop
  endfacet
  facet normal -0 -0.146736 -0.989176
    outer loop
      vertex 56.225 0.780361 21.3231
      vertex 53.725 0.392068 21.3807
      vertex 53.725 0.780361 21.3231
    endloop
  endfacet
  facet normal 0 -0.671531 -0.740977
    outer loop
      vertex 53.725 2.53757 20.492
      vertex 56.225 2.82843 20.2284
      vertex 56.225 2.53757 20.492
    endloop
  endfacet
  facet normal -0 -0.671531 -0.740977
    outer loop
      vertex 56.225 2.82843 20.2284
      vertex 53.725 2.53757 20.492
      vertex 53.725 2.82843 20.2284
    endloop
  endfacet
  facet normal 0 -0.989176 -0.146733
    outer loop
      vertex 53.725 3.98074 17.7921
      vertex 56.225 3.92314 18.1804
      vertex 53.725 3.92314 18.1804
    endloop
  endfacet
  facet normal 0 -0.989176 -0.146733
    outer loop
      vertex 56.225 3.92314 18.1804
      vertex 53.725 3.98074 17.7921
      vertex 56.225 3.98074 17.7921
    endloop
  endfacet
  facet normal -0 0.0491666 0.998791
    outer loop
      vertex 53.725 0 13.4
      vertex 56.225 -0.392068 13.4193
      vertex 56.225 0 13.4
    endloop
  endfacet
  facet normal 0 0.0491666 0.998791
    outer loop
      vertex 56.225 -0.392068 13.4193
      vertex 53.725 0 13.4
      vertex 53.725 -0.392068 13.4193
    endloop
  endfacet
  facet normal -0 0.595806 0.803128
    outer loop
      vertex 53.725 -2.22228 14.0741
      vertex 56.225 -2.53757 14.308
      vertex 56.225 -2.22228 14.0741
    endloop
  endfacet
  facet normal 0 0.595806 0.803128
    outer loop
      vertex 56.225 -2.53757 14.308
      vertex 53.725 -2.22228 14.0741
      vertex 53.725 -2.53757 14.308
    endloop
  endfacet
  facet normal 0 0.989176 -0.146733
    outer loop
      vertex 56.225 -3.98074 17.7921
      vertex 53.725 -3.92314 18.1804
      vertex 56.225 -3.92314 18.1804
    endloop
  endfacet
  facet normal 0 0.989176 -0.146733
    outer loop
      vertex 53.725 -3.92314 18.1804
      vertex 56.225 -3.98074 17.7921
      vertex 53.725 -3.98074 17.7921
    endloop
  endfacet
  facet normal 0 0.740895 -0.671621
    outer loop
      vertex 56.225 -3.09204 19.9376
      vertex 53.725 -2.82843 20.2284
      vertex 56.225 -2.82843 20.2284
    endloop
  endfacet
  facet normal 0 0.740895 -0.671621
    outer loop
      vertex 53.725 -2.82843 20.2284
      vertex 56.225 -3.09204 19.9376
      vertex 53.725 -3.09204 19.9376
    endloop
  endfacet
  facet normal 0 0.146736 -0.989176
    outer loop
      vertex 53.725 -0.780361 21.3231
      vertex 56.225 -0.392068 21.3807
      vertex 56.225 -0.780361 21.3231
    endloop
  endfacet
  facet normal 0 0.146736 -0.989176
    outer loop
      vertex 56.225 -0.392068 21.3807
      vertex 53.725 -0.780361 21.3231
      vertex 53.725 -0.392068 21.3807
    endloop
  endfacet
  facet normal 0 -0.242788 0.970079
    outer loop
      vertex 53.725 1.16114 13.5722
      vertex 56.225 0.780361 13.4769
      vertex 56.225 1.16114 13.5722
    endloop
  endfacet
  facet normal 0 -0.242788 0.970079
    outer loop
      vertex 56.225 0.780361 13.4769
      vertex 53.725 1.16114 13.5722
      vertex 53.725 0.780361 13.4769
    endloop
  endfacet
  facet normal 0 -0.595806 0.803128
    outer loop
      vertex 53.725 2.53757 14.308
      vertex 56.225 2.22228 14.0741
      vertex 56.225 2.53757 14.308
    endloop
  endfacet
  facet normal 0 -0.595806 0.803128
    outer loop
      vertex 56.225 2.22228 14.0741
      vertex 53.725 2.53757 14.308
      vertex 53.725 2.22228 14.0741
    endloop
  endfacet
  facet normal 0 -0.85774 0.514084
    outer loop
      vertex 53.725 3.32588 15.1777
      vertex 56.225 3.52768 15.5144
      vertex 53.725 3.52768 15.5144
    endloop
  endfacet
  facet normal 0 -0.85774 0.514084
    outer loop
      vertex 56.225 3.52768 15.5144
      vertex 53.725 3.32588 15.1777
      vertex 56.225 3.32588 15.1777
    endloop
  endfacet
  facet normal 0 -0.941548 0.336879
    outer loop
      vertex 53.725 3.69552 15.8693
      vertex 56.225 3.82776 16.2389
      vertex 53.725 3.82776 16.2389
    endloop
  endfacet
  facet normal 0 -0.941548 0.336879
    outer loop
      vertex 56.225 3.82776 16.2389
      vertex 53.725 3.69552 15.8693
      vertex 56.225 3.69552 15.8693
    endloop
  endfacet
  facet normal 0 -0.0491666 -0.998791
    outer loop
      vertex 53.725 0 21.4
      vertex 56.225 0.392068 21.3807
      vertex 56.225 0 21.4
    endloop
  endfacet
  facet normal -0 -0.0491666 -0.998791
    outer loop
      vertex 56.225 0.392068 21.3807
      vertex 53.725 0 21.4
      vertex 53.725 0.392068 21.3807
    endloop
  endfacet
  facet normal 0 -0.337022 -0.941497
    outer loop
      vertex 53.725 1.16114 21.2278
      vertex 56.225 1.53073 21.0955
      vertex 56.225 1.16114 21.2278
    endloop
  endfacet
  facet normal -0 -0.337022 -0.941497
    outer loop
      vertex 56.225 1.53073 21.0955
      vertex 53.725 1.16114 21.2278
      vertex 53.725 1.53073 21.0955
    endloop
  endfacet
  facet normal 0 -0.242788 -0.970079
    outer loop
      vertex 53.725 0.780361 21.3231
      vertex 56.225 1.16114 21.2278
      vertex 56.225 0.780361 21.3231
    endloop
  endfacet
  facet normal -0 -0.242788 -0.970079
    outer loop
      vertex 56.225 1.16114 21.2278
      vertex 53.725 0.780361 21.3231
      vertex 53.725 1.16114 21.2278
    endloop
  endfacet
  facet normal 0 -0.514095 -0.857733
    outer loop
      vertex 53.725 1.88559 20.9277
      vertex 56.225 2.22228 20.7259
      vertex 56.225 1.88559 20.9277
    endloop
  endfacet
  facet normal -0 -0.514095 -0.857733
    outer loop
      vertex 56.225 2.22228 20.7259
      vertex 53.725 1.88559 20.9277
      vertex 53.725 2.22228 20.7259
    endloop
  endfacet
  facet normal 0 -0.595806 -0.803128
    outer loop
      vertex 53.725 2.22228 20.7259
      vertex 56.225 2.53757 20.492
      vertex 56.225 2.22228 20.7259
    endloop
  endfacet
  facet normal -0 -0.595806 -0.803128
    outer loop
      vertex 56.225 2.53757 20.492
      vertex 53.725 2.22228 20.7259
      vertex 53.725 2.53757 20.492
    endloop
  endfacet
  facet normal 0 -0.970019 -0.243027
    outer loop
      vertex 53.725 3.92314 18.1804
      vertex 56.225 3.82776 18.5611
      vertex 53.725 3.82776 18.5611
    endloop
  endfacet
  facet normal 0 -0.970019 -0.243027
    outer loop
      vertex 56.225 3.82776 18.5611
      vertex 53.725 3.92314 18.1804
      vertex 56.225 3.92314 18.1804
    endloop
  endfacet
  facet normal 0 -0.998796 -0.049061
    outer loop
      vertex 53.725 4 17.4
      vertex 56.225 3.98074 17.7921
      vertex 53.725 3.98074 17.7921
    endloop
  endfacet
  facet normal 0 -0.998796 -0.049061
    outer loop
      vertex 56.225 3.98074 17.7921
      vertex 53.725 4 17.4
      vertex 56.225 4 17.4
    endloop
  endfacet
  facet normal 0 -0.85774 -0.514084
    outer loop
      vertex 53.725 3.52768 19.2856
      vertex 56.225 3.32588 19.6223
      vertex 53.725 3.32588 19.6223
    endloop
  endfacet
  facet normal 0 -0.85774 -0.514084
    outer loop
      vertex 56.225 3.32588 19.6223
      vertex 53.725 3.52768 19.2856
      vertex 56.225 3.52768 19.2856
    endloop
  endfacet
  facet normal 0 -0.80321 -0.595695
    outer loop
      vertex 53.725 3.32588 19.6223
      vertex 56.225 3.09204 19.9376
      vertex 53.725 3.09204 19.9376
    endloop
  endfacet
  facet normal 0 -0.80321 -0.595695
    outer loop
      vertex 56.225 3.09204 19.9376
      vertex 53.725 3.32588 19.6223
      vertex 56.225 3.32588 19.6223
    endloop
  endfacet
  facet normal 0 -0.904004 -0.427523
    outer loop
      vertex 53.725 3.69552 18.9307
      vertex 56.225 3.52768 19.2856
      vertex 53.725 3.52768 19.2856
    endloop
  endfacet
  facet normal 0 -0.904004 -0.427523
    outer loop
      vertex 56.225 3.52768 19.2856
      vertex 53.725 3.69552 18.9307
      vertex 56.225 3.69552 18.9307
    endloop
  endfacet
  facet normal 0 -0.740895 -0.671621
    outer loop
      vertex 53.725 3.09204 19.9376
      vertex 56.225 2.82843 20.2284
      vertex 53.725 2.82843 20.2284
    endloop
  endfacet
  facet normal 0 -0.740895 -0.671621
    outer loop
      vertex 56.225 2.82843 20.2284
      vertex 53.725 3.09204 19.9376
      vertex 56.225 3.09204 19.9376
    endloop
  endfacet
  facet normal 0 -0.0491666 0.998791
    outer loop
      vertex 53.725 0.392068 13.4193
      vertex 56.225 0 13.4
      vertex 56.225 0.392068 13.4193
    endloop
  endfacet
  facet normal 0 -0.0491666 0.998791
    outer loop
      vertex 56.225 0 13.4
      vertex 53.725 0.392068 13.4193
      vertex 53.725 0 13.4
    endloop
  endfacet
  facet normal 0 0.998796 0.049061
    outer loop
      vertex 56.225 -3.98074 17.0079
      vertex 53.725 -4 17.4
      vertex 56.225 -4 17.4
    endloop
  endfacet
  facet normal 0 0.998796 0.049061
    outer loop
      vertex 53.725 -4 17.4
      vertex 56.225 -3.98074 17.0079
      vertex 53.725 -3.98074 17.0079
    endloop
  endfacet
  facet normal -0 0.242788 0.970079
    outer loop
      vertex 53.725 -0.780361 13.4769
      vertex 56.225 -1.16114 13.5722
      vertex 56.225 -0.780361 13.4769
    endloop
  endfacet
  facet normal 0 0.242788 0.970079
    outer loop
      vertex 56.225 -1.16114 13.5722
      vertex 53.725 -0.780361 13.4769
      vertex 53.725 -1.16114 13.5722
    endloop
  endfacet
  facet normal 0 0.970019 0.243027
    outer loop
      vertex 56.225 -3.82776 16.2389
      vertex 53.725 -3.92314 16.6196
      vertex 56.225 -3.92314 16.6196
    endloop
  endfacet
  facet normal 0 0.970019 0.243027
    outer loop
      vertex 53.725 -3.92314 16.6196
      vertex 56.225 -3.82776 16.2389
      vertex 53.725 -3.82776 16.2389
    endloop
  endfacet
  facet normal 0 0.904004 0.427523
    outer loop
      vertex 56.225 -3.52768 15.5144
      vertex 53.725 -3.69552 15.8693
      vertex 56.225 -3.69552 15.8693
    endloop
  endfacet
  facet normal 0 0.904004 0.427523
    outer loop
      vertex 53.725 -3.69552 15.8693
      vertex 56.225 -3.52768 15.5144
      vertex 53.725 -3.52768 15.5144
    endloop
  endfacet
  facet normal -0 0.42748 0.904025
    outer loop
      vertex 53.725 -1.53073 13.7045
      vertex 56.225 -1.88559 13.8723
      vertex 56.225 -1.53073 13.7045
    endloop
  endfacet
  facet normal 0 0.42748 0.904025
    outer loop
      vertex 56.225 -1.88559 13.8723
      vertex 53.725 -1.53073 13.7045
      vertex 53.725 -1.88559 13.8723
    endloop
  endfacet
  facet normal 0 0.998796 -0.049061
    outer loop
      vertex 56.225 -4 17.4
      vertex 53.725 -3.98074 17.7921
      vertex 56.225 -3.98074 17.7921
    endloop
  endfacet
  facet normal 0 0.998796 -0.049061
    outer loop
      vertex 53.725 -3.98074 17.7921
      vertex 56.225 -4 17.4
      vertex 53.725 -4 17.4
    endloop
  endfacet
  facet normal 0 0.941548 -0.336879
    outer loop
      vertex 56.225 -3.82776 18.5611
      vertex 53.725 -3.69552 18.9307
      vertex 56.225 -3.69552 18.9307
    endloop
  endfacet
  facet normal 0 0.941548 -0.336879
    outer loop
      vertex 53.725 -3.69552 18.9307
      vertex 56.225 -3.82776 18.5611
      vertex 53.725 -3.82776 18.5611
    endloop
  endfacet
  facet normal 0 0.970019 -0.243027
    outer loop
      vertex 56.225 -3.92314 18.1804
      vertex 53.725 -3.82776 18.5611
      vertex 56.225 -3.82776 18.5611
    endloop
  endfacet
  facet normal 0 0.970019 -0.243027
    outer loop
      vertex 53.725 -3.82776 18.5611
      vertex 56.225 -3.92314 18.1804
      vertex 53.725 -3.92314 18.1804
    endloop
  endfacet
  facet normal 0 0.85774 -0.514084
    outer loop
      vertex 56.225 -3.52768 19.2856
      vertex 53.725 -3.32588 19.6223
      vertex 56.225 -3.32588 19.6223
    endloop
  endfacet
  facet normal 0 0.85774 -0.514084
    outer loop
      vertex 53.725 -3.32588 19.6223
      vertex 56.225 -3.52768 19.2856
      vertex 53.725 -3.52768 19.2856
    endloop
  endfacet
  facet normal 0 0.80321 -0.595695
    outer loop
      vertex 56.225 -3.32588 19.6223
      vertex 53.725 -3.09204 19.9376
      vertex 56.225 -3.09204 19.9376
    endloop
  endfacet
  facet normal 0 0.80321 -0.595695
    outer loop
      vertex 53.725 -3.09204 19.9376
      vertex 56.225 -3.32588 19.6223
      vertex 53.725 -3.32588 19.6223
    endloop
  endfacet
  facet normal 0 0.242788 -0.970079
    outer loop
      vertex 53.725 -1.16114 21.2278
      vertex 56.225 -0.780361 21.3231
      vertex 56.225 -1.16114 21.2278
    endloop
  endfacet
  facet normal 0 0.242788 -0.970079
    outer loop
      vertex 56.225 -0.780361 21.3231
      vertex 53.725 -1.16114 21.2278
      vertex 53.725 -0.780361 21.3231
    endloop
  endfacet
  facet normal 0 0.0491666 -0.998791
    outer loop
      vertex 53.725 -0.392068 21.3807
      vertex 56.225 0 21.4
      vertex 56.225 -0.392068 21.3807
    endloop
  endfacet
  facet normal 0 0.0491666 -0.998791
    outer loop
      vertex 56.225 0 21.4
      vertex 53.725 -0.392068 21.3807
      vertex 53.725 0 21.4
    endloop
  endfacet
  facet normal 0 0.514095 -0.857733
    outer loop
      vertex 53.725 -2.22228 20.7259
      vertex 56.225 -1.88559 20.9277
      vertex 56.225 -2.22228 20.7259
    endloop
  endfacet
  facet normal 0 0.514095 -0.857733
    outer loop
      vertex 56.225 -1.88559 20.9277
      vertex 53.725 -2.22228 20.7259
      vertex 53.725 -1.88559 20.9277
    endloop
  endfacet
  facet normal 0 0.595806 -0.803128
    outer loop
      vertex 53.725 -2.53757 20.492
      vertex 56.225 -2.22228 20.7259
      vertex 56.225 -2.53757 20.492
    endloop
  endfacet
  facet normal 0 0.595806 -0.803128
    outer loop
      vertex 56.225 -2.22228 20.7259
      vertex 53.725 -2.53757 20.492
      vertex 53.725 -2.22228 20.7259
    endloop
  endfacet
  facet normal 0 0.42748 -0.904025
    outer loop
      vertex 53.725 -1.88559 20.9277
      vertex 56.225 -1.53073 21.0955
      vertex 56.225 -1.88559 20.9277
    endloop
  endfacet
  facet normal 0 0.42748 -0.904025
    outer loop
      vertex 56.225 -1.53073 21.0955
      vertex 53.725 -1.88559 20.9277
      vertex 53.725 -1.53073 21.0955
    endloop
  endfacet
  facet normal 0 0.671531 -0.740977
    outer loop
      vertex 53.725 -2.82843 20.2284
      vertex 56.225 -2.53757 20.492
      vertex 56.225 -2.82843 20.2284
    endloop
  endfacet
  facet normal 0 0.671531 -0.740977
    outer loop
      vertex 56.225 -2.53757 20.492
      vertex 53.725 -2.82843 20.2284
      vertex 53.725 -2.53757 20.492
    endloop
  endfacet
  facet normal 0 -0.337022 0.941497
    outer loop
      vertex 53.725 1.53073 13.7045
      vertex 56.225 1.16114 13.5722
      vertex 56.225 1.53073 13.7045
    endloop
  endfacet
  facet normal 0 -0.337022 0.941497
    outer loop
      vertex 56.225 1.16114 13.5722
      vertex 53.725 1.53073 13.7045
      vertex 53.725 1.16114 13.5722
    endloop
  endfacet
  facet normal 0 -0.514095 0.857733
    outer loop
      vertex 53.725 2.22228 14.0741
      vertex 56.225 1.88559 13.8723
      vertex 56.225 2.22228 14.0741
    endloop
  endfacet
  facet normal 0 -0.514095 0.857733
    outer loop
      vertex 56.225 1.88559 13.8723
      vertex 53.725 2.22228 14.0741
      vertex 53.725 1.88559 13.8723
    endloop
  endfacet
  facet normal 0 -0.671531 0.740977
    outer loop
      vertex 53.725 2.82843 14.5716
      vertex 56.225 2.53757 14.308
      vertex 56.225 2.82843 14.5716
    endloop
  endfacet
  facet normal 0 -0.671531 0.740977
    outer loop
      vertex 56.225 2.53757 14.308
      vertex 53.725 2.82843 14.5716
      vertex 53.725 2.53757 14.308
    endloop
  endfacet
  facet normal 0 -0.80321 0.595695
    outer loop
      vertex 53.725 3.09204 14.8624
      vertex 56.225 3.32588 15.1777
      vertex 53.725 3.32588 15.1777
    endloop
  endfacet
  facet normal 0 -0.80321 0.595695
    outer loop
      vertex 56.225 3.32588 15.1777
      vertex 53.725 3.09204 14.8624
      vertex 56.225 3.09204 14.8624
    endloop
  endfacet
  facet normal 0 -0.904004 0.427523
    outer loop
      vertex 53.725 3.52768 15.5144
      vertex 56.225 3.69552 15.8693
      vertex 53.725 3.69552 15.8693
    endloop
  endfacet
  facet normal 0 -0.904004 0.427523
    outer loop
      vertex 56.225 3.69552 15.8693
      vertex 53.725 3.52768 15.5144
      vertex 56.225 3.52768 15.5144
    endloop
  endfacet
  facet normal 0 -0.998796 0.049061
    outer loop
      vertex 53.725 3.98074 17.0079
      vertex 56.225 4 17.4
      vertex 53.725 4 17.4
    endloop
  endfacet
  facet normal 0 -0.998796 0.049061
    outer loop
      vertex 56.225 4 17.4
      vertex 53.725 3.98074 17.0079
      vertex 56.225 3.98074 17.0079
    endloop
  endfacet
  facet normal 0 -0.970019 0.243027
    outer loop
      vertex 53.725 3.82776 16.2389
      vertex 56.225 3.92314 16.6196
      vertex 53.725 3.92314 16.6196
    endloop
  endfacet
  facet normal 0 -0.970019 0.243027
    outer loop
      vertex 56.225 3.92314 16.6196
      vertex 53.725 3.82776 16.2389
      vertex 56.225 3.82776 16.2389
    endloop
  endfacet
  facet normal -0 0.146736 0.989176
    outer loop
      vertex 53.725 -0.392068 13.4193
      vertex 56.225 -0.780361 13.4769
      vertex 56.225 -0.392068 13.4193
    endloop
  endfacet
  facet normal 0 0.146736 0.989176
    outer loop
      vertex 56.225 -0.780361 13.4769
      vertex 53.725 -0.392068 13.4193
      vertex 53.725 -0.780361 13.4769
    endloop
  endfacet
  facet normal 0 0.989176 0.146733
    outer loop
      vertex 56.225 -3.92314 16.6196
      vertex 53.725 -3.98074 17.0079
      vertex 56.225 -3.98074 17.0079
    endloop
  endfacet
  facet normal 0 0.989176 0.146733
    outer loop
      vertex 53.725 -3.98074 17.0079
      vertex 56.225 -3.92314 16.6196
      vertex 53.725 -3.92314 16.6196
    endloop
  endfacet
  facet normal 0 0.941548 0.336879
    outer loop
      vertex 56.225 -3.69552 15.8693
      vertex 53.725 -3.82776 16.2389
      vertex 56.225 -3.82776 16.2389
    endloop
  endfacet
  facet normal 0 0.941548 0.336879
    outer loop
      vertex 53.725 -3.82776 16.2389
      vertex 56.225 -3.69552 15.8693
      vertex 53.725 -3.69552 15.8693
    endloop
  endfacet
  facet normal 0 0.740895 0.671621
    outer loop
      vertex 56.225 -2.82843 14.5716
      vertex 53.725 -3.09204 14.8624
      vertex 56.225 -3.09204 14.8624
    endloop
  endfacet
  facet normal 0 0.740895 0.671621
    outer loop
      vertex 53.725 -3.09204 14.8624
      vertex 56.225 -2.82843 14.5716
      vertex 53.725 -2.82843 14.5716
    endloop
  endfacet
  facet normal 0 0.80321 0.595695
    outer loop
      vertex 56.225 -3.09204 14.8624
      vertex 53.725 -3.32588 15.1777
      vertex 56.225 -3.32588 15.1777
    endloop
  endfacet
  facet normal 0 0.80321 0.595695
    outer loop
      vertex 53.725 -3.32588 15.1777
      vertex 56.225 -3.09204 14.8624
      vertex 53.725 -3.09204 14.8624
    endloop
  endfacet
  facet normal -0 0.671531 0.740977
    outer loop
      vertex 53.725 -2.53757 14.308
      vertex 56.225 -2.82843 14.5716
      vertex 56.225 -2.53757 14.308
    endloop
  endfacet
  facet normal 0 0.671531 0.740977
    outer loop
      vertex 56.225 -2.82843 14.5716
      vertex 53.725 -2.53757 14.308
      vertex 53.725 -2.82843 14.5716
    endloop
  endfacet
  facet normal 0 0.85774 0.514084
    outer loop
      vertex 56.225 -3.32588 15.1777
      vertex 53.725 -3.52768 15.5144
      vertex 56.225 -3.52768 15.5144
    endloop
  endfacet
  facet normal 0 0.85774 0.514084
    outer loop
      vertex 53.725 -3.52768 15.5144
      vertex 56.225 -3.32588 15.1777
      vertex 53.725 -3.32588 15.1777
    endloop
  endfacet
  facet normal -0 0.514095 0.857733
    outer loop
      vertex 53.725 -1.88559 13.8723
      vertex 56.225 -2.22228 14.0741
      vertex 56.225 -1.88559 13.8723
    endloop
  endfacet
  facet normal 0 0.514095 0.857733
    outer loop
      vertex 56.225 -2.22228 14.0741
      vertex 53.725 -1.88559 13.8723
      vertex 53.725 -2.22228 14.0741
    endloop
  endfacet
  facet normal 0.970068 0.242835 0
    outer loop
      vertex -45.3019 -40.6396 33.8
      vertex -45.3972 -40.2589 2.4
      vertex -45.3972 -40.2589 33.8
    endloop
  endfacet
  facet normal 0.970068 0.242835 0
    outer loop
      vertex -45.3972 -40.2589 2.4
      vertex -45.3019 -40.6396 33.8
      vertex -45.3019 -40.6396 2.4
    endloop
  endfacet
  facet normal 0.998779 0.049393 0
    outer loop
      vertex -45.2443 -41.0279 33.8
      vertex -45.2348 -41.22 3.5
      vertex -45.2443 -41.0279 2.4
    endloop
  endfacet
  facet normal 0.998791 0.0491626 1.46448e-06
    outer loop
      vertex -45.225 -41.42 33.8
      vertex -45.2348 -41.22 3.5
      vertex -45.2443 -41.0279 33.8
    endloop
  endfacet
  facet normal 0.998802 0.0489413 0
    outer loop
      vertex -45.2348 -41.22 3.5
      vertex -45.225 -41.42 33.8
      vertex -45.225 -41.42 3.5
    endloop
  endfacet
  facet normal 0.998779 0.049393 0
    outer loop
      vertex -45.2443 -41.0279 2.4
      vertex -45.2348 -41.22 3.5
      vertex -45.2348 -41.22 2.4
    endloop
  endfacet
  facet normal -0.0491626 0.998791 0
    outer loop
      vertex -49.225 -37.42 3.5
      vertex -49.6171 -37.4393 33.8
      vertex -49.225 -37.42 33.8
    endloop
  endfacet
  facet normal -0.0491626 0.998791 0
    outer loop
      vertex -49.6171 -37.4393 33.8
      vertex -49.225 -37.42 3.5
      vertex -49.6171 -37.4393 3.5
    endloop
  endfacet
  facet normal 0.671607 0.740908 -0
    outer loop
      vertex -46.3966 -38.5916 2.4
      vertex -46.6874 -38.328 33.8
      vertex -46.3966 -38.5916 33.8
    endloop
  endfacet
  facet normal 0.671607 0.740908 0
    outer loop
      vertex -46.6874 -38.328 33.8
      vertex -46.3966 -38.5916 2.4
      vertex -46.6874 -38.328 2.4
    endloop
  endfacet
  facet normal -0.740908 0.671607 0
    outer loop
      vertex -52.317 -38.8824 2.4
      vertex -52.0534 -38.5916 33.8
      vertex -52.0534 -38.5916 2.4
    endloop
  endfacet
  facet normal -0.740908 0.671607 0
    outer loop
      vertex -52.0534 -38.5916 33.8
      vertex -52.317 -38.8824 2.4
      vertex -52.317 -38.8824 33.8
    endloop
  endfacet
  facet normal -0.42744 0.904044 0
    outer loop
      vertex -50.7557 -37.7245 2.4
      vertex -51.1106 -37.8923 33.8
      vertex -50.7557 -37.7245 33.8
    endloop
  endfacet
  facet normal -0.42744 0.904044 0
    outer loop
      vertex -51.1106 -37.8923 33.8
      vertex -50.7557 -37.7245 2.4
      vertex -51.1106 -37.8923 2.4
    endloop
  endfacet
  facet normal -0.740908 -0.671607 0
    outer loop
      vertex -52.0534 -44.2484 2.4
      vertex -52.317 -43.9576 33.8
      vertex -52.317 -43.9576 2.4
    endloop
  endfacet
  facet normal -0.740908 -0.671607 0
    outer loop
      vertex -52.317 -43.9576 33.8
      vertex -52.0534 -44.2484 2.4
      vertex -52.0534 -44.2484 33.8
    endloop
  endfacet
  facet normal 0.9415 0.337014 0
    outer loop
      vertex -45.3972 -40.2589 33.8
      vertex -45.5295 -39.8893 2.4
      vertex -45.5295 -39.8893 33.8
    endloop
  endfacet
  facet normal 0.9415 0.337014 0
    outer loop
      vertex -45.5295 -39.8893 2.4
      vertex -45.3972 -40.2589 33.8
      vertex -45.3972 -40.2589 2.4
    endloop
  endfacet
  facet normal 0.337014 0.9415 -0
    outer loop
      vertex -47.6943 -37.7245 2.4
      vertex -48.0639 -37.5922 33.8
      vertex -47.6943 -37.7245 33.8
    endloop
  endfacet
  facet normal 0.337014 0.9415 0
    outer loop
      vertex -48.0639 -37.5922 33.8
      vertex -47.6943 -37.7245 2.4
      vertex -48.0639 -37.5922 2.4
    endloop
  endfacet
  facet normal -0.904044 0.42744 0
    outer loop
      vertex -52.9205 -39.8893 2.4
      vertex -52.7527 -39.5344 33.8
      vertex -52.7527 -39.5344 2.4
    endloop
  endfacet
  facet normal -0.904044 0.42744 0
    outer loop
      vertex -52.7527 -39.5344 33.8
      vertex -52.9205 -39.8893 2.4
      vertex -52.9205 -39.8893 33.8
    endloop
  endfacet
  facet normal -0.85774 0.514084 0
    outer loop
      vertex -52.7527 -39.5344 2.4
      vertex -52.5509 -39.1977 33.8
      vertex -52.5509 -39.1977 2.4
    endloop
  endfacet
  facet normal -0.85774 0.514084 0
    outer loop
      vertex -52.5509 -39.1977 33.8
      vertex -52.7527 -39.5344 2.4
      vertex -52.7527 -39.5344 33.8
    endloop
  endfacet
  facet normal -0.998791 -0.0491626 0
    outer loop
      vertex -53.2057 -41.8121 2.4
      vertex -53.225 -41.42 33.8
      vertex -53.225 -41.42 2.4
    endloop
  endfacet
  facet normal -0.998791 -0.0491626 0
    outer loop
      vertex -53.225 -41.42 33.8
      vertex -53.2057 -41.8121 2.4
      vertex -53.2057 -41.8121 33.8
    endloop
  endfacet
  facet normal 0.904044 -0.42744 0
    outer loop
      vertex -45.6973 -43.3056 33.8
      vertex -45.5295 -42.9507 2.4
      vertex -45.5295 -42.9507 33.8
    endloop
  endfacet
  facet normal 0.904044 -0.42744 0
    outer loop
      vertex -45.5295 -42.9507 2.4
      vertex -45.6973 -43.3056 33.8
      vertex -45.6973 -43.3056 2.4
    endloop
  endfacet
  facet normal 0.337014 -0.9415 0
    outer loop
      vertex -48.0639 -45.2478 2.4
      vertex -47.6943 -45.1155 33.8
      vertex -48.0639 -45.2478 33.8
    endloop
  endfacet
  facet normal 0.337014 -0.9415 0
    outer loop
      vertex -47.6943 -45.1155 33.8
      vertex -48.0639 -45.2478 2.4
      vertex -47.6943 -45.1155 2.4
    endloop
  endfacet
  facet normal 0.740908 -0.671607 0
    outer loop
      vertex -46.3966 -44.2484 33.8
      vertex -46.133 -43.9576 2.4
      vertex -46.133 -43.9576 33.8
    endloop
  endfacet
  facet normal 0.740908 -0.671607 0
    outer loop
      vertex -46.133 -43.9576 2.4
      vertex -46.3966 -44.2484 33.8
      vertex -46.3966 -44.2484 2.4
    endloop
  endfacet
  facet normal 0.989176 -0.146733 0
    outer loop
      vertex -45.3019 -42.2004 33.8
      vertex -45.2443 -41.8121 3.5
      vertex -45.2443 -41.8121 33.8
    endloop
  endfacet
  facet normal 0.989176 -0.146733 0
    outer loop
      vertex -45.2443 -41.8121 3.5
      vertex -45.3019 -42.2004 33.8
      vertex -45.3019 -42.2004 3.5
    endloop
  endfacet
  facet normal 0.970068 -0.242835 0
    outer loop
      vertex -45.3972 -42.5811 33.8
      vertex -45.3019 -42.2004 3.5
      vertex -45.3019 -42.2004 33.8
    endloop
  endfacet
  facet normal 0.970068 -0.242835 0
    outer loop
      vertex -45.3019 -42.2004 3.5
      vertex -45.3972 -42.5811 33.8
      vertex -45.3972 -42.5811 3.5
    endloop
  endfacet
  facet normal -0.242835 -0.970068 0
    outer loop
      vertex -50.3861 -45.2478 2.4
      vertex -50.0054 -45.3431 33.8
      vertex -50.3861 -45.2478 33.8
    endloop
  endfacet
  facet normal -0.242835 -0.970068 -0
    outer loop
      vertex -50.0054 -45.3431 33.8
      vertex -50.3861 -45.2478 2.4
      vertex -50.0054 -45.3431 2.4
    endloop
  endfacet
  facet normal -0.42744 -0.904044 0
    outer loop
      vertex -51.1106 -44.9477 2.4
      vertex -50.7557 -45.1155 33.8
      vertex -51.1106 -44.9477 33.8
    endloop
  endfacet
  facet normal -0.42744 -0.904044 -0
    outer loop
      vertex -50.7557 -45.1155 33.8
      vertex -51.1106 -44.9477 2.4
      vertex -50.7557 -45.1155 2.4
    endloop
  endfacet
  facet normal 0.989176 0.146733 0
    outer loop
      vertex -45.2443 -41.0279 33.8
      vertex -45.3019 -40.6396 2.4
      vertex -45.3019 -40.6396 33.8
    endloop
  endfacet
  facet normal 0.989176 0.146733 0
    outer loop
      vertex -45.3019 -40.6396 2.4
      vertex -45.2443 -41.0279 33.8
      vertex -45.2443 -41.0279 2.4
    endloop
  endfacet
  facet normal 0.904044 0.42744 0
    outer loop
      vertex -45.5295 -39.8893 33.8
      vertex -45.6973 -39.5344 2.4
      vertex -45.6973 -39.5344 33.8
    endloop
  endfacet
  facet normal 0.904044 0.42744 0
    outer loop
      vertex -45.6973 -39.5344 2.4
      vertex -45.5295 -39.8893 33.8
      vertex -45.5295 -39.8893 2.4
    endloop
  endfacet
  facet normal 0.85774 0.514084 0
    outer loop
      vertex -45.6973 -39.5344 33.8
      vertex -45.8991 -39.1977 2.4
      vertex -45.8991 -39.1977 33.8
    endloop
  endfacet
  facet normal 0.85774 0.514084 0
    outer loop
      vertex -45.8991 -39.1977 2.4
      vertex -45.6973 -39.5344 33.8
      vertex -45.6973 -39.5344 2.4
    endloop
  endfacet
  facet normal 0.740908 0.671607 0
    outer loop
      vertex -46.133 -38.8824 33.8
      vertex -46.3966 -38.5916 2.4
      vertex -46.3966 -38.5916 33.8
    endloop
  endfacet
  facet normal 0.740908 0.671607 0
    outer loop
      vertex -46.3966 -38.5916 2.4
      vertex -46.133 -38.8824 33.8
      vertex -46.133 -38.8824 2.4
    endloop
  endfacet
  facet normal 0.803137 0.595794 0
    outer loop
      vertex -45.8991 -39.1977 33.8
      vertex -46.133 -38.8824 2.4
      vertex -46.133 -38.8824 33.8
    endloop
  endfacet
  facet normal 0.803137 0.595794 0
    outer loop
      vertex -46.133 -38.8824 2.4
      vertex -45.8991 -39.1977 33.8
      vertex -45.8991 -39.1977 2.4
    endloop
  endfacet
  facet normal 0.242835 0.970068 -0
    outer loop
      vertex -48.0639 -37.5922 2.4
      vertex -48.4446 -37.4969 33.8
      vertex -48.0639 -37.5922 33.8
    endloop
  endfacet
  facet normal 0.242835 0.970068 0
    outer loop
      vertex -48.4446 -37.4969 33.8
      vertex -48.0639 -37.5922 2.4
      vertex -48.4446 -37.4969 2.4
    endloop
  endfacet
  facet normal 0.146733 0.989176 -0
    outer loop
      vertex -48.4446 -37.4969 2.4
      vertex -48.8329 -37.4393 33.8
      vertex -48.4446 -37.4969 33.8
    endloop
  endfacet
  facet normal 0.146733 0.989176 0
    outer loop
      vertex -48.8329 -37.4393 33.8
      vertex -48.4446 -37.4969 2.4
      vertex -48.8329 -37.4393 2.4
    endloop
  endfacet
  facet normal 0.0491626 0.998791 1.46448e-06
    outer loop
      vertex -48.8329 -37.4393 33.8
      vertex -49.025 -37.4298 3.5
      vertex -49.225 -37.42 33.8
    endloop
  endfacet
  facet normal 0.049393 0.998779 -0
    outer loop
      vertex -48.8329 -37.4393 2.4
      vertex -49.025 -37.4298 3.5
      vertex -48.8329 -37.4393 33.8
    endloop
  endfacet
  facet normal 0.049393 0.998779 0
    outer loop
      vertex -49.025 -37.4298 3.5
      vertex -48.8329 -37.4393 2.4
      vertex -49.025 -37.4298 2.4
    endloop
  endfacet
  facet normal 0.0489413 0.998802 0
    outer loop
      vertex -49.225 -37.42 33.8
      vertex -49.025 -37.4298 3.5
      vertex -49.225 -37.42 3.5
    endloop
  endfacet
  facet normal 0.595794 0.803137 -0
    outer loop
      vertex -46.6874 -38.328 2.4
      vertex -47.0027 -38.0941 33.8
      vertex -46.6874 -38.328 33.8
    endloop
  endfacet
  facet normal 0.595794 0.803137 0
    outer loop
      vertex -47.0027 -38.0941 33.8
      vertex -46.6874 -38.328 2.4
      vertex -47.0027 -38.0941 2.4
    endloop
  endfacet
  facet normal 0.514084 0.85774 -0
    outer loop
      vertex -47.0027 -38.0941 2.4
      vertex -47.3394 -37.8923 33.8
      vertex -47.0027 -38.0941 33.8
    endloop
  endfacet
  facet normal 0.514084 0.85774 0
    outer loop
      vertex -47.3394 -37.8923 33.8
      vertex -47.0027 -38.0941 2.4
      vertex -47.3394 -37.8923 2.4
    endloop
  endfacet
  facet normal -0.803137 0.595794 0
    outer loop
      vertex -52.5509 -39.1977 2.4
      vertex -52.317 -38.8824 33.8
      vertex -52.317 -38.8824 2.4
    endloop
  endfacet
  facet normal -0.803137 0.595794 0
    outer loop
      vertex -52.317 -38.8824 33.8
      vertex -52.5509 -39.1977 2.4
      vertex -52.5509 -39.1977 33.8
    endloop
  endfacet
  facet normal -0.9415 0.337014 0
    outer loop
      vertex -53.0528 -40.2589 2.4
      vertex -52.9205 -39.8893 33.8
      vertex -52.9205 -39.8893 2.4
    endloop
  endfacet
  facet normal -0.9415 0.337014 0
    outer loop
      vertex -52.9205 -39.8893 33.8
      vertex -53.0528 -40.2589 2.4
      vertex -53.0528 -40.2589 33.8
    endloop
  endfacet
  facet normal -0.970068 0.242835 0
    outer loop
      vertex -53.1481 -40.6396 2.4
      vertex -53.0528 -40.2589 33.8
      vertex -53.0528 -40.2589 2.4
    endloop
  endfacet
  facet normal -0.970068 0.242835 0
    outer loop
      vertex -53.0528 -40.2589 33.8
      vertex -53.1481 -40.6396 2.4
      vertex -53.1481 -40.6396 33.8
    endloop
  endfacet
  facet normal -0.989176 0.146733 0
    outer loop
      vertex -53.2057 -41.0279 2.4
      vertex -53.1481 -40.6396 33.8
      vertex -53.1481 -40.6396 2.4
    endloop
  endfacet
  facet normal -0.989176 0.146733 0
    outer loop
      vertex -53.1481 -40.6396 33.8
      vertex -53.2057 -41.0279 2.4
      vertex -53.2057 -41.0279 33.8
    endloop
  endfacet
  facet normal -0.998791 0.0491626 0
    outer loop
      vertex -53.225 -41.42 2.4
      vertex -53.2057 -41.0279 33.8
      vertex -53.2057 -41.0279 2.4
    endloop
  endfacet
  facet normal -0.998791 0.0491626 0
    outer loop
      vertex -53.2057 -41.0279 33.8
      vertex -53.225 -41.42 2.4
      vertex -53.225 -41.42 33.8
    endloop
  endfacet
  facet normal -0.514084 0.85774 0
    outer loop
      vertex -51.1106 -37.8923 2.4
      vertex -51.4473 -38.0941 33.8
      vertex -51.1106 -37.8923 33.8
    endloop
  endfacet
  facet normal -0.514084 0.85774 0
    outer loop
      vertex -51.4473 -38.0941 33.8
      vertex -51.1106 -37.8923 2.4
      vertex -51.4473 -38.0941 2.4
    endloop
  endfacet
  facet normal -0.595794 0.803137 0
    outer loop
      vertex -51.4473 -38.0941 2.4
      vertex -51.7626 -38.328 33.8
      vertex -51.4473 -38.0941 33.8
    endloop
  endfacet
  facet normal -0.595794 0.803137 0
    outer loop
      vertex -51.7626 -38.328 33.8
      vertex -51.4473 -38.0941 2.4
      vertex -51.7626 -38.328 2.4
    endloop
  endfacet
  facet normal -0.146733 0.989176 0
    outer loop
      vertex -49.6171 -37.4393 3.5
      vertex -50.0054 -37.4969 33.8
      vertex -49.6171 -37.4393 33.8
    endloop
  endfacet
  facet normal -0.146733 0.989176 0
    outer loop
      vertex -50.0054 -37.4969 33.8
      vertex -49.6171 -37.4393 3.5
      vertex -50.0054 -37.4969 3.5
    endloop
  endfacet
  facet normal -0.33649 0.941687 0
    outer loop
      vertex -50.425 -37.6061 3.5
      vertex -50.3861 -37.5922 33.8
      vertex -50.3861 -37.5922 3.5
    endloop
  endfacet
  facet normal -0.337014 0.9415 7.5916e-07
    outer loop
      vertex -50.3861 -37.5922 33.8
      vertex -50.425 -37.6061 3.5
      vertex -50.7557 -37.7245 33.8
    endloop
  endfacet
  facet normal -0.337076 0.941478 0
    outer loop
      vertex -50.7557 -37.7245 2.4
      vertex -50.425 -37.6061 3.5
      vertex -50.425 -37.6061 2.4
    endloop
  endfacet
  facet normal -0.337076 0.941478 0
    outer loop
      vertex -50.425 -37.6061 3.5
      vertex -50.7557 -37.7245 2.4
      vertex -50.7557 -37.7245 33.8
    endloop
  endfacet
  facet normal -0.242835 0.970068 0
    outer loop
      vertex -50.0054 -37.4969 3.5
      vertex -50.3861 -37.5922 33.8
      vertex -50.0054 -37.4969 33.8
    endloop
  endfacet
  facet normal -0.242835 0.970068 0
    outer loop
      vertex -50.3861 -37.5922 33.8
      vertex -50.0054 -37.4969 3.5
      vertex -50.3861 -37.5922 3.5
    endloop
  endfacet
  facet normal 0.146733 -0.989176 0
    outer loop
      vertex -48.8329 -45.4007 2.4
      vertex -48.4446 -45.3431 33.8
      vertex -48.8329 -45.4007 33.8
    endloop
  endfacet
  facet normal 0.146733 -0.989176 0
    outer loop
      vertex -48.4446 -45.3431 33.8
      vertex -48.8329 -45.4007 2.4
      vertex -48.4446 -45.3431 2.4
    endloop
  endfacet
  facet normal 0.242835 -0.970068 0
    outer loop
      vertex -48.4446 -45.3431 2.4
      vertex -48.0639 -45.2478 33.8
      vertex -48.4446 -45.3431 33.8
    endloop
  endfacet
  facet normal 0.242835 -0.970068 0
    outer loop
      vertex -48.0639 -45.2478 33.8
      vertex -48.4446 -45.3431 2.4
      vertex -48.0639 -45.2478 2.4
    endloop
  endfacet
  facet normal 0.514084 -0.85774 0
    outer loop
      vertex -47.3394 -44.9477 2.4
      vertex -47.0027 -44.7459 33.8
      vertex -47.3394 -44.9477 33.8
    endloop
  endfacet
  facet normal 0.514084 -0.85774 0
    outer loop
      vertex -47.0027 -44.7459 33.8
      vertex -47.3394 -44.9477 2.4
      vertex -47.0027 -44.7459 2.4
    endloop
  endfacet
  facet normal 0.671607 -0.740908 0
    outer loop
      vertex -46.6874 -44.512 2.4
      vertex -46.3966 -44.2484 33.8
      vertex -46.6874 -44.512 33.8
    endloop
  endfacet
  facet normal 0.671607 -0.740908 0
    outer loop
      vertex -46.3966 -44.2484 33.8
      vertex -46.6874 -44.512 2.4
      vertex -46.3966 -44.2484 2.4
    endloop
  endfacet
  facet normal 0.595794 -0.803137 0
    outer loop
      vertex -47.0027 -44.7459 2.4
      vertex -46.6874 -44.512 33.8
      vertex -47.0027 -44.7459 33.8
    endloop
  endfacet
  facet normal 0.595794 -0.803137 0
    outer loop
      vertex -46.6874 -44.512 33.8
      vertex -47.0027 -44.7459 2.4
      vertex -46.6874 -44.512 2.4
    endloop
  endfacet
  facet normal 0.803137 -0.595794 0
    outer loop
      vertex -46.133 -43.9576 33.8
      vertex -45.8991 -43.6423 2.4
      vertex -45.8991 -43.6423 33.8
    endloop
  endfacet
  facet normal 0.803137 -0.595794 0
    outer loop
      vertex -45.8991 -43.6423 2.4
      vertex -46.133 -43.9576 33.8
      vertex -46.133 -43.9576 2.4
    endloop
  endfacet
  facet normal 0.85774 -0.514084 0
    outer loop
      vertex -45.8991 -43.6423 33.8
      vertex -45.6973 -43.3056 2.4
      vertex -45.6973 -43.3056 33.8
    endloop
  endfacet
  facet normal 0.85774 -0.514084 0
    outer loop
      vertex -45.6973 -43.3056 2.4
      vertex -45.8991 -43.6423 33.8
      vertex -45.8991 -43.6423 2.4
    endloop
  endfacet
  facet normal -0.0491626 -0.998791 0
    outer loop
      vertex -49.6171 -45.4007 2.4
      vertex -49.225 -45.42 33.8
      vertex -49.6171 -45.4007 33.8
    endloop
  endfacet
  facet normal -0.0491626 -0.998791 -0
    outer loop
      vertex -49.225 -45.42 33.8
      vertex -49.6171 -45.4007 2.4
      vertex -49.225 -45.42 2.4
    endloop
  endfacet
  facet normal -0.595794 -0.803137 0
    outer loop
      vertex -51.7626 -44.512 2.4
      vertex -51.4473 -44.7459 33.8
      vertex -51.7626 -44.512 33.8
    endloop
  endfacet
  facet normal -0.595794 -0.803137 -0
    outer loop
      vertex -51.4473 -44.7459 33.8
      vertex -51.7626 -44.512 2.4
      vertex -51.4473 -44.7459 2.4
    endloop
  endfacet
  facet normal 0.0491626 -0.998791 0
    outer loop
      vertex -49.225 -45.42 2.4
      vertex -48.8329 -45.4007 33.8
      vertex -49.225 -45.42 33.8
    endloop
  endfacet
  facet normal 0.0491626 -0.998791 0
    outer loop
      vertex -48.8329 -45.4007 33.8
      vertex -49.225 -45.42 2.4
      vertex -48.8329 -45.4007 2.4
    endloop
  endfacet
  facet normal -0.514084 -0.85774 0
    outer loop
      vertex -51.4473 -44.7459 2.4
      vertex -51.1106 -44.9477 33.8
      vertex -51.4473 -44.7459 33.8
    endloop
  endfacet
  facet normal -0.514084 -0.85774 -0
    outer loop
      vertex -51.1106 -44.9477 33.8
      vertex -51.4473 -44.7459 2.4
      vertex -51.1106 -44.9477 2.4
    endloop
  endfacet
  facet normal -0.671607 -0.740908 0
    outer loop
      vertex -52.0534 -44.2484 2.4
      vertex -51.7626 -44.512 33.8
      vertex -52.0534 -44.2484 33.8
    endloop
  endfacet
  facet normal -0.671607 -0.740908 -0
    outer loop
      vertex -51.7626 -44.512 33.8
      vertex -52.0534 -44.2484 2.4
      vertex -51.7626 -44.512 2.4
    endloop
  endfacet
  facet normal -0.85774 -0.514084 0
    outer loop
      vertex -52.5509 -43.6423 2.4
      vertex -52.7527 -43.3056 33.8
      vertex -52.7527 -43.3056 2.4
    endloop
  endfacet
  facet normal -0.85774 -0.514084 0
    outer loop
      vertex -52.7527 -43.3056 33.8
      vertex -52.5509 -43.6423 2.4
      vertex -52.5509 -43.6423 33.8
    endloop
  endfacet
  facet normal -0.9415 -0.337014 0
    outer loop
      vertex -52.9205 -42.9507 2.4
      vertex -53.0528 -42.5811 33.8
      vertex -53.0528 -42.5811 2.4
    endloop
  endfacet
  facet normal -0.9415 -0.337014 0
    outer loop
      vertex -53.0528 -42.5811 33.8
      vertex -52.9205 -42.9507 2.4
      vertex -52.9205 -42.9507 33.8
    endloop
  endfacet
  facet normal -0.989176 -0.146733 0
    outer loop
      vertex -53.1481 -42.2004 2.4
      vertex -53.2057 -41.8121 33.8
      vertex -53.2057 -41.8121 2.4
    endloop
  endfacet
  facet normal -0.989176 -0.146733 0
    outer loop
      vertex -53.2057 -41.8121 33.8
      vertex -53.1481 -42.2004 2.4
      vertex -53.1481 -42.2004 33.8
    endloop
  endfacet
  facet normal 0.42744 0.904044 -0
    outer loop
      vertex -47.3394 -37.8923 2.4
      vertex -47.6943 -37.7245 33.8
      vertex -47.3394 -37.8923 33.8
    endloop
  endfacet
  facet normal 0.42744 0.904044 0
    outer loop
      vertex -47.6943 -37.7245 33.8
      vertex -47.3394 -37.8923 2.4
      vertex -47.6943 -37.7245 2.4
    endloop
  endfacet
  facet normal 0 0 1
    outer loop
      vertex -47.925 -41.42 33.8
      vertex -45.225 -41.42 33.8
      vertex -45.2443 -41.0279 33.8
    endloop
  endfacet
  facet normal 0 0 1
    outer loop
      vertex -47.9313 -41.2926 33.8
      vertex -45.2443 -41.0279 33.8
      vertex -45.3019 -40.6396 33.8
    endloop
  endfacet
  facet normal 0 0 1
    outer loop
      vertex -45.225 -41.42 33.8
      vertex -47.925 -41.42 33.8
      vertex -45.2443 -41.8121 33.8
    endloop
  endfacet
  facet normal 0 0 1
    outer loop
      vertex -47.95 -41.1664 33.8
      vertex -45.3019 -40.6396 33.8
      vertex -45.3972 -40.2589 33.8
    endloop
  endfacet
  facet normal -0 0 1
    outer loop
      vertex -47.9313 -41.5474 33.8
      vertex -45.2443 -41.8121 33.8
      vertex -47.925 -41.42 33.8
    endloop
  endfacet
  facet normal 0 0 1
    outer loop
      vertex -47.981 -41.0426 33.8
      vertex -45.3972 -40.2589 33.8
      vertex -45.5295 -39.8893 33.8
    endloop
  endfacet
  facet normal 0 0 1
    outer loop
      vertex -45.2443 -41.8121 33.8
      vertex -47.9313 -41.5474 33.8
      vertex -45.3019 -42.2004 33.8
    endloop
  endfacet
  facet normal 0 0 1
    outer loop
      vertex -48.024 -40.9225 33.8
      vertex -45.5295 -39.8893 33.8
      vertex -45.6973 -39.5344 33.8
    endloop
  endfacet
  facet normal -0 0 1
    outer loop
      vertex -47.95 -41.6736 33.8
      vertex -45.3019 -42.2004 33.8
      vertex -47.9313 -41.5474 33.8
    endloop
  endfacet
  facet normal 0 0 1
    outer loop
      vertex -48.0785 -40.8072 33.8
      vertex -45.6973 -39.5344 33.8
      vertex -45.8991 -39.1977 33.8
    endloop
  endfacet
  facet normal 0 0 1
    outer loop
      vertex -45.3019 -42.2004 33.8
      vertex -47.95 -41.6736 33.8
      vertex -45.3972 -42.5811 33.8
    endloop
  endfacet
  facet normal 0 0 1
    outer loop
      vertex -48.1441 -40.6978 33.8
      vertex -45.8991 -39.1977 33.8
      vertex -46.133 -38.8824 33.8
    endloop
  endfacet
  facet normal -0 0 1
    outer loop
      vertex -47.981 -41.7974 33.8
      vertex -45.3972 -42.5811 33.8
      vertex -47.95 -41.6736 33.8
    endloop
  endfacet
  facet normal 0 0 1
    outer loop
      vertex -48.2201 -40.5953 33.8
      vertex -46.133 -38.8824 33.8
      vertex -46.3966 -38.5916 33.8
    endloop
  endfacet
  facet normal 0 0 1
    outer loop
      vertex -45.3972 -42.5811 33.8
      vertex -47.981 -41.7974 33.8
      vertex -45.5295 -42.9507 33.8
    endloop
  endfacet
  facet normal 0 0 1
    outer loop
      vertex -48.3058 -40.5008 33.8
      vertex -46.3966 -38.5916 33.8
      vertex -46.6874 -38.328 33.8
    endloop
  endfacet
  facet normal -0 0 1
    outer loop
      vertex -48.024 -41.9175 33.8
      vertex -45.5295 -42.9507 33.8
      vertex -47.981 -41.7974 33.8
    endloop
  endfacet
  facet normal 0 0 1
    outer loop
      vertex -48.4003 -40.4151 33.8
      vertex -46.6874 -38.328 33.8
      vertex -47.0027 -38.0941 33.8
    endloop
  endfacet
  facet normal 0 0 1
    outer loop
      vertex -45.5295 -42.9507 33.8
      vertex -48.024 -41.9175 33.8
      vertex -45.6973 -43.3056 33.8
    endloop
  endfacet
  facet normal 0 0 1
    outer loop
      vertex -48.5028 -40.3391 33.8
      vertex -47.0027 -38.0941 33.8
      vertex -47.3394 -37.8923 33.8
    endloop
  endfacet
  facet normal -0 0 1
    outer loop
      vertex -48.0785 -42.0328 33.8
      vertex -45.6973 -43.3056 33.8
      vertex -48.024 -41.9175 33.8
    endloop
  endfacet
  facet normal 0 0 1
    outer loop
      vertex -48.6122 -40.2735 33.8
      vertex -47.3394 -37.8923 33.8
      vertex -47.6943 -37.7245 33.8
    endloop
  endfacet
  facet normal 0 0 1
    outer loop
      vertex -45.6973 -43.3056 33.8
      vertex -48.0785 -42.0328 33.8
      vertex -45.8991 -43.6423 33.8
    endloop
  endfacet
  facet normal -0 0 1
    outer loop
      vertex -48.1441 -42.1422 33.8
      vertex -45.8991 -43.6423 33.8
      vertex -48.0785 -42.0328 33.8
    endloop
  endfacet
  facet normal 0 0 1
    outer loop
      vertex -45.2443 -41.0279 33.8
      vertex -47.9313 -41.2926 33.8
      vertex -47.925 -41.42 33.8
    endloop
  endfacet
  facet normal 0 0 1
    outer loop
      vertex -45.3019 -40.6396 33.8
      vertex -47.95 -41.1664 33.8
      vertex -47.9313 -41.2926 33.8
    endloop
  endfacet
  facet normal 0 0 1
    outer loop
      vertex -45.3972 -40.2589 33.8
      vertex -47.981 -41.0426 33.8
      vertex -47.95 -41.1664 33.8
    endloop
  endfacet
  facet normal 0 0 1
    outer loop
      vertex -45.5295 -39.8893 33.8
      vertex -48.024 -40.9225 33.8
      vertex -47.981 -41.0426 33.8
    endloop
  endfacet
  facet normal 0 0 1
    outer loop
      vertex -48.7275 -40.219 33.8
      vertex -47.6943 -37.7245 33.8
      vertex -48.0639 -37.5922 33.8
    endloop
  endfacet
  facet normal 0 0 1
    outer loop
      vertex -45.6973 -39.5344 33.8
      vertex -48.0785 -40.8072 33.8
      vertex -48.024 -40.9225 33.8
    endloop
  endfacet
  facet normal 0 0 1
    outer loop
      vertex -45.8991 -39.1977 33.8
      vertex -48.1441 -40.6978 33.8
      vertex -48.0785 -40.8072 33.8
    endloop
  endfacet
  facet normal 0 0 1
    outer loop
      vertex -46.133 -38.8824 33.8
      vertex -48.2201 -40.5953 33.8
      vertex -48.1441 -40.6978 33.8
    endloop
  endfacet
  facet normal 0 0 1
    outer loop
      vertex -46.3966 -38.5916 33.8
      vertex -48.3058 -40.5008 33.8
      vertex -48.2201 -40.5953 33.8
    endloop
  endfacet
  facet normal 0 0 1
    outer loop
      vertex -46.6874 -38.328 33.8
      vertex -48.4003 -40.4151 33.8
      vertex -48.3058 -40.5008 33.8
    endloop
  endfacet
  facet normal 0 0 1
    outer loop
      vertex -48.8476 -40.176 33.8
      vertex -48.0639 -37.5922 33.8
      vertex -48.4446 -37.4969 33.8
    endloop
  endfacet
  facet normal 0 0 1
    outer loop
      vertex -47.0027 -38.0941 33.8
      vertex -48.5028 -40.3391 33.8
      vertex -48.4003 -40.4151 33.8
    endloop
  endfacet
  facet normal 0 0 1
    outer loop
      vertex -47.3394 -37.8923 33.8
      vertex -48.6122 -40.2735 33.8
      vertex -48.5028 -40.3391 33.8
    endloop
  endfacet
  facet normal 0 0 1
    outer loop
      vertex -47.6943 -37.7245 33.8
      vertex -48.7275 -40.219 33.8
      vertex -48.6122 -40.2735 33.8
    endloop
  endfacet
  facet normal 0 0 1
    outer loop
      vertex -48.9714 -40.145 33.8
      vertex -48.4446 -37.4969 33.8
      vertex -48.8329 -37.4393 33.8
    endloop
  endfacet
  facet normal 0 0 1
    outer loop
      vertex -48.0639 -37.5922 33.8
      vertex -48.8476 -40.176 33.8
      vertex -48.7275 -40.219 33.8
    endloop
  endfacet
  facet normal 0 0 1
    outer loop
      vertex -48.4446 -37.4969 33.8
      vertex -48.9714 -40.145 33.8
      vertex -48.8476 -40.176 33.8
    endloop
  endfacet
  facet normal 0 0 1
    outer loop
      vertex -48.8329 -37.4393 33.8
      vertex -49.0976 -40.1263 33.8
      vertex -48.9714 -40.145 33.8
    endloop
  endfacet
  facet normal 0 0 1
    outer loop
      vertex -49.225 -37.42 33.8
      vertex -49.0976 -40.1263 33.8
      vertex -48.8329 -37.4393 33.8
    endloop
  endfacet
  facet normal 0 0 1
    outer loop
      vertex -49.225 -37.42 33.8
      vertex -49.225 -40.12 33.8
      vertex -49.0976 -40.1263 33.8
    endloop
  endfacet
  facet normal 0 0 1
    outer loop
      vertex -49.225 -37.42 33.8
      vertex -49.3524 -40.1263 33.8
      vertex -49.225 -40.12 33.8
    endloop
  endfacet
  facet normal -0 0 1
    outer loop
      vertex -49.6171 -37.4393 33.8
      vertex -49.3524 -40.1263 33.8
      vertex -49.225 -37.42 33.8
    endloop
  endfacet
  facet normal 0 0 1
    outer loop
      vertex -49.3524 -40.1263 33.8
      vertex -49.6171 -37.4393 33.8
      vertex -49.4786 -40.145 33.8
    endloop
  endfacet
  facet normal -0 0 1
    outer loop
      vertex -50.0054 -37.4969 33.8
      vertex -49.4786 -40.145 33.8
      vertex -49.6171 -37.4393 33.8
    endloop
  endfacet
  facet normal 0 0 1
    outer loop
      vertex -49.4786 -40.145 33.8
      vertex -50.0054 -37.4969 33.8
      vertex -49.6024 -40.176 33.8
    endloop
  endfacet
  facet normal -0 0 1
    outer loop
      vertex -50.3861 -37.5922 33.8
      vertex -49.6024 -40.176 33.8
      vertex -50.0054 -37.4969 33.8
    endloop
  endfacet
  facet normal 0 0 1
    outer loop
      vertex -49.6024 -40.176 33.8
      vertex -50.3861 -37.5922 33.8
      vertex -49.7225 -40.219 33.8
    endloop
  endfacet
  facet normal -0 0 1
    outer loop
      vertex -50.7557 -37.7245 33.8
      vertex -49.7225 -40.219 33.8
      vertex -50.3861 -37.5922 33.8
    endloop
  endfacet
  facet normal 0 0 1
    outer loop
      vertex -49.7225 -40.219 33.8
      vertex -50.7557 -37.7245 33.8
      vertex -49.8378 -40.2735 33.8
    endloop
  endfacet
  facet normal -0 0 1
    outer loop
      vertex -51.1106 -37.8923 33.8
      vertex -49.8378 -40.2735 33.8
      vertex -50.7557 -37.7245 33.8
    endloop
  endfacet
  facet normal 0 0 1
    outer loop
      vertex -49.8378 -40.2735 33.8
      vertex -51.1106 -37.8923 33.8
      vertex -49.9472 -40.3391 33.8
    endloop
  endfacet
  facet normal -0 0 1
    outer loop
      vertex -51.4473 -38.0941 33.8
      vertex -49.9472 -40.3391 33.8
      vertex -51.1106 -37.8923 33.8
    endloop
  endfacet
  facet normal 0 0 1
    outer loop
      vertex -49.9472 -40.3391 33.8
      vertex -51.4473 -38.0941 33.8
      vertex -50.0497 -40.4151 33.8
    endloop
  endfacet
  facet normal -0 0 1
    outer loop
      vertex -51.7626 -38.328 33.8
      vertex -50.0497 -40.4151 33.8
      vertex -51.4473 -38.0941 33.8
    endloop
  endfacet
  facet normal 0 0 1
    outer loop
      vertex -50.0497 -40.4151 33.8
      vertex -51.7626 -38.328 33.8
      vertex -50.1442 -40.5008 33.8
    endloop
  endfacet
  facet normal -0 0 1
    outer loop
      vertex -52.0534 -38.5916 33.8
      vertex -50.1442 -40.5008 33.8
      vertex -51.7626 -38.328 33.8
    endloop
  endfacet
  facet normal 0 0 1
    outer loop
      vertex -50.1442 -40.5008 33.8
      vertex -52.0534 -38.5916 33.8
      vertex -50.2299 -40.5953 33.8
    endloop
  endfacet
  facet normal -0 0 1
    outer loop
      vertex -52.317 -38.8824 33.8
      vertex -50.2299 -40.5953 33.8
      vertex -52.0534 -38.5916 33.8
    endloop
  endfacet
  facet normal 0 0 1
    outer loop
      vertex -50.2299 -40.5953 33.8
      vertex -52.317 -38.8824 33.8
      vertex -50.3059 -40.6978 33.8
    endloop
  endfacet
  facet normal -0 0 1
    outer loop
      vertex -52.5509 -39.1977 33.8
      vertex -50.3059 -40.6978 33.8
      vertex -52.317 -38.8824 33.8
    endloop
  endfacet
  facet normal 0 0 1
    outer loop
      vertex -45.8991 -43.6423 33.8
      vertex -48.1441 -42.1422 33.8
      vertex -46.133 -43.9576 33.8
    endloop
  endfacet
  facet normal -0 0 1
    outer loop
      vertex -48.2201 -42.2447 33.8
      vertex -46.133 -43.9576 33.8
      vertex -48.1441 -42.1422 33.8
    endloop
  endfacet
  facet normal 0 0 1
    outer loop
      vertex -46.133 -43.9576 33.8
      vertex -48.2201 -42.2447 33.8
      vertex -46.3966 -44.2484 33.8
    endloop
  endfacet
  facet normal -0 0 1
    outer loop
      vertex -48.3058 -42.3392 33.8
      vertex -46.3966 -44.2484 33.8
      vertex -48.2201 -42.2447 33.8
    endloop
  endfacet
  facet normal 0 0 1
    outer loop
      vertex -46.3966 -44.2484 33.8
      vertex -48.3058 -42.3392 33.8
      vertex -46.6874 -44.512 33.8
    endloop
  endfacet
  facet normal -0 0 1
    outer loop
      vertex -48.4003 -42.4249 33.8
      vertex -46.6874 -44.512 33.8
      vertex -48.3058 -42.3392 33.8
    endloop
  endfacet
  facet normal 0 0 1
    outer loop
      vertex -46.6874 -44.512 33.8
      vertex -48.4003 -42.4249 33.8
      vertex -47.0027 -44.7459 33.8
    endloop
  endfacet
  facet normal -0 0 1
    outer loop
      vertex -48.5028 -42.5009 33.8
      vertex -47.0027 -44.7459 33.8
      vertex -48.4003 -42.4249 33.8
    endloop
  endfacet
  facet normal 0 0 1
    outer loop
      vertex -47.0027 -44.7459 33.8
      vertex -48.5028 -42.5009 33.8
      vertex -47.3394 -44.9477 33.8
    endloop
  endfacet
  facet normal -0 0 1
    outer loop
      vertex -48.6122 -42.5665 33.8
      vertex -47.3394 -44.9477 33.8
      vertex -48.5028 -42.5009 33.8
    endloop
  endfacet
  facet normal 0 0 1
    outer loop
      vertex -47.3394 -44.9477 33.8
      vertex -48.6122 -42.5665 33.8
      vertex -47.6943 -45.1155 33.8
    endloop
  endfacet
  facet normal -0 0 1
    outer loop
      vertex -48.7275 -42.621 33.8
      vertex -47.6943 -45.1155 33.8
      vertex -48.6122 -42.5665 33.8
    endloop
  endfacet
  facet normal 0 0 1
    outer loop
      vertex -47.6943 -45.1155 33.8
      vertex -48.7275 -42.621 33.8
      vertex -48.0639 -45.2478 33.8
    endloop
  endfacet
  facet normal -0 0 1
    outer loop
      vertex -48.8476 -42.664 33.8
      vertex -48.0639 -45.2478 33.8
      vertex -48.7275 -42.621 33.8
    endloop
  endfacet
  facet normal 0 0 1
    outer loop
      vertex -48.0639 -45.2478 33.8
      vertex -48.8476 -42.664 33.8
      vertex -48.4446 -45.3431 33.8
    endloop
  endfacet
  facet normal -0 0 1
    outer loop
      vertex -48.9714 -42.695 33.8
      vertex -48.4446 -45.3431 33.8
      vertex -48.8476 -42.664 33.8
    endloop
  endfacet
  facet normal 0 0 1
    outer loop
      vertex -48.4446 -45.3431 33.8
      vertex -48.9714 -42.695 33.8
      vertex -48.8329 -45.4007 33.8
    endloop
  endfacet
  facet normal -0 0 1
    outer loop
      vertex -49.0976 -42.7137 33.8
      vertex -48.8329 -45.4007 33.8
      vertex -48.9714 -42.695 33.8
    endloop
  endfacet
  facet normal -0 0 1
    outer loop
      vertex -49.225 -42.72 33.8
      vertex -48.8329 -45.4007 33.8
      vertex -49.0976 -42.7137 33.8
    endloop
  endfacet
  facet normal 0 0 1
    outer loop
      vertex -49.225 -42.72 33.8
      vertex -49.225 -45.42 33.8
      vertex -48.8329 -45.4007 33.8
    endloop
  endfacet
  facet normal 0 0 1
    outer loop
      vertex -49.3524 -42.7137 33.8
      vertex -49.225 -45.42 33.8
      vertex -49.225 -42.72 33.8
    endloop
  endfacet
  facet normal 0 0 1
    outer loop
      vertex -49.6171 -45.4007 33.8
      vertex -49.3524 -42.7137 33.8
      vertex -49.4786 -42.695 33.8
    endloop
  endfacet
  facet normal 0 0 1
    outer loop
      vertex -50.0054 -45.3431 33.8
      vertex -49.4786 -42.695 33.8
      vertex -49.6024 -42.664 33.8
    endloop
  endfacet
  facet normal 0 0 1
    outer loop
      vertex -49.3524 -42.7137 33.8
      vertex -49.6171 -45.4007 33.8
      vertex -49.225 -45.42 33.8
    endloop
  endfacet
  facet normal 0 0 1
    outer loop
      vertex -50.3861 -45.2478 33.8
      vertex -49.6024 -42.664 33.8
      vertex -49.7225 -42.621 33.8
    endloop
  endfacet
  facet normal 0 0 1
    outer loop
      vertex -50.7557 -45.1155 33.8
      vertex -49.7225 -42.621 33.8
      vertex -49.8378 -42.5665 33.8
    endloop
  endfacet
  facet normal 0 0 1
    outer loop
      vertex -51.1106 -44.9477 33.8
      vertex -49.8378 -42.5665 33.8
      vertex -49.9472 -42.5009 33.8
    endloop
  endfacet
  facet normal 0 0 1
    outer loop
      vertex -49.4786 -42.695 33.8
      vertex -50.0054 -45.3431 33.8
      vertex -49.6171 -45.4007 33.8
    endloop
  endfacet
  facet normal 0 0 1
    outer loop
      vertex -51.4473 -44.7459 33.8
      vertex -49.9472 -42.5009 33.8
      vertex -50.0497 -42.4249 33.8
    endloop
  endfacet
  facet normal 0 0 1
    outer loop
      vertex -51.7626 -44.512 33.8
      vertex -50.0497 -42.4249 33.8
      vertex -50.1442 -42.3392 33.8
    endloop
  endfacet
  facet normal 0 0 1
    outer loop
      vertex -52.0534 -44.2484 33.8
      vertex -50.1442 -42.3392 33.8
      vertex -50.2299 -42.2447 33.8
    endloop
  endfacet
  facet normal 0 0 1
    outer loop
      vertex -52.317 -43.9576 33.8
      vertex -50.2299 -42.2447 33.8
      vertex -50.3059 -42.1422 33.8
    endloop
  endfacet
  facet normal 0 0 1
    outer loop
      vertex -52.5509 -43.6423 33.8
      vertex -50.3059 -42.1422 33.8
      vertex -50.3715 -42.0328 33.8
    endloop
  endfacet
  facet normal 0 0 1
    outer loop
      vertex -49.6024 -42.664 33.8
      vertex -50.3861 -45.2478 33.8
      vertex -50.0054 -45.3431 33.8
    endloop
  endfacet
  facet normal 0 0 1
    outer loop
      vertex -52.7527 -43.3056 33.8
      vertex -50.3715 -42.0328 33.8
      vertex -50.426 -41.9175 33.8
    endloop
  endfacet
  facet normal 0 0 1
    outer loop
      vertex -52.9205 -42.9507 33.8
      vertex -50.426 -41.9175 33.8
      vertex -50.469 -41.7974 33.8
    endloop
  endfacet
  facet normal 0 0 1
    outer loop
      vertex -53.0528 -42.5811 33.8
      vertex -50.469 -41.7974 33.8
      vertex -50.5 -41.6736 33.8
    endloop
  endfacet
  facet normal 0 0 1
    outer loop
      vertex -53.1481 -42.2004 33.8
      vertex -50.5 -41.6736 33.8
      vertex -50.5187 -41.5474 33.8
    endloop
  endfacet
  facet normal 0 0 1
    outer loop
      vertex -53.2057 -41.8121 33.8
      vertex -50.5187 -41.5474 33.8
      vertex -50.525 -41.42 33.8
    endloop
  endfacet
  facet normal 0 0 1
    outer loop
      vertex -50.3059 -40.6978 33.8
      vertex -52.5509 -39.1977 33.8
      vertex -50.3715 -40.8072 33.8
    endloop
  endfacet
  facet normal 0 0 1
    outer loop
      vertex -49.7225 -42.621 33.8
      vertex -50.7557 -45.1155 33.8
      vertex -50.3861 -45.2478 33.8
    endloop
  endfacet
  facet normal -0 0 1
    outer loop
      vertex -52.7527 -39.5344 33.8
      vertex -50.3715 -40.8072 33.8
      vertex -52.5509 -39.1977 33.8
    endloop
  endfacet
  facet normal 0 0 1
    outer loop
      vertex -49.8378 -42.5665 33.8
      vertex -51.1106 -44.9477 33.8
      vertex -50.7557 -45.1155 33.8
    endloop
  endfacet
  facet normal 0 0 1
    outer loop
      vertex -50.3715 -40.8072 33.8
      vertex -52.7527 -39.5344 33.8
      vertex -50.426 -40.9225 33.8
    endloop
  endfacet
  facet normal 0 0 1
    outer loop
      vertex -49.9472 -42.5009 33.8
      vertex -51.4473 -44.7459 33.8
      vertex -51.1106 -44.9477 33.8
    endloop
  endfacet
  facet normal -0 0 1
    outer loop
      vertex -52.9205 -39.8893 33.8
      vertex -50.426 -40.9225 33.8
      vertex -52.7527 -39.5344 33.8
    endloop
  endfacet
  facet normal 0 0 1
    outer loop
      vertex -50.0497 -42.4249 33.8
      vertex -51.7626 -44.512 33.8
      vertex -51.4473 -44.7459 33.8
    endloop
  endfacet
  facet normal 0 0 1
    outer loop
      vertex -50.426 -40.9225 33.8
      vertex -52.9205 -39.8893 33.8
      vertex -50.469 -41.0426 33.8
    endloop
  endfacet
  facet normal 0 0 1
    outer loop
      vertex -50.1442 -42.3392 33.8
      vertex -52.0534 -44.2484 33.8
      vertex -51.7626 -44.512 33.8
    endloop
  endfacet
  facet normal -0 0 1
    outer loop
      vertex -53.0528 -40.2589 33.8
      vertex -50.469 -41.0426 33.8
      vertex -52.9205 -39.8893 33.8
    endloop
  endfacet
  facet normal 0 0 1
    outer loop
      vertex -50.2299 -42.2447 33.8
      vertex -52.317 -43.9576 33.8
      vertex -52.0534 -44.2484 33.8
    endloop
  endfacet
  facet normal 0 0 1
    outer loop
      vertex -50.469 -41.0426 33.8
      vertex -53.0528 -40.2589 33.8
      vertex -50.5 -41.1664 33.8
    endloop
  endfacet
  facet normal 0 0 1
    outer loop
      vertex -50.3059 -42.1422 33.8
      vertex -52.5509 -43.6423 33.8
      vertex -52.317 -43.9576 33.8
    endloop
  endfacet
  facet normal -0 0 1
    outer loop
      vertex -53.1481 -40.6396 33.8
      vertex -50.5 -41.1664 33.8
      vertex -53.0528 -40.2589 33.8
    endloop
  endfacet
  facet normal 0 0 1
    outer loop
      vertex -50.3715 -42.0328 33.8
      vertex -52.7527 -43.3056 33.8
      vertex -52.5509 -43.6423 33.8
    endloop
  endfacet
  facet normal 0 0 1
    outer loop
      vertex -50.5 -41.1664 33.8
      vertex -53.1481 -40.6396 33.8
      vertex -50.5187 -41.2926 33.8
    endloop
  endfacet
  facet normal 0 0 1
    outer loop
      vertex -50.426 -41.9175 33.8
      vertex -52.9205 -42.9507 33.8
      vertex -52.7527 -43.3056 33.8
    endloop
  endfacet
  facet normal -0 0 1
    outer loop
      vertex -53.2057 -41.0279 33.8
      vertex -50.5187 -41.2926 33.8
      vertex -53.1481 -40.6396 33.8
    endloop
  endfacet
  facet normal 0 0 1
    outer loop
      vertex -50.469 -41.7974 33.8
      vertex -53.0528 -42.5811 33.8
      vertex -52.9205 -42.9507 33.8
    endloop
  endfacet
  facet normal 0 0 1
    outer loop
      vertex -50.5187 -41.2926 33.8
      vertex -53.2057 -41.0279 33.8
      vertex -50.525 -41.42 33.8
    endloop
  endfacet
  facet normal 0 0 1
    outer loop
      vertex -50.5 -41.6736 33.8
      vertex -53.1481 -42.2004 33.8
      vertex -53.0528 -42.5811 33.8
    endloop
  endfacet
  facet normal 0 0 1
    outer loop
      vertex -53.225 -41.42 33.8
      vertex -50.525 -41.42 33.8
      vertex -53.2057 -41.0279 33.8
    endloop
  endfacet
  facet normal 0 0 1
    outer loop
      vertex -50.5187 -41.5474 33.8
      vertex -53.2057 -41.8121 33.8
      vertex -53.1481 -42.2004 33.8
    endloop
  endfacet
  facet normal 0 0 1
    outer loop
      vertex -50.525 -41.42 33.8
      vertex -53.225 -41.42 33.8
      vertex -53.2057 -41.8121 33.8
    endloop
  endfacet
  facet normal -0.671607 0.740908 0
    outer loop
      vertex -51.7626 -38.328 2.4
      vertex -52.0534 -38.5916 33.8
      vertex -51.7626 -38.328 33.8
    endloop
  endfacet
  facet normal -0.671607 0.740908 0
    outer loop
      vertex -52.0534 -38.5916 33.8
      vertex -51.7626 -38.328 2.4
      vertex -52.0534 -38.5916 2.4
    endloop
  endfacet
  facet normal 0.42744 -0.904044 0
    outer loop
      vertex -47.6943 -45.1155 2.4
      vertex -47.3394 -44.9477 33.8
      vertex -47.6943 -45.1155 33.8
    endloop
  endfacet
  facet normal 0.42744 -0.904044 0
    outer loop
      vertex -47.3394 -44.9477 33.8
      vertex -47.6943 -45.1155 2.4
      vertex -47.3394 -44.9477 2.4
    endloop
  endfacet
  facet normal 0.941687 -0.33649 0
    outer loop
      vertex -45.3972 -42.5811 33.8
      vertex -45.4111 -42.62 3.5
      vertex -45.3972 -42.5811 3.5
    endloop
  endfacet
  facet normal 0.9415 -0.337014 7.5916e-07
    outer loop
      vertex -45.5295 -42.9507 33.8
      vertex -45.4111 -42.62 3.5
      vertex -45.3972 -42.5811 33.8
    endloop
  endfacet
  facet normal 0.941478 -0.337076 0
    outer loop
      vertex -45.5295 -42.9507 2.4
      vertex -45.4111 -42.62 3.5
      vertex -45.5295 -42.9507 33.8
    endloop
  endfacet
  facet normal 0.941478 -0.337076 0
    outer loop
      vertex -45.4111 -42.62 3.5
      vertex -45.5295 -42.9507 2.4
      vertex -45.4111 -42.62 2.4
    endloop
  endfacet
  facet normal -0.146733 -0.989176 0
    outer loop
      vertex -50.0054 -45.3431 2.4
      vertex -49.6171 -45.4007 33.8
      vertex -50.0054 -45.3431 33.8
    endloop
  endfacet
  facet normal -0.146733 -0.989176 -0
    outer loop
      vertex -49.6171 -45.4007 33.8
      vertex -50.0054 -45.3431 2.4
      vertex -49.6171 -45.4007 2.4
    endloop
  endfacet
  facet normal -0.337014 -0.9415 0
    outer loop
      vertex -50.7557 -45.1155 2.4
      vertex -50.3861 -45.2478 33.8
      vertex -50.7557 -45.1155 33.8
    endloop
  endfacet
  facet normal -0.337014 -0.9415 -0
    outer loop
      vertex -50.3861 -45.2478 33.8
      vertex -50.7557 -45.1155 2.4
      vertex -50.3861 -45.2478 2.4
    endloop
  endfacet
  facet normal -0.803137 -0.595794 0
    outer loop
      vertex -52.317 -43.9576 2.4
      vertex -52.5509 -43.6423 33.8
      vertex -52.5509 -43.6423 2.4
    endloop
  endfacet
  facet normal -0.803137 -0.595794 0
    outer loop
      vertex -52.5509 -43.6423 33.8
      vertex -52.317 -43.9576 2.4
      vertex -52.317 -43.9576 33.8
    endloop
  endfacet
  facet normal -0.970068 -0.242835 0
    outer loop
      vertex -53.0528 -42.5811 2.4
      vertex -53.1481 -42.2004 33.8
      vertex -53.1481 -42.2004 2.4
    endloop
  endfacet
  facet normal -0.970068 -0.242835 0
    outer loop
      vertex -53.1481 -42.2004 33.8
      vertex -53.0528 -42.5811 2.4
      vertex -53.0528 -42.5811 33.8
    endloop
  endfacet
  facet normal -0.904044 -0.42744 0
    outer loop
      vertex -52.7527 -43.3056 2.4
      vertex -52.9205 -42.9507 33.8
      vertex -52.9205 -42.9507 2.4
    endloop
  endfacet
  facet normal -0.904044 -0.42744 0
    outer loop
      vertex -52.9205 -42.9507 33.8
      vertex -52.7527 -43.3056 2.4
      vertex -52.7527 -43.3056 33.8
    endloop
  endfacet
  facet normal 0.998791 -0.0491626 0
    outer loop
      vertex -45.2443 -41.8121 33.8
      vertex -45.225 -41.42 3.5
      vertex -45.225 -41.42 33.8
    endloop
  endfacet
  facet normal 0.998791 -0.0491626 0
    outer loop
      vertex -45.225 -41.42 3.5
      vertex -45.2443 -41.8121 33.8
      vertex -45.2443 -41.8121 3.5
    endloop
  endfacet
  facet normal 0.595794 0.803137 -0
    outer loop
      vertex -46.6874 44.512 2.4
      vertex -47.0027 44.7459 33.8
      vertex -46.6874 44.512 33.8
    endloop
  endfacet
  facet normal 0.595794 0.803137 0
    outer loop
      vertex -47.0027 44.7459 33.8
      vertex -46.6874 44.512 2.4
      vertex -47.0027 44.7459 2.4
    endloop
  endfacet
  facet normal -0.42744 0.904044 0
    outer loop
      vertex -50.7557 45.1155 2.4
      vertex -51.1106 44.9477 33.8
      vertex -50.7557 45.1155 33.8
    endloop
  endfacet
  facet normal -0.42744 0.904044 0
    outer loop
      vertex -51.1106 44.9477 33.8
      vertex -50.7557 45.1155 2.4
      vertex -51.1106 44.9477 2.4
    endloop
  endfacet
  facet normal -0.9415 0.337014 0
    outer loop
      vertex -53.0528 42.5811 2.4
      vertex -52.9205 42.9507 33.8
      vertex -52.9205 42.9507 2.4
    endloop
  endfacet
  facet normal -0.9415 0.337014 0
    outer loop
      vertex -52.9205 42.9507 33.8
      vertex -53.0528 42.5811 2.4
      vertex -53.0528 42.5811 33.8
    endloop
  endfacet
  facet normal -0.42744 -0.904044 0
    outer loop
      vertex -51.1106 37.8923 2.4
      vertex -50.7557 37.7245 33.8
      vertex -51.1106 37.8923 33.8
    endloop
  endfacet
  facet normal -0.42744 -0.904044 -0
    outer loop
      vertex -50.7557 37.7245 33.8
      vertex -51.1106 37.8923 2.4
      vertex -50.7557 37.7245 2.4
    endloop
  endfacet
  facet normal 0.904044 0.42744 0
    outer loop
      vertex -45.5295 42.9507 33.8
      vertex -45.6973 43.3056 2.4
      vertex -45.6973 43.3056 33.8
    endloop
  endfacet
  facet normal 0.904044 0.42744 0
    outer loop
      vertex -45.6973 43.3056 2.4
      vertex -45.5295 42.9507 33.8
      vertex -45.5295 42.9507 2.4
    endloop
  endfacet
  facet normal 0.85774 0.514084 0
    outer loop
      vertex -45.6973 43.3056 33.8
      vertex -45.8991 43.6423 2.4
      vertex -45.8991 43.6423 33.8
    endloop
  endfacet
  facet normal 0.85774 0.514084 0
    outer loop
      vertex -45.8991 43.6423 2.4
      vertex -45.6973 43.3056 33.8
      vertex -45.6973 43.3056 2.4
    endloop
  endfacet
  facet normal 0.337014 0.9415 -0
    outer loop
      vertex -47.6943 45.1155 2.4
      vertex -48.0639 45.2478 33.8
      vertex -47.6943 45.1155 33.8
    endloop
  endfacet
  facet normal 0.337014 0.9415 0
    outer loop
      vertex -48.0639 45.2478 33.8
      vertex -47.6943 45.1155 2.4
      vertex -48.0639 45.2478 2.4
    endloop
  endfacet
  facet normal 0.0491626 0.998791 -0
    outer loop
      vertex -48.8329 45.4007 2.4
      vertex -49.225 45.42 33.8
      vertex -48.8329 45.4007 33.8
    endloop
  endfacet
  facet normal 0.0491626 0.998791 0
    outer loop
      vertex -49.225 45.42 33.8
      vertex -48.8329 45.4007 2.4
      vertex -49.225 45.42 2.4
    endloop
  endfacet
  facet normal -0.989176 0.146733 0
    outer loop
      vertex -53.2057 41.8121 2.4
      vertex -53.1481 42.2004 33.8
      vertex -53.1481 42.2004 2.4
    endloop
  endfacet
  facet normal -0.989176 0.146733 0
    outer loop
      vertex -53.1481 42.2004 33.8
      vertex -53.2057 41.8121 2.4
      vertex -53.2057 41.8121 33.8
    endloop
  endfacet
  facet normal -0.803137 0.595794 0
    outer loop
      vertex -52.5509 43.6423 2.4
      vertex -52.317 43.9576 33.8
      vertex -52.317 43.9576 2.4
    endloop
  endfacet
  facet normal -0.803137 0.595794 0
    outer loop
      vertex -52.317 43.9576 33.8
      vertex -52.5509 43.6423 2.4
      vertex -52.5509 43.6423 33.8
    endloop
  endfacet
  facet normal -0.242835 0.970068 0
    outer loop
      vertex -50.0054 45.3431 2.4
      vertex -50.3861 45.2478 33.8
      vertex -50.0054 45.3431 33.8
    endloop
  endfacet
  facet normal -0.242835 0.970068 0
    outer loop
      vertex -50.3861 45.2478 33.8
      vertex -50.0054 45.3431 2.4
      vertex -50.3861 45.2478 2.4
    endloop
  endfacet
  facet normal 0.998802 -0.0489413 0
    outer loop
      vertex -45.225 41.42 33.8
      vertex -45.2348 41.22 3.5
      vertex -45.225 41.42 3.5
    endloop
  endfacet
  facet normal 0.998791 -0.0491626 1.46448e-06
    outer loop
      vertex -45.2443 41.0279 33.8
      vertex -45.2348 41.22 3.5
      vertex -45.225 41.42 33.8
    endloop
  endfacet
  facet normal 0.998779 -0.049393 0
    outer loop
      vertex -45.2443 41.0279 2.4
      vertex -45.2348 41.22 3.5
      vertex -45.2443 41.0279 33.8
    endloop
  endfacet
  facet normal 0.998779 -0.049393 0
    outer loop
      vertex -45.2348 41.22 3.5
      vertex -45.2443 41.0279 2.4
      vertex -45.2348 41.22 2.4
    endloop
  endfacet
  facet normal 0.803137 -0.595794 0
    outer loop
      vertex -46.133 38.8824 33.8
      vertex -45.8991 39.1977 2.4
      vertex -45.8991 39.1977 33.8
    endloop
  endfacet
  facet normal 0.803137 -0.595794 0
    outer loop
      vertex -45.8991 39.1977 2.4
      vertex -46.133 38.8824 33.8
      vertex -46.133 38.8824 2.4
    endloop
  endfacet
  facet normal -0.146733 -0.989176 0
    outer loop
      vertex -50.0054 37.4969 3.5
      vertex -49.6171 37.4393 33.8
      vertex -50.0054 37.4969 33.8
    endloop
  endfacet
  facet normal -0.146733 -0.989176 -0
    outer loop
      vertex -49.6171 37.4393 33.8
      vertex -50.0054 37.4969 3.5
      vertex -49.6171 37.4393 3.5
    endloop
  endfacet
  facet normal -0.671607 -0.740908 0
    outer loop
      vertex -52.0534 38.5916 2.4
      vertex -51.7626 38.328 33.8
      vertex -52.0534 38.5916 33.8
    endloop
  endfacet
  facet normal -0.671607 -0.740908 -0
    outer loop
      vertex -51.7626 38.328 33.8
      vertex -52.0534 38.5916 2.4
      vertex -51.7626 38.328 2.4
    endloop
  endfacet
  facet normal 0.989176 0.146733 0
    outer loop
      vertex -45.2443 41.8121 33.8
      vertex -45.3019 42.2004 3.5
      vertex -45.3019 42.2004 33.8
    endloop
  endfacet
  facet normal 0.989176 0.146733 0
    outer loop
      vertex -45.3019 42.2004 3.5
      vertex -45.2443 41.8121 33.8
      vertex -45.2443 41.8121 3.5
    endloop
  endfacet
  facet normal 0.970068 0.242835 0
    outer loop
      vertex -45.3019 42.2004 33.8
      vertex -45.3972 42.5811 3.5
      vertex -45.3972 42.5811 33.8
    endloop
  endfacet
  facet normal 0.970068 0.242835 0
    outer loop
      vertex -45.3972 42.5811 3.5
      vertex -45.3019 42.2004 33.8
      vertex -45.3019 42.2004 3.5
    endloop
  endfacet
  facet normal 0.941478 0.337076 0
    outer loop
      vertex -45.5295 42.9507 33.8
      vertex -45.4111 42.62 3.5
      vertex -45.5295 42.9507 2.4
    endloop
  endfacet
  facet normal 0.9415 0.337014 7.5916e-07
    outer loop
      vertex -45.3972 42.5811 33.8
      vertex -45.4111 42.62 3.5
      vertex -45.5295 42.9507 33.8
    endloop
  endfacet
  facet normal 0.941687 0.33649 0
    outer loop
      vertex -45.4111 42.62 3.5
      vertex -45.3972 42.5811 33.8
      vertex -45.3972 42.5811 3.5
    endloop
  endfacet
  facet normal 0.941478 0.337076 0
    outer loop
      vertex -45.5295 42.9507 2.4
      vertex -45.4111 42.62 3.5
      vertex -45.4111 42.62 2.4
    endloop
  endfacet
  facet normal 0.740908 0.671607 0
    outer loop
      vertex -46.133 43.9576 33.8
      vertex -46.3966 44.2484 2.4
      vertex -46.3966 44.2484 33.8
    endloop
  endfacet
  facet normal 0.740908 0.671607 0
    outer loop
      vertex -46.3966 44.2484 2.4
      vertex -46.133 43.9576 33.8
      vertex -46.133 43.9576 2.4
    endloop
  endfacet
  facet normal 0.803137 0.595794 0
    outer loop
      vertex -45.8991 43.6423 33.8
      vertex -46.133 43.9576 2.4
      vertex -46.133 43.9576 33.8
    endloop
  endfacet
  facet normal 0.803137 0.595794 0
    outer loop
      vertex -46.133 43.9576 2.4
      vertex -45.8991 43.6423 33.8
      vertex -45.8991 43.6423 2.4
    endloop
  endfacet
  facet normal 0.671607 0.740908 -0
    outer loop
      vertex -46.3966 44.2484 2.4
      vertex -46.6874 44.512 33.8
      vertex -46.3966 44.2484 33.8
    endloop
  endfacet
  facet normal 0.671607 0.740908 0
    outer loop
      vertex -46.6874 44.512 33.8
      vertex -46.3966 44.2484 2.4
      vertex -46.6874 44.512 2.4
    endloop
  endfacet
  facet normal 0.514084 0.85774 -0
    outer loop
      vertex -47.0027 44.7459 2.4
      vertex -47.3394 44.9477 33.8
      vertex -47.0027 44.7459 33.8
    endloop
  endfacet
  facet normal 0.514084 0.85774 0
    outer loop
      vertex -47.3394 44.9477 33.8
      vertex -47.0027 44.7459 2.4
      vertex -47.3394 44.9477 2.4
    endloop
  endfacet
  facet normal -0.0491626 0.998791 0
    outer loop
      vertex -49.225 45.42 2.4
      vertex -49.6171 45.4007 33.8
      vertex -49.225 45.42 33.8
    endloop
  endfacet
  facet normal -0.0491626 0.998791 0
    outer loop
      vertex -49.6171 45.4007 33.8
      vertex -49.225 45.42 2.4
      vertex -49.6171 45.4007 2.4
    endloop
  endfacet
  facet normal 0.42744 0.904044 -0
    outer loop
      vertex -47.3394 44.9477 2.4
      vertex -47.6943 45.1155 33.8
      vertex -47.3394 44.9477 33.8
    endloop
  endfacet
  facet normal 0.42744 0.904044 0
    outer loop
      vertex -47.6943 45.1155 33.8
      vertex -47.3394 44.9477 2.4
      vertex -47.6943 45.1155 2.4
    endloop
  endfacet
  facet normal 0.242835 0.970068 -0
    outer loop
      vertex -48.0639 45.2478 2.4
      vertex -48.4446 45.3431 33.8
      vertex -48.0639 45.2478 33.8
    endloop
  endfacet
  facet normal 0.242835 0.970068 0
    outer loop
      vertex -48.4446 45.3431 33.8
      vertex -48.0639 45.2478 2.4
      vertex -48.4446 45.3431 2.4
    endloop
  endfacet
  facet normal 0.146733 0.989176 -0
    outer loop
      vertex -48.4446 45.3431 2.4
      vertex -48.8329 45.4007 33.8
      vertex -48.4446 45.3431 33.8
    endloop
  endfacet
  facet normal 0.146733 0.989176 0
    outer loop
      vertex -48.8329 45.4007 33.8
      vertex -48.4446 45.3431 2.4
      vertex -48.8329 45.4007 2.4
    endloop
  endfacet
  facet normal -0.998791 0.0491626 0
    outer loop
      vertex -53.225 41.42 2.4
      vertex -53.2057 41.8121 33.8
      vertex -53.2057 41.8121 2.4
    endloop
  endfacet
  facet normal -0.998791 0.0491626 0
    outer loop
      vertex -53.2057 41.8121 33.8
      vertex -53.225 41.42 2.4
      vertex -53.225 41.42 33.8
    endloop
  endfacet
  facet normal -0.970068 0.242835 0
    outer loop
      vertex -53.1481 42.2004 2.4
      vertex -53.0528 42.5811 33.8
      vertex -53.0528 42.5811 2.4
    endloop
  endfacet
  facet normal -0.970068 0.242835 0
    outer loop
      vertex -53.0528 42.5811 33.8
      vertex -53.1481 42.2004 2.4
      vertex -53.1481 42.2004 33.8
    endloop
  endfacet
  facet normal -0.904044 0.42744 0
    outer loop
      vertex -52.9205 42.9507 2.4
      vertex -52.7527 43.3056 33.8
      vertex -52.7527 43.3056 2.4
    endloop
  endfacet
  facet normal -0.904044 0.42744 0
    outer loop
      vertex -52.7527 43.3056 33.8
      vertex -52.9205 42.9507 2.4
      vertex -52.9205 42.9507 33.8
    endloop
  endfacet
  facet normal -0.85774 0.514084 0
    outer loop
      vertex -52.7527 43.3056 2.4
      vertex -52.5509 43.6423 33.8
      vertex -52.5509 43.6423 2.4
    endloop
  endfacet
  facet normal -0.85774 0.514084 0
    outer loop
      vertex -52.5509 43.6423 33.8
      vertex -52.7527 43.3056 2.4
      vertex -52.7527 43.3056 33.8
    endloop
  endfacet
  facet normal -0.337014 0.9415 0
    outer loop
      vertex -50.3861 45.2478 2.4
      vertex -50.7557 45.1155 33.8
      vertex -50.3861 45.2478 33.8
    endloop
  endfacet
  facet normal -0.337014 0.9415 0
    outer loop
      vertex -50.7557 45.1155 33.8
      vertex -50.3861 45.2478 2.4
      vertex -50.7557 45.1155 2.4
    endloop
  endfacet
  facet normal -0.146733 0.989176 0
    outer loop
      vertex -49.6171 45.4007 2.4
      vertex -50.0054 45.3431 33.8
      vertex -49.6171 45.4007 33.8
    endloop
  endfacet
  facet normal -0.146733 0.989176 0
    outer loop
      vertex -50.0054 45.3431 33.8
      vertex -49.6171 45.4007 2.4
      vertex -50.0054 45.3431 2.4
    endloop
  endfacet
  facet normal -0.595794 0.803137 0
    outer loop
      vertex -51.4473 44.7459 2.4
      vertex -51.7626 44.512 33.8
      vertex -51.4473 44.7459 33.8
    endloop
  endfacet
  facet normal -0.595794 0.803137 0
    outer loop
      vertex -51.7626 44.512 33.8
      vertex -51.4473 44.7459 2.4
      vertex -51.7626 44.512 2.4
    endloop
  endfacet
  facet normal -0.671607 0.740908 0
    outer loop
      vertex -51.7626 44.512 2.4
      vertex -52.0534 44.2484 33.8
      vertex -51.7626 44.512 33.8
    endloop
  endfacet
  facet normal -0.671607 0.740908 0
    outer loop
      vertex -52.0534 44.2484 33.8
      vertex -51.7626 44.512 2.4
      vertex -52.0534 44.2484 2.4
    endloop
  endfacet
  facet normal -0.514084 0.85774 0
    outer loop
      vertex -51.1106 44.9477 2.4
      vertex -51.4473 44.7459 33.8
      vertex -51.1106 44.9477 33.8
    endloop
  endfacet
  facet normal -0.514084 0.85774 0
    outer loop
      vertex -51.4473 44.7459 33.8
      vertex -51.1106 44.9477 2.4
      vertex -51.4473 44.7459 2.4
    endloop
  endfacet
  facet normal -0.740908 0.671607 0
    outer loop
      vertex -52.317 43.9576 2.4
      vertex -52.0534 44.2484 33.8
      vertex -52.0534 44.2484 2.4
    endloop
  endfacet
  facet normal -0.740908 0.671607 0
    outer loop
      vertex -52.0534 44.2484 33.8
      vertex -52.317 43.9576 2.4
      vertex -52.317 43.9576 33.8
    endloop
  endfacet
  facet normal 0.998791 0.0491626 0
    outer loop
      vertex -45.225 41.42 33.8
      vertex -45.2443 41.8121 3.5
      vertex -45.2443 41.8121 33.8
    endloop
  endfacet
  facet normal 0.998791 0.0491626 0
    outer loop
      vertex -45.2443 41.8121 3.5
      vertex -45.225 41.42 33.8
      vertex -45.225 41.42 3.5
    endloop
  endfacet
  facet normal 0.0491626 -0.998791 0
    outer loop
      vertex -49.225 37.42 3.5
      vertex -48.8329 37.4393 33.8
      vertex -49.225 37.42 33.8
    endloop
  endfacet
  facet normal 0.0489413 -0.998802 2.87114e-06
    outer loop
      vertex -49.025 37.4298 3.5
      vertex -48.8329 37.4393 33.8
      vertex -49.225 37.42 3.5
    endloop
  endfacet
  facet normal 0.049393 -0.998779 0
    outer loop
      vertex -48.8329 37.4393 2.4
      vertex -49.025 37.4298 3.5
      vertex -49.025 37.4298 2.4
    endloop
  endfacet
  facet normal 0.049393 -0.998779 0
    outer loop
      vertex -49.025 37.4298 3.5
      vertex -48.8329 37.4393 2.4
      vertex -48.8329 37.4393 33.8
    endloop
  endfacet
  facet normal 0.970068 -0.242835 0
    outer loop
      vertex -45.3972 40.2589 33.8
      vertex -45.3019 40.6396 2.4
      vertex -45.3019 40.6396 33.8
    endloop
  endfacet
  facet normal 0.970068 -0.242835 0
    outer loop
      vertex -45.3019 40.6396 2.4
      vertex -45.3972 40.2589 33.8
      vertex -45.3972 40.2589 2.4
    endloop
  endfacet
  facet normal 0.146733 -0.989176 0
    outer loop
      vertex -48.8329 37.4393 2.4
      vertex -48.4446 37.4969 33.8
      vertex -48.8329 37.4393 33.8
    endloop
  endfacet
  facet normal 0.146733 -0.989176 0
    outer loop
      vertex -48.4446 37.4969 33.8
      vertex -48.8329 37.4393 2.4
      vertex -48.4446 37.4969 2.4
    endloop
  endfacet
  facet normal 0.242835 -0.970068 0
    outer loop
      vertex -48.4446 37.4969 2.4
      vertex -48.0639 37.5922 33.8
      vertex -48.4446 37.4969 33.8
    endloop
  endfacet
  facet normal 0.242835 -0.970068 0
    outer loop
      vertex -48.0639 37.5922 33.8
      vertex -48.4446 37.4969 2.4
      vertex -48.0639 37.5922 2.4
    endloop
  endfacet
  facet normal 0.42744 -0.904044 0
    outer loop
      vertex -47.6943 37.7245 2.4
      vertex -47.3394 37.8923 33.8
      vertex -47.6943 37.7245 33.8
    endloop
  endfacet
  facet normal 0.42744 -0.904044 0
    outer loop
      vertex -47.3394 37.8923 33.8
      vertex -47.6943 37.7245 2.4
      vertex -47.3394 37.8923 2.4
    endloop
  endfacet
  facet normal 0.904044 -0.42744 0
    outer loop
      vertex -45.6973 39.5344 33.8
      vertex -45.5295 39.8893 2.4
      vertex -45.5295 39.8893 33.8
    endloop
  endfacet
  facet normal 0.904044 -0.42744 0
    outer loop
      vertex -45.5295 39.8893 2.4
      vertex -45.6973 39.5344 33.8
      vertex -45.6973 39.5344 2.4
    endloop
  endfacet
  facet normal -0.0491626 -0.998791 0
    outer loop
      vertex -49.6171 37.4393 3.5
      vertex -49.225 37.42 33.8
      vertex -49.6171 37.4393 33.8
    endloop
  endfacet
  facet normal -0.0491626 -0.998791 -0
    outer loop
      vertex -49.225 37.42 33.8
      vertex -49.6171 37.4393 3.5
      vertex -49.225 37.42 3.5
    endloop
  endfacet
  facet normal -0.337014 -0.9415 7.5916e-07
    outer loop
      vertex -50.7557 37.7245 33.8
      vertex -50.425 37.6061 3.5
      vertex -50.3861 37.5922 33.8
    endloop
  endfacet
  facet normal -0.337076 -0.941478 0
    outer loop
      vertex -50.7557 37.7245 2.4
      vertex -50.425 37.6061 3.5
      vertex -50.7557 37.7245 33.8
    endloop
  endfacet
  facet normal -0.337076 -0.941478 -0
    outer loop
      vertex -50.425 37.6061 3.5
      vertex -50.7557 37.7245 2.4
      vertex -50.425 37.6061 2.4
    endloop
  endfacet
  facet normal -0.33649 -0.941687 -0
    outer loop
      vertex -50.3861 37.5922 33.8
      vertex -50.425 37.6061 3.5
      vertex -50.3861 37.5922 3.5
    endloop
  endfacet
  facet normal -0.514084 -0.85774 0
    outer loop
      vertex -51.4473 38.0941 2.4
      vertex -51.1106 37.8923 33.8
      vertex -51.4473 38.0941 33.8
    endloop
  endfacet
  facet normal -0.514084 -0.85774 -0
    outer loop
      vertex -51.1106 37.8923 33.8
      vertex -51.4473 38.0941 2.4
      vertex -51.1106 37.8923 2.4
    endloop
  endfacet
  facet normal -0.970068 -0.242835 0
    outer loop
      vertex -53.0528 40.2589 2.4
      vertex -53.1481 40.6396 33.8
      vertex -53.1481 40.6396 2.4
    endloop
  endfacet
  facet normal -0.970068 -0.242835 0
    outer loop
      vertex -53.1481 40.6396 33.8
      vertex -53.0528 40.2589 2.4
      vertex -53.0528 40.2589 33.8
    endloop
  endfacet
  facet normal -0.998791 -0.0491626 0
    outer loop
      vertex -53.2057 41.0279 2.4
      vertex -53.225 41.42 33.8
      vertex -53.225 41.42 2.4
    endloop
  endfacet
  facet normal -0.998791 -0.0491626 0
    outer loop
      vertex -53.225 41.42 33.8
      vertex -53.2057 41.0279 2.4
      vertex -53.2057 41.0279 33.8
    endloop
  endfacet
  facet normal -0.803137 -0.595794 0
    outer loop
      vertex -52.317 38.8824 2.4
      vertex -52.5509 39.1977 33.8
      vertex -52.5509 39.1977 2.4
    endloop
  endfacet
  facet normal -0.803137 -0.595794 0
    outer loop
      vertex -52.5509 39.1977 33.8
      vertex -52.317 38.8824 2.4
      vertex -52.317 38.8824 33.8
    endloop
  endfacet
  facet normal -0.904044 -0.42744 0
    outer loop
      vertex -52.7527 39.5344 2.4
      vertex -52.9205 39.8893 33.8
      vertex -52.9205 39.8893 2.4
    endloop
  endfacet
  facet normal -0.904044 -0.42744 0
    outer loop
      vertex -52.9205 39.8893 33.8
      vertex -52.7527 39.5344 2.4
      vertex -52.7527 39.5344 33.8
    endloop
  endfacet
  facet normal 0 0 1
    outer loop
      vertex -47.925 41.42 33.8
      vertex -45.225 41.42 33.8
      vertex -45.2443 41.8121 33.8
    endloop
  endfacet
  facet normal 0 0 1
    outer loop
      vertex -47.9313 41.5474 33.8
      vertex -45.2443 41.8121 33.8
      vertex -45.3019 42.2004 33.8
    endloop
  endfacet
  facet normal 0 0 1
    outer loop
      vertex -45.225 41.42 33.8
      vertex -47.925 41.42 33.8
      vertex -45.2443 41.0279 33.8
    endloop
  endfacet
  facet normal 0 0 1
    outer loop
      vertex -47.95 41.6736 33.8
      vertex -45.3019 42.2004 33.8
      vertex -45.3972 42.5811 33.8
    endloop
  endfacet
  facet normal -0 0 1
    outer loop
      vertex -47.9313 41.2926 33.8
      vertex -45.2443 41.0279 33.8
      vertex -47.925 41.42 33.8
    endloop
  endfacet
  facet normal 0 0 1
    outer loop
      vertex -47.981 41.7974 33.8
      vertex -45.3972 42.5811 33.8
      vertex -45.5295 42.9507 33.8
    endloop
  endfacet
  facet normal 0 0 1
    outer loop
      vertex -45.2443 41.0279 33.8
      vertex -47.9313 41.2926 33.8
      vertex -45.3019 40.6396 33.8
    endloop
  endfacet
  facet normal 0 0 1
    outer loop
      vertex -48.024 41.9175 33.8
      vertex -45.5295 42.9507 33.8
      vertex -45.6973 43.3056 33.8
    endloop
  endfacet
  facet normal -0 0 1
    outer loop
      vertex -47.95 41.1664 33.8
      vertex -45.3019 40.6396 33.8
      vertex -47.9313 41.2926 33.8
    endloop
  endfacet
  facet normal 0 0 1
    outer loop
      vertex -48.0785 42.0328 33.8
      vertex -45.6973 43.3056 33.8
      vertex -45.8991 43.6423 33.8
    endloop
  endfacet
  facet normal 0 0 1
    outer loop
      vertex -45.3019 40.6396 33.8
      vertex -47.95 41.1664 33.8
      vertex -45.3972 40.2589 33.8
    endloop
  endfacet
  facet normal 0 0 1
    outer loop
      vertex -48.1441 42.1422 33.8
      vertex -45.8991 43.6423 33.8
      vertex -46.133 43.9576 33.8
    endloop
  endfacet
  facet normal -0 0 1
    outer loop
      vertex -47.981 41.0426 33.8
      vertex -45.3972 40.2589 33.8
      vertex -47.95 41.1664 33.8
    endloop
  endfacet
  facet normal 0 0 1
    outer loop
      vertex -48.2201 42.2447 33.8
      vertex -46.133 43.9576 33.8
      vertex -46.3966 44.2484 33.8
    endloop
  endfacet
  facet normal 0 0 1
    outer loop
      vertex -45.3972 40.2589 33.8
      vertex -47.981 41.0426 33.8
      vertex -45.5295 39.8893 33.8
    endloop
  endfacet
  facet normal 0 0 1
    outer loop
      vertex -48.3058 42.3392 33.8
      vertex -46.3966 44.2484 33.8
      vertex -46.6874 44.512 33.8
    endloop
  endfacet
  facet normal -0 0 1
    outer loop
      vertex -48.024 40.9225 33.8
      vertex -45.5295 39.8893 33.8
      vertex -47.981 41.0426 33.8
    endloop
  endfacet
  facet normal 0 0 1
    outer loop
      vertex -48.4003 42.4249 33.8
      vertex -46.6874 44.512 33.8
      vertex -47.0027 44.7459 33.8
    endloop
  endfacet
  facet normal 0 0 1
    outer loop
      vertex -45.5295 39.8893 33.8
      vertex -48.024 40.9225 33.8
      vertex -45.6973 39.5344 33.8
    endloop
  endfacet
  facet normal 0 0 1
    outer loop
      vertex -48.5028 42.5009 33.8
      vertex -47.0027 44.7459 33.8
      vertex -47.3394 44.9477 33.8
    endloop
  endfacet
  facet normal -0 0 1
    outer loop
      vertex -48.0785 40.8072 33.8
      vertex -45.6973 39.5344 33.8
      vertex -48.024 40.9225 33.8
    endloop
  endfacet
  facet normal 0 0 1
    outer loop
      vertex -48.6122 42.5665 33.8
      vertex -47.3394 44.9477 33.8
      vertex -47.6943 45.1155 33.8
    endloop
  endfacet
  facet normal 0 0 1
    outer loop
      vertex -45.6973 39.5344 33.8
      vertex -48.0785 40.8072 33.8
      vertex -45.8991 39.1977 33.8
    endloop
  endfacet
  facet normal -0 0 1
    outer loop
      vertex -48.1441 40.6978 33.8
      vertex -45.8991 39.1977 33.8
      vertex -48.0785 40.8072 33.8
    endloop
  endfacet
  facet normal 0 0 1
    outer loop
      vertex -45.2443 41.8121 33.8
      vertex -47.9313 41.5474 33.8
      vertex -47.925 41.42 33.8
    endloop
  endfacet
  facet normal 0 0 1
    outer loop
      vertex -45.3019 42.2004 33.8
      vertex -47.95 41.6736 33.8
      vertex -47.9313 41.5474 33.8
    endloop
  endfacet
  facet normal 0 0 1
    outer loop
      vertex -45.3972 42.5811 33.8
      vertex -47.981 41.7974 33.8
      vertex -47.95 41.6736 33.8
    endloop
  endfacet
  facet normal 0 0 1
    outer loop
      vertex -45.5295 42.9507 33.8
      vertex -48.024 41.9175 33.8
      vertex -47.981 41.7974 33.8
    endloop
  endfacet
  facet normal 0 0 1
    outer loop
      vertex -48.7275 42.621 33.8
      vertex -47.6943 45.1155 33.8
      vertex -48.0639 45.2478 33.8
    endloop
  endfacet
  facet normal 0 0 1
    outer loop
      vertex -45.6973 43.3056 33.8
      vertex -48.0785 42.0328 33.8
      vertex -48.024 41.9175 33.8
    endloop
  endfacet
  facet normal 0 0 1
    outer loop
      vertex -45.8991 43.6423 33.8
      vertex -48.1441 42.1422 33.8
      vertex -48.0785 42.0328 33.8
    endloop
  endfacet
  facet normal 0 0 1
    outer loop
      vertex -46.133 43.9576 33.8
      vertex -48.2201 42.2447 33.8
      vertex -48.1441 42.1422 33.8
    endloop
  endfacet
  facet normal 0 0 1
    outer loop
      vertex -46.3966 44.2484 33.8
      vertex -48.3058 42.3392 33.8
      vertex -48.2201 42.2447 33.8
    endloop
  endfacet
  facet normal 0 0 1
    outer loop
      vertex -46.6874 44.512 33.8
      vertex -48.4003 42.4249 33.8
      vertex -48.3058 42.3392 33.8
    endloop
  endfacet
  facet normal 0 0 1
    outer loop
      vertex -48.8476 42.664 33.8
      vertex -48.0639 45.2478 33.8
      vertex -48.4446 45.3431 33.8
    endloop
  endfacet
  facet normal 0 0 1
    outer loop
      vertex -47.0027 44.7459 33.8
      vertex -48.5028 42.5009 33.8
      vertex -48.4003 42.4249 33.8
    endloop
  endfacet
  facet normal 0 0 1
    outer loop
      vertex -47.3394 44.9477 33.8
      vertex -48.6122 42.5665 33.8
      vertex -48.5028 42.5009 33.8
    endloop
  endfacet
  facet normal 0 0 1
    outer loop
      vertex -47.6943 45.1155 33.8
      vertex -48.7275 42.621 33.8
      vertex -48.6122 42.5665 33.8
    endloop
  endfacet
  facet normal 0 0 1
    outer loop
      vertex -48.9714 42.695 33.8
      vertex -48.4446 45.3431 33.8
      vertex -48.8329 45.4007 33.8
    endloop
  endfacet
  facet normal 0 0 1
    outer loop
      vertex -48.0639 45.2478 33.8
      vertex -48.8476 42.664 33.8
      vertex -48.7275 42.621 33.8
    endloop
  endfacet
  facet normal 0 0 1
    outer loop
      vertex -48.4446 45.3431 33.8
      vertex -48.9714 42.695 33.8
      vertex -48.8476 42.664 33.8
    endloop
  endfacet
  facet normal 0 0 1
    outer loop
      vertex -48.8329 45.4007 33.8
      vertex -49.0976 42.7137 33.8
      vertex -48.9714 42.695 33.8
    endloop
  endfacet
  facet normal 0 0 1
    outer loop
      vertex -49.225 45.42 33.8
      vertex -49.0976 42.7137 33.8
      vertex -48.8329 45.4007 33.8
    endloop
  endfacet
  facet normal 0 0 1
    outer loop
      vertex -49.225 45.42 33.8
      vertex -49.225 42.72 33.8
      vertex -49.0976 42.7137 33.8
    endloop
  endfacet
  facet normal 0 0 1
    outer loop
      vertex -49.225 45.42 33.8
      vertex -49.3524 42.7137 33.8
      vertex -49.225 42.72 33.8
    endloop
  endfacet
  facet normal -0 0 1
    outer loop
      vertex -49.6171 45.4007 33.8
      vertex -49.3524 42.7137 33.8
      vertex -49.225 45.42 33.8
    endloop
  endfacet
  facet normal 0 0 1
    outer loop
      vertex -49.3524 42.7137 33.8
      vertex -49.6171 45.4007 33.8
      vertex -49.4786 42.695 33.8
    endloop
  endfacet
  facet normal -0 0 1
    outer loop
      vertex -50.0054 45.3431 33.8
      vertex -49.4786 42.695 33.8
      vertex -49.6171 45.4007 33.8
    endloop
  endfacet
  facet normal 0 0 1
    outer loop
      vertex -49.4786 42.695 33.8
      vertex -50.0054 45.3431 33.8
      vertex -49.6024 42.664 33.8
    endloop
  endfacet
  facet normal -0 0 1
    outer loop
      vertex -50.3861 45.2478 33.8
      vertex -49.6024 42.664 33.8
      vertex -50.0054 45.3431 33.8
    endloop
  endfacet
  facet normal 0 0 1
    outer loop
      vertex -49.6024 42.664 33.8
      vertex -50.3861 45.2478 33.8
      vertex -49.7225 42.621 33.8
    endloop
  endfacet
  facet normal -0 0 1
    outer loop
      vertex -50.7557 45.1155 33.8
      vertex -49.7225 42.621 33.8
      vertex -50.3861 45.2478 33.8
    endloop
  endfacet
  facet normal 0 0 1
    outer loop
      vertex -49.7225 42.621 33.8
      vertex -50.7557 45.1155 33.8
      vertex -49.8378 42.5665 33.8
    endloop
  endfacet
  facet normal -0 0 1
    outer loop
      vertex -51.1106 44.9477 33.8
      vertex -49.8378 42.5665 33.8
      vertex -50.7557 45.1155 33.8
    endloop
  endfacet
  facet normal 0 0 1
    outer loop
      vertex -49.8378 42.5665 33.8
      vertex -51.1106 44.9477 33.8
      vertex -49.9472 42.5009 33.8
    endloop
  endfacet
  facet normal -0 0 1
    outer loop
      vertex -51.4473 44.7459 33.8
      vertex -49.9472 42.5009 33.8
      vertex -51.1106 44.9477 33.8
    endloop
  endfacet
  facet normal 0 0 1
    outer loop
      vertex -49.9472 42.5009 33.8
      vertex -51.4473 44.7459 33.8
      vertex -50.0497 42.4249 33.8
    endloop
  endfacet
  facet normal -0 0 1
    outer loop
      vertex -51.7626 44.512 33.8
      vertex -50.0497 42.4249 33.8
      vertex -51.4473 44.7459 33.8
    endloop
  endfacet
  facet normal 0 0 1
    outer loop
      vertex -50.0497 42.4249 33.8
      vertex -51.7626 44.512 33.8
      vertex -50.1442 42.3392 33.8
    endloop
  endfacet
  facet normal -0 0 1
    outer loop
      vertex -52.0534 44.2484 33.8
      vertex -50.1442 42.3392 33.8
      vertex -51.7626 44.512 33.8
    endloop
  endfacet
  facet normal 0 0 1
    outer loop
      vertex -50.1442 42.3392 33.8
      vertex -52.0534 44.2484 33.8
      vertex -50.2299 42.2447 33.8
    endloop
  endfacet
  facet normal -0 0 1
    outer loop
      vertex -52.317 43.9576 33.8
      vertex -50.2299 42.2447 33.8
      vertex -52.0534 44.2484 33.8
    endloop
  endfacet
  facet normal 0 0 1
    outer loop
      vertex -50.2299 42.2447 33.8
      vertex -52.317 43.9576 33.8
      vertex -50.3059 42.1422 33.8
    endloop
  endfacet
  facet normal -0 0 1
    outer loop
      vertex -52.5509 43.6423 33.8
      vertex -50.3059 42.1422 33.8
      vertex -52.317 43.9576 33.8
    endloop
  endfacet
  facet normal 0 0 1
    outer loop
      vertex -45.8991 39.1977 33.8
      vertex -48.1441 40.6978 33.8
      vertex -46.133 38.8824 33.8
    endloop
  endfacet
  facet normal -0 0 1
    outer loop
      vertex -48.2201 40.5953 33.8
      vertex -46.133 38.8824 33.8
      vertex -48.1441 40.6978 33.8
    endloop
  endfacet
  facet normal 0 0 1
    outer loop
      vertex -46.133 38.8824 33.8
      vertex -48.2201 40.5953 33.8
      vertex -46.3966 38.5916 33.8
    endloop
  endfacet
  facet normal -0 0 1
    outer loop
      vertex -48.3058 40.5008 33.8
      vertex -46.3966 38.5916 33.8
      vertex -48.2201 40.5953 33.8
    endloop
  endfacet
  facet normal 0 0 1
    outer loop
      vertex -46.3966 38.5916 33.8
      vertex -48.3058 40.5008 33.8
      vertex -46.6874 38.328 33.8
    endloop
  endfacet
  facet normal -0 0 1
    outer loop
      vertex -48.4003 40.4151 33.8
      vertex -46.6874 38.328 33.8
      vertex -48.3058 40.5008 33.8
    endloop
  endfacet
  facet normal 0 0 1
    outer loop
      vertex -46.6874 38.328 33.8
      vertex -48.4003 40.4151 33.8
      vertex -47.0027 38.0941 33.8
    endloop
  endfacet
  facet normal -0 0 1
    outer loop
      vertex -48.5028 40.3391 33.8
      vertex -47.0027 38.0941 33.8
      vertex -48.4003 40.4151 33.8
    endloop
  endfacet
  facet normal 0 0 1
    outer loop
      vertex -47.0027 38.0941 33.8
      vertex -48.5028 40.3391 33.8
      vertex -47.3394 37.8923 33.8
    endloop
  endfacet
  facet normal -0 0 1
    outer loop
      vertex -48.6122 40.2735 33.8
      vertex -47.3394 37.8923 33.8
      vertex -48.5028 40.3391 33.8
    endloop
  endfacet
  facet normal 0 0 1
    outer loop
      vertex -47.3394 37.8923 33.8
      vertex -48.6122 40.2735 33.8
      vertex -47.6943 37.7245 33.8
    endloop
  endfacet
  facet normal -0 0 1
    outer loop
      vertex -48.7275 40.219 33.8
      vertex -47.6943 37.7245 33.8
      vertex -48.6122 40.2735 33.8
    endloop
  endfacet
  facet normal 0 0 1
    outer loop
      vertex -47.6943 37.7245 33.8
      vertex -48.7275 40.219 33.8
      vertex -48.0639 37.5922 33.8
    endloop
  endfacet
  facet normal -0 0 1
    outer loop
      vertex -48.8476 40.176 33.8
      vertex -48.0639 37.5922 33.8
      vertex -48.7275 40.219 33.8
    endloop
  endfacet
  facet normal 0 0 1
    outer loop
      vertex -48.0639 37.5922 33.8
      vertex -48.8476 40.176 33.8
      vertex -48.4446 37.4969 33.8
    endloop
  endfacet
  facet normal -0 0 1
    outer loop
      vertex -48.9714 40.145 33.8
      vertex -48.4446 37.4969 33.8
      vertex -48.8476 40.176 33.8
    endloop
  endfacet
  facet normal 0 0 1
    outer loop
      vertex -48.4446 37.4969 33.8
      vertex -48.9714 40.145 33.8
      vertex -48.8329 37.4393 33.8
    endloop
  endfacet
  facet normal -0 0 1
    outer loop
      vertex -49.0976 40.1263 33.8
      vertex -48.8329 37.4393 33.8
      vertex -48.9714 40.145 33.8
    endloop
  endfacet
  facet normal -0 0 1
    outer loop
      vertex -49.225 40.12 33.8
      vertex -48.8329 37.4393 33.8
      vertex -49.0976 40.1263 33.8
    endloop
  endfacet
  facet normal 0 0 1
    outer loop
      vertex -49.225 40.12 33.8
      vertex -49.225 37.42 33.8
      vertex -48.8329 37.4393 33.8
    endloop
  endfacet
  facet normal 0 0 1
    outer loop
      vertex -49.3524 40.1263 33.8
      vertex -49.225 37.42 33.8
      vertex -49.225 40.12 33.8
    endloop
  endfacet
  facet normal 0 0 1
    outer loop
      vertex -49.6171 37.4393 33.8
      vertex -49.3524 40.1263 33.8
      vertex -49.4786 40.145 33.8
    endloop
  endfacet
  facet normal 0 0 1
    outer loop
      vertex -50.0054 37.4969 33.8
      vertex -49.4786 40.145 33.8
      vertex -49.6024 40.176 33.8
    endloop
  endfacet
  facet normal 0 0 1
    outer loop
      vertex -49.3524 40.1263 33.8
      vertex -49.6171 37.4393 33.8
      vertex -49.225 37.42 33.8
    endloop
  endfacet
  facet normal 0 0 1
    outer loop
      vertex -50.3861 37.5922 33.8
      vertex -49.6024 40.176 33.8
      vertex -49.7225 40.219 33.8
    endloop
  endfacet
  facet normal 0 0 1
    outer loop
      vertex -50.7557 37.7245 33.8
      vertex -49.7225 40.219 33.8
      vertex -49.8378 40.2735 33.8
    endloop
  endfacet
  facet normal 0 0 1
    outer loop
      vertex -51.1106 37.8923 33.8
      vertex -49.8378 40.2735 33.8
      vertex -49.9472 40.3391 33.8
    endloop
  endfacet
  facet normal 0 0 1
    outer loop
      vertex -49.4786 40.145 33.8
      vertex -50.0054 37.4969 33.8
      vertex -49.6171 37.4393 33.8
    endloop
  endfacet
  facet normal 0 0 1
    outer loop
      vertex -51.4473 38.0941 33.8
      vertex -49.9472 40.3391 33.8
      vertex -50.0497 40.4151 33.8
    endloop
  endfacet
  facet normal 0 0 1
    outer loop
      vertex -51.7626 38.328 33.8
      vertex -50.0497 40.4151 33.8
      vertex -50.1442 40.5008 33.8
    endloop
  endfacet
  facet normal 0 0 1
    outer loop
      vertex -52.0534 38.5916 33.8
      vertex -50.1442 40.5008 33.8
      vertex -50.2299 40.5953 33.8
    endloop
  endfacet
  facet normal 0 0 1
    outer loop
      vertex -52.317 38.8824 33.8
      vertex -50.2299 40.5953 33.8
      vertex -50.3059 40.6978 33.8
    endloop
  endfacet
  facet normal 0 0 1
    outer loop
      vertex -52.5509 39.1977 33.8
      vertex -50.3059 40.6978 33.8
      vertex -50.3715 40.8072 33.8
    endloop
  endfacet
  facet normal 0 0 1
    outer loop
      vertex -49.6024 40.176 33.8
      vertex -50.3861 37.5922 33.8
      vertex -50.0054 37.4969 33.8
    endloop
  endfacet
  facet normal 0 0 1
    outer loop
      vertex -52.7527 39.5344 33.8
      vertex -50.3715 40.8072 33.8
      vertex -50.426 40.9225 33.8
    endloop
  endfacet
  facet normal 0 0 1
    outer loop
      vertex -52.9205 39.8893 33.8
      vertex -50.426 40.9225 33.8
      vertex -50.469 41.0426 33.8
    endloop
  endfacet
  facet normal 0 0 1
    outer loop
      vertex -53.0528 40.2589 33.8
      vertex -50.469 41.0426 33.8
      vertex -50.5 41.1664 33.8
    endloop
  endfacet
  facet normal 0 0 1
    outer loop
      vertex -53.1481 40.6396 33.8
      vertex -50.5 41.1664 33.8
      vertex -50.5187 41.2926 33.8
    endloop
  endfacet
  facet normal 0 0 1
    outer loop
      vertex -53.2057 41.0279 33.8
      vertex -50.5187 41.2926 33.8
      vertex -50.525 41.42 33.8
    endloop
  endfacet
  facet normal 0 0 1
    outer loop
      vertex -50.3059 42.1422 33.8
      vertex -52.5509 43.6423 33.8
      vertex -50.3715 42.0328 33.8
    endloop
  endfacet
  facet normal 0 0 1
    outer loop
      vertex -49.7225 40.219 33.8
      vertex -50.7557 37.7245 33.8
      vertex -50.3861 37.5922 33.8
    endloop
  endfacet
  facet normal -0 0 1
    outer loop
      vertex -52.7527 43.3056 33.8
      vertex -50.3715 42.0328 33.8
      vertex -52.5509 43.6423 33.8
    endloop
  endfacet
  facet normal 0 0 1
    outer loop
      vertex -49.8378 40.2735 33.8
      vertex -51.1106 37.8923 33.8
      vertex -50.7557 37.7245 33.8
    endloop
  endfacet
  facet normal 0 0 1
    outer loop
      vertex -50.3715 42.0328 33.8
      vertex -52.7527 43.3056 33.8
      vertex -50.426 41.9175 33.8
    endloop
  endfacet
  facet normal 0 0 1
    outer loop
      vertex -49.9472 40.3391 33.8
      vertex -51.4473 38.0941 33.8
      vertex -51.1106 37.8923 33.8
    endloop
  endfacet
  facet normal -0 0 1
    outer loop
      vertex -52.9205 42.9507 33.8
      vertex -50.426 41.9175 33.8
      vertex -52.7527 43.3056 33.8
    endloop
  endfacet
  facet normal 0 0 1
    outer loop
      vertex -50.0497 40.4151 33.8
      vertex -51.7626 38.328 33.8
      vertex -51.4473 38.0941 33.8
    endloop
  endfacet
  facet normal 0 0 1
    outer loop
      vertex -50.426 41.9175 33.8
      vertex -52.9205 42.9507 33.8
      vertex -50.469 41.7974 33.8
    endloop
  endfacet
  facet normal 0 0 1
    outer loop
      vertex -50.1442 40.5008 33.8
      vertex -52.0534 38.5916 33.8
      vertex -51.7626 38.328 33.8
    endloop
  endfacet
  facet normal -0 0 1
    outer loop
      vertex -53.0528 42.5811 33.8
      vertex -50.469 41.7974 33.8
      vertex -52.9205 42.9507 33.8
    endloop
  endfacet
  facet normal 0 0 1
    outer loop
      vertex -50.2299 40.5953 33.8
      vertex -52.317 38.8824 33.8
      vertex -52.0534 38.5916 33.8
    endloop
  endfacet
  facet normal 0 0 1
    outer loop
      vertex -50.469 41.7974 33.8
      vertex -53.0528 42.5811 33.8
      vertex -50.5 41.6736 33.8
    endloop
  endfacet
  facet normal 0 0 1
    outer loop
      vertex -50.3059 40.6978 33.8
      vertex -52.5509 39.1977 33.8
      vertex -52.317 38.8824 33.8
    endloop
  endfacet
  facet normal -0 0 1
    outer loop
      vertex -53.1481 42.2004 33.8
      vertex -50.5 41.6736 33.8
      vertex -53.0528 42.5811 33.8
    endloop
  endfacet
  facet normal 0 0 1
    outer loop
      vertex -50.3715 40.8072 33.8
      vertex -52.7527 39.5344 33.8
      vertex -52.5509 39.1977 33.8
    endloop
  endfacet
  facet normal 0 0 1
    outer loop
      vertex -50.5 41.6736 33.8
      vertex -53.1481 42.2004 33.8
      vertex -50.5187 41.5474 33.8
    endloop
  endfacet
  facet normal 0 0 1
    outer loop
      vertex -50.426 40.9225 33.8
      vertex -52.9205 39.8893 33.8
      vertex -52.7527 39.5344 33.8
    endloop
  endfacet
  facet normal -0 0 1
    outer loop
      vertex -53.2057 41.8121 33.8
      vertex -50.5187 41.5474 33.8
      vertex -53.1481 42.2004 33.8
    endloop
  endfacet
  facet normal 0 0 1
    outer loop
      vertex -50.469 41.0426 33.8
      vertex -53.0528 40.2589 33.8
      vertex -52.9205 39.8893 33.8
    endloop
  endfacet
  facet normal 0 0 1
    outer loop
      vertex -50.5187 41.5474 33.8
      vertex -53.2057 41.8121 33.8
      vertex -50.525 41.42 33.8
    endloop
  endfacet
  facet normal 0 0 1
    outer loop
      vertex -50.5 41.1664 33.8
      vertex -53.1481 40.6396 33.8
      vertex -53.0528 40.2589 33.8
    endloop
  endfacet
  facet normal 0 0 1
    outer loop
      vertex -53.225 41.42 33.8
      vertex -50.525 41.42 33.8
      vertex -53.2057 41.8121 33.8
    endloop
  endfacet
  facet normal 0 0 1
    outer loop
      vertex -50.5187 41.2926 33.8
      vertex -53.2057 41.0279 33.8
      vertex -53.1481 40.6396 33.8
    endloop
  endfacet
  facet normal 0 0 1
    outer loop
      vertex -50.525 41.42 33.8
      vertex -53.225 41.42 33.8
      vertex -53.2057 41.0279 33.8
    endloop
  endfacet
  facet normal 0.989176 -0.146733 0
    outer loop
      vertex -45.3019 40.6396 33.8
      vertex -45.2443 41.0279 2.4
      vertex -45.2443 41.0279 33.8
    endloop
  endfacet
  facet normal 0.989176 -0.146733 0
    outer loop
      vertex -45.2443 41.0279 2.4
      vertex -45.3019 40.6396 33.8
      vertex -45.3019 40.6396 2.4
    endloop
  endfacet
  facet normal 0.337014 -0.9415 0
    outer loop
      vertex -48.0639 37.5922 2.4
      vertex -47.6943 37.7245 33.8
      vertex -48.0639 37.5922 33.8
    endloop
  endfacet
  facet normal 0.337014 -0.9415 0
    outer loop
      vertex -47.6943 37.7245 33.8
      vertex -48.0639 37.5922 2.4
      vertex -47.6943 37.7245 2.4
    endloop
  endfacet
  facet normal 0.595794 -0.803137 0
    outer loop
      vertex -47.0027 38.0941 2.4
      vertex -46.6874 38.328 33.8
      vertex -47.0027 38.0941 33.8
    endloop
  endfacet
  facet normal 0.595794 -0.803137 0
    outer loop
      vertex -46.6874 38.328 33.8
      vertex -47.0027 38.0941 2.4
      vertex -46.6874 38.328 2.4
    endloop
  endfacet
  facet normal 0.740908 -0.671607 0
    outer loop
      vertex -46.3966 38.5916 33.8
      vertex -46.133 38.8824 2.4
      vertex -46.133 38.8824 33.8
    endloop
  endfacet
  facet normal 0.740908 -0.671607 0
    outer loop
      vertex -46.133 38.8824 2.4
      vertex -46.3966 38.5916 33.8
      vertex -46.3966 38.5916 2.4
    endloop
  endfacet
  facet normal 0.514084 -0.85774 0
    outer loop
      vertex -47.3394 37.8923 2.4
      vertex -47.0027 38.0941 33.8
      vertex -47.3394 37.8923 33.8
    endloop
  endfacet
  facet normal 0.514084 -0.85774 0
    outer loop
      vertex -47.0027 38.0941 33.8
      vertex -47.3394 37.8923 2.4
      vertex -47.0027 38.0941 2.4
    endloop
  endfacet
  facet normal 0.9415 -0.337014 0
    outer loop
      vertex -45.5295 39.8893 33.8
      vertex -45.3972 40.2589 2.4
      vertex -45.3972 40.2589 33.8
    endloop
  endfacet
  facet normal 0.9415 -0.337014 0
    outer loop
      vertex -45.3972 40.2589 2.4
      vertex -45.5295 39.8893 33.8
      vertex -45.5295 39.8893 2.4
    endloop
  endfacet
  facet normal 0.85774 -0.514084 0
    outer loop
      vertex -45.8991 39.1977 33.8
      vertex -45.6973 39.5344 2.4
      vertex -45.6973 39.5344 33.8
    endloop
  endfacet
  facet normal 0.85774 -0.514084 0
    outer loop
      vertex -45.6973 39.5344 2.4
      vertex -45.8991 39.1977 33.8
      vertex -45.8991 39.1977 2.4
    endloop
  endfacet
  facet normal -0.242835 -0.970068 0
    outer loop
      vertex -50.3861 37.5922 3.5
      vertex -50.0054 37.4969 33.8
      vertex -50.3861 37.5922 33.8
    endloop
  endfacet
  facet normal -0.242835 -0.970068 -0
    outer loop
      vertex -50.0054 37.4969 33.8
      vertex -50.3861 37.5922 3.5
      vertex -50.0054 37.4969 3.5
    endloop
  endfacet
  facet normal -0.595794 -0.803137 0
    outer loop
      vertex -51.7626 38.328 2.4
      vertex -51.4473 38.0941 33.8
      vertex -51.7626 38.328 33.8
    endloop
  endfacet
  facet normal -0.595794 -0.803137 -0
    outer loop
      vertex -51.4473 38.0941 33.8
      vertex -51.7626 38.328 2.4
      vertex -51.4473 38.0941 2.4
    endloop
  endfacet
  facet normal -0.9415 -0.337014 0
    outer loop
      vertex -52.9205 39.8893 2.4
      vertex -53.0528 40.2589 33.8
      vertex -53.0528 40.2589 2.4
    endloop
  endfacet
  facet normal -0.9415 -0.337014 0
    outer loop
      vertex -53.0528 40.2589 33.8
      vertex -52.9205 39.8893 2.4
      vertex -52.9205 39.8893 33.8
    endloop
  endfacet
  facet normal -0.989176 -0.146733 0
    outer loop
      vertex -53.1481 40.6396 2.4
      vertex -53.2057 41.0279 33.8
      vertex -53.2057 41.0279 2.4
    endloop
  endfacet
  facet normal -0.989176 -0.146733 0
    outer loop
      vertex -53.2057 41.0279 33.8
      vertex -53.1481 40.6396 2.4
      vertex -53.1481 40.6396 33.8
    endloop
  endfacet
  facet normal -0.85774 -0.514084 0
    outer loop
      vertex -52.5509 39.1977 2.4
      vertex -52.7527 39.5344 33.8
      vertex -52.7527 39.5344 2.4
    endloop
  endfacet
  facet normal -0.85774 -0.514084 0
    outer loop
      vertex -52.7527 39.5344 33.8
      vertex -52.5509 39.1977 2.4
      vertex -52.5509 39.1977 33.8
    endloop
  endfacet
  facet normal -0.740908 -0.671607 0
    outer loop
      vertex -52.0534 38.5916 2.4
      vertex -52.317 38.8824 33.8
      vertex -52.317 38.8824 2.4
    endloop
  endfacet
  facet normal -0.740908 -0.671607 0
    outer loop
      vertex -52.317 38.8824 33.8
      vertex -52.0534 38.5916 2.4
      vertex -52.0534 38.5916 33.8
    endloop
  endfacet
  facet normal 0.671607 -0.740908 0
    outer loop
      vertex -46.6874 38.328 2.4
      vertex -46.3966 38.5916 33.8
      vertex -46.6874 38.328 33.8
    endloop
  endfacet
  facet normal 0.671607 -0.740908 0
    outer loop
      vertex -46.3966 38.5916 33.8
      vertex -46.6874 38.328 2.4
      vertex -46.3966 38.5916 2.4
    endloop
  endfacet
  facet normal 0.970068 0.242835 0
    outer loop
      vertex 53.1481 -40.6396 33.8
      vertex 53.0528 -40.2589 2.4
      vertex 53.0528 -40.2589 33.8
    endloop
  endfacet
  facet normal 0.970068 0.242835 0
    outer loop
      vertex 53.0528 -40.2589 2.4
      vertex 53.1481 -40.6396 33.8
      vertex 53.1481 -40.6396 2.4
    endloop
  endfacet
  facet normal 0.998791 0.0491626 0
    outer loop
      vertex 53.225 -41.42 33.8
      vertex 53.2057 -41.0279 2.4
      vertex 53.2057 -41.0279 33.8
    endloop
  endfacet
  facet normal 0.998791 0.0491626 0
    outer loop
      vertex 53.2057 -41.0279 2.4
      vertex 53.225 -41.42 33.8
      vertex 53.225 -41.42 2.4
    endloop
  endfacet
  facet normal -0.0491626 0.998791 0
    outer loop
      vertex 49.225 -37.42 3.5
      vertex 48.8329 -37.4393 33.8
      vertex 49.225 -37.42 33.8
    endloop
  endfacet
  facet normal -0.0489413 0.998802 2.87114e-06
    outer loop
      vertex 49.025 -37.4298 3.5
      vertex 48.8329 -37.4393 33.8
      vertex 49.225 -37.42 3.5
    endloop
  endfacet
  facet normal -0.049393 0.998779 0
    outer loop
      vertex 48.8329 -37.4393 2.4
      vertex 49.025 -37.4298 3.5
      vertex 49.025 -37.4298 2.4
    endloop
  endfacet
  facet normal -0.049393 0.998779 0
    outer loop
      vertex 49.025 -37.4298 3.5
      vertex 48.8329 -37.4393 2.4
      vertex 48.8329 -37.4393 33.8
    endloop
  endfacet
  facet normal 0.671607 0.740908 -0
    outer loop
      vertex 52.0534 -38.5916 2.4
      vertex 51.7626 -38.328 33.8
      vertex 52.0534 -38.5916 33.8
    endloop
  endfacet
  facet normal 0.671607 0.740908 0
    outer loop
      vertex 51.7626 -38.328 33.8
      vertex 52.0534 -38.5916 2.4
      vertex 51.7626 -38.328 2.4
    endloop
  endfacet
  facet normal -0.740908 0.671607 0
    outer loop
      vertex 46.133 -38.8824 2.4
      vertex 46.3966 -38.5916 33.8
      vertex 46.3966 -38.5916 2.4
    endloop
  endfacet
  facet normal -0.740908 0.671607 0
    outer loop
      vertex 46.3966 -38.5916 33.8
      vertex 46.133 -38.8824 2.4
      vertex 46.133 -38.8824 33.8
    endloop
  endfacet
  facet normal -0.42744 0.904044 0
    outer loop
      vertex 47.6943 -37.7245 2.4
      vertex 47.3394 -37.8923 33.8
      vertex 47.6943 -37.7245 33.8
    endloop
  endfacet
  facet normal -0.42744 0.904044 0
    outer loop
      vertex 47.3394 -37.8923 33.8
      vertex 47.6943 -37.7245 2.4
      vertex 47.3394 -37.8923 2.4
    endloop
  endfacet
  facet normal -0.740908 -0.671607 0
    outer loop
      vertex 46.3966 -44.2484 2.4
      vertex 46.133 -43.9576 33.8
      vertex 46.133 -43.9576 2.4
    endloop
  endfacet
  facet normal -0.740908 -0.671607 0
    outer loop
      vertex 46.133 -43.9576 33.8
      vertex 46.3966 -44.2484 2.4
      vertex 46.3966 -44.2484 33.8
    endloop
  endfacet
  facet normal 0.9415 0.337014 0
    outer loop
      vertex 53.0528 -40.2589 33.8
      vertex 52.9205 -39.8893 2.4
      vertex 52.9205 -39.8893 33.8
    endloop
  endfacet
  facet normal 0.9415 0.337014 0
    outer loop
      vertex 52.9205 -39.8893 2.4
      vertex 53.0528 -40.2589 33.8
      vertex 53.0528 -40.2589 2.4
    endloop
  endfacet
  facet normal 0.337014 0.9415 7.5916e-07
    outer loop
      vertex 50.7557 -37.7245 33.8
      vertex 50.425 -37.6061 3.5
      vertex 50.3861 -37.5922 33.8
    endloop
  endfacet
  facet normal 0.337076 0.941478 -0
    outer loop
      vertex 50.7557 -37.7245 2.4
      vertex 50.425 -37.6061 3.5
      vertex 50.7557 -37.7245 33.8
    endloop
  endfacet
  facet normal 0.337076 0.941478 0
    outer loop
      vertex 50.425 -37.6061 3.5
      vertex 50.7557 -37.7245 2.4
      vertex 50.425 -37.6061 2.4
    endloop
  endfacet
  facet normal 0.33649 0.941687 0
    outer loop
      vertex 50.3861 -37.5922 33.8
      vertex 50.425 -37.6061 3.5
      vertex 50.3861 -37.5922 3.5
    endloop
  endfacet
  facet normal -0.904044 0.42744 0
    outer loop
      vertex 45.5295 -39.8893 2.4
      vertex 45.6973 -39.5344 33.8
      vertex 45.6973 -39.5344 2.4
    endloop
  endfacet
  facet normal -0.904044 0.42744 0
    outer loop
      vertex 45.6973 -39.5344 33.8
      vertex 45.5295 -39.8893 2.4
      vertex 45.5295 -39.8893 33.8
    endloop
  endfacet
  facet normal -0.85774 0.514084 0
    outer loop
      vertex 45.6973 -39.5344 2.4
      vertex 45.8991 -39.1977 33.8
      vertex 45.8991 -39.1977 2.4
    endloop
  endfacet
  facet normal -0.85774 0.514084 0
    outer loop
      vertex 45.8991 -39.1977 33.8
      vertex 45.6973 -39.5344 2.4
      vertex 45.6973 -39.5344 33.8
    endloop
  endfacet
  facet normal -0.998791 -0.0491626 0
    outer loop
      vertex 45.2443 -41.8121 3.5
      vertex 45.225 -41.42 33.8
      vertex 45.225 -41.42 3.5
    endloop
  endfacet
  facet normal -0.998791 -0.0491626 0
    outer loop
      vertex 45.225 -41.42 33.8
      vertex 45.2443 -41.8121 3.5
      vertex 45.2443 -41.8121 33.8
    endloop
  endfacet
  facet normal 0.904044 -0.42744 0
    outer loop
      vertex 52.7527 -43.3056 33.8
      vertex 52.9205 -42.9507 2.4
      vertex 52.9205 -42.9507 33.8
    endloop
  endfacet
  facet normal 0.904044 -0.42744 0
    outer loop
      vertex 52.9205 -42.9507 2.4
      vertex 52.7527 -43.3056 33.8
      vertex 52.7527 -43.3056 2.4
    endloop
  endfacet
  facet normal 0.337014 -0.9415 0
    outer loop
      vertex 50.3861 -45.2478 2.4
      vertex 50.7557 -45.1155 33.8
      vertex 50.3861 -45.2478 33.8
    endloop
  endfacet
  facet normal 0.337014 -0.9415 0
    outer loop
      vertex 50.7557 -45.1155 33.8
      vertex 50.3861 -45.2478 2.4
      vertex 50.7557 -45.1155 2.4
    endloop
  endfacet
  facet normal 0.740908 -0.671607 0
    outer loop
      vertex 52.0534 -44.2484 33.8
      vertex 52.317 -43.9576 2.4
      vertex 52.317 -43.9576 33.8
    endloop
  endfacet
  facet normal 0.740908 -0.671607 0
    outer loop
      vertex 52.317 -43.9576 2.4
      vertex 52.0534 -44.2484 33.8
      vertex 52.0534 -44.2484 2.4
    endloop
  endfacet
  facet normal 0.989176 -0.146733 0
    outer loop
      vertex 53.1481 -42.2004 33.8
      vertex 53.2057 -41.8121 2.4
      vertex 53.2057 -41.8121 33.8
    endloop
  endfacet
  facet normal 0.989176 -0.146733 0
    outer loop
      vertex 53.2057 -41.8121 2.4
      vertex 53.1481 -42.2004 33.8
      vertex 53.1481 -42.2004 2.4
    endloop
  endfacet
  facet normal 0.970068 -0.242835 0
    outer loop
      vertex 53.0528 -42.5811 33.8
      vertex 53.1481 -42.2004 2.4
      vertex 53.1481 -42.2004 33.8
    endloop
  endfacet
  facet normal 0.970068 -0.242835 0
    outer loop
      vertex 53.1481 -42.2004 2.4
      vertex 53.0528 -42.5811 33.8
      vertex 53.0528 -42.5811 2.4
    endloop
  endfacet
  facet normal -0.242835 -0.970068 0
    outer loop
      vertex 48.0639 -45.2478 2.4
      vertex 48.4446 -45.3431 33.8
      vertex 48.0639 -45.2478 33.8
    endloop
  endfacet
  facet normal -0.242835 -0.970068 -0
    outer loop
      vertex 48.4446 -45.3431 33.8
      vertex 48.0639 -45.2478 2.4
      vertex 48.4446 -45.3431 2.4
    endloop
  endfacet
  facet normal -0.42744 -0.904044 0
    outer loop
      vertex 47.3394 -44.9477 2.4
      vertex 47.6943 -45.1155 33.8
      vertex 47.3394 -44.9477 33.8
    endloop
  endfacet
  facet normal -0.42744 -0.904044 -0
    outer loop
      vertex 47.6943 -45.1155 33.8
      vertex 47.3394 -44.9477 2.4
      vertex 47.6943 -45.1155 2.4
    endloop
  endfacet
  facet normal 0.904044 0.42744 0
    outer loop
      vertex 52.9205 -39.8893 33.8
      vertex 52.7527 -39.5344 2.4
      vertex 52.7527 -39.5344 33.8
    endloop
  endfacet
  facet normal 0.904044 0.42744 0
    outer loop
      vertex 52.7527 -39.5344 2.4
      vertex 52.9205 -39.8893 33.8
      vertex 52.9205 -39.8893 2.4
    endloop
  endfacet
  facet normal 0.85774 0.514084 0
    outer loop
      vertex 52.7527 -39.5344 33.8
      vertex 52.5509 -39.1977 2.4
      vertex 52.5509 -39.1977 33.8
    endloop
  endfacet
  facet normal 0.85774 0.514084 0
    outer loop
      vertex 52.5509 -39.1977 2.4
      vertex 52.7527 -39.5344 33.8
      vertex 52.7527 -39.5344 2.4
    endloop
  endfacet
  facet normal 0.740908 0.671607 0
    outer loop
      vertex 52.317 -38.8824 33.8
      vertex 52.0534 -38.5916 2.4
      vertex 52.0534 -38.5916 33.8
    endloop
  endfacet
  facet normal 0.740908 0.671607 0
    outer loop
      vertex 52.0534 -38.5916 2.4
      vertex 52.317 -38.8824 33.8
      vertex 52.317 -38.8824 2.4
    endloop
  endfacet
  facet normal 0.803137 0.595794 0
    outer loop
      vertex 52.5509 -39.1977 33.8
      vertex 52.317 -38.8824 2.4
      vertex 52.317 -38.8824 33.8
    endloop
  endfacet
  facet normal 0.803137 0.595794 0
    outer loop
      vertex 52.317 -38.8824 2.4
      vertex 52.5509 -39.1977 33.8
      vertex 52.5509 -39.1977 2.4
    endloop
  endfacet
  facet normal 0.242835 0.970068 -0
    outer loop
      vertex 50.3861 -37.5922 3.5
      vertex 50.0054 -37.4969 33.8
      vertex 50.3861 -37.5922 33.8
    endloop
  endfacet
  facet normal 0.242835 0.970068 0
    outer loop
      vertex 50.0054 -37.4969 33.8
      vertex 50.3861 -37.5922 3.5
      vertex 50.0054 -37.4969 3.5
    endloop
  endfacet
  facet normal 0.146733 0.989176 -0
    outer loop
      vertex 50.0054 -37.4969 3.5
      vertex 49.6171 -37.4393 33.8
      vertex 50.0054 -37.4969 33.8
    endloop
  endfacet
  facet normal 0.146733 0.989176 0
    outer loop
      vertex 49.6171 -37.4393 33.8
      vertex 50.0054 -37.4969 3.5
      vertex 49.6171 -37.4393 3.5
    endloop
  endfacet
  facet normal 0.0491626 0.998791 -0
    outer loop
      vertex 49.6171 -37.4393 3.5
      vertex 49.225 -37.42 33.8
      vertex 49.6171 -37.4393 33.8
    endloop
  endfacet
  facet normal 0.0491626 0.998791 0
    outer loop
      vertex 49.225 -37.42 33.8
      vertex 49.6171 -37.4393 3.5
      vertex 49.225 -37.42 3.5
    endloop
  endfacet
  facet normal 0.595794 0.803137 -0
    outer loop
      vertex 51.7626 -38.328 2.4
      vertex 51.4473 -38.0941 33.8
      vertex 51.7626 -38.328 33.8
    endloop
  endfacet
  facet normal 0.595794 0.803137 0
    outer loop
      vertex 51.4473 -38.0941 33.8
      vertex 51.7626 -38.328 2.4
      vertex 51.4473 -38.0941 2.4
    endloop
  endfacet
  facet normal 0.514084 0.85774 -0
    outer loop
      vertex 51.4473 -38.0941 2.4
      vertex 51.1106 -37.8923 33.8
      vertex 51.4473 -38.0941 33.8
    endloop
  endfacet
  facet normal 0.514084 0.85774 0
    outer loop
      vertex 51.1106 -37.8923 33.8
      vertex 51.4473 -38.0941 2.4
      vertex 51.1106 -37.8923 2.4
    endloop
  endfacet
  facet normal -0.9415 0.337014 0
    outer loop
      vertex 45.3972 -40.2589 2.4
      vertex 45.5295 -39.8893 33.8
      vertex 45.5295 -39.8893 2.4
    endloop
  endfacet
  facet normal -0.9415 0.337014 0
    outer loop
      vertex 45.5295 -39.8893 33.8
      vertex 45.3972 -40.2589 2.4
      vertex 45.3972 -40.2589 33.8
    endloop
  endfacet
  facet normal -0.970068 0.242835 0
    outer loop
      vertex 45.3019 -40.6396 2.4
      vertex 45.3972 -40.2589 33.8
      vertex 45.3972 -40.2589 2.4
    endloop
  endfacet
  facet normal -0.970068 0.242835 0
    outer loop
      vertex 45.3972 -40.2589 33.8
      vertex 45.3019 -40.6396 2.4
      vertex 45.3019 -40.6396 33.8
    endloop
  endfacet
  facet normal -0.989176 0.146733 0
    outer loop
      vertex 45.2443 -41.0279 2.4
      vertex 45.3019 -40.6396 33.8
      vertex 45.3019 -40.6396 2.4
    endloop
  endfacet
  facet normal -0.989176 0.146733 0
    outer loop
      vertex 45.3019 -40.6396 33.8
      vertex 45.2443 -41.0279 2.4
      vertex 45.2443 -41.0279 33.8
    endloop
  endfacet
  facet normal -0.514084 0.85774 0
    outer loop
      vertex 47.3394 -37.8923 2.4
      vertex 47.0027 -38.0941 33.8
      vertex 47.3394 -37.8923 33.8
    endloop
  endfacet
  facet normal -0.514084 0.85774 0
    outer loop
      vertex 47.0027 -38.0941 33.8
      vertex 47.3394 -37.8923 2.4
      vertex 47.0027 -38.0941 2.4
    endloop
  endfacet
  facet normal -0.595794 0.803137 0
    outer loop
      vertex 47.0027 -38.0941 2.4
      vertex 46.6874 -38.328 33.8
      vertex 47.0027 -38.0941 33.8
    endloop
  endfacet
  facet normal -0.595794 0.803137 0
    outer loop
      vertex 46.6874 -38.328 33.8
      vertex 47.0027 -38.0941 2.4
      vertex 46.6874 -38.328 2.4
    endloop
  endfacet
  facet normal -0.671607 0.740908 0
    outer loop
      vertex 46.6874 -38.328 2.4
      vertex 46.3966 -38.5916 33.8
      vertex 46.6874 -38.328 33.8
    endloop
  endfacet
  facet normal -0.671607 0.740908 0
    outer loop
      vertex 46.3966 -38.5916 33.8
      vertex 46.6874 -38.328 2.4
      vertex 46.3966 -38.5916 2.4
    endloop
  endfacet
  facet normal -0.146733 0.989176 0
    outer loop
      vertex 48.8329 -37.4393 2.4
      vertex 48.4446 -37.4969 33.8
      vertex 48.8329 -37.4393 33.8
    endloop
  endfacet
  facet normal -0.146733 0.989176 0
    outer loop
      vertex 48.4446 -37.4969 33.8
      vertex 48.8329 -37.4393 2.4
      vertex 48.4446 -37.4969 2.4
    endloop
  endfacet
  facet normal -0.242835 0.970068 0
    outer loop
      vertex 48.4446 -37.4969 2.4
      vertex 48.0639 -37.5922 33.8
      vertex 48.4446 -37.4969 33.8
    endloop
  endfacet
  facet normal -0.242835 0.970068 0
    outer loop
      vertex 48.0639 -37.5922 33.8
      vertex 48.4446 -37.4969 2.4
      vertex 48.0639 -37.5922 2.4
    endloop
  endfacet
  facet normal 0.998791 -0.0491626 0
    outer loop
      vertex 53.2057 -41.8121 33.8
      vertex 53.225 -41.42 2.4
      vertex 53.225 -41.42 33.8
    endloop
  endfacet
  facet normal 0.998791 -0.0491626 0
    outer loop
      vertex 53.225 -41.42 2.4
      vertex 53.2057 -41.8121 33.8
      vertex 53.2057 -41.8121 2.4
    endloop
  endfacet
  facet normal 0.146733 -0.989176 0
    outer loop
      vertex 49.6171 -45.4007 2.4
      vertex 50.0054 -45.3431 33.8
      vertex 49.6171 -45.4007 33.8
    endloop
  endfacet
  facet normal 0.146733 -0.989176 0
    outer loop
      vertex 50.0054 -45.3431 33.8
      vertex 49.6171 -45.4007 2.4
      vertex 50.0054 -45.3431 2.4
    endloop
  endfacet
  facet normal 0.242835 -0.970068 0
    outer loop
      vertex 50.0054 -45.3431 2.4
      vertex 50.3861 -45.2478 33.8
      vertex 50.0054 -45.3431 33.8
    endloop
  endfacet
  facet normal 0.242835 -0.970068 0
    outer loop
      vertex 50.3861 -45.2478 33.8
      vertex 50.0054 -45.3431 2.4
      vertex 50.3861 -45.2478 2.4
    endloop
  endfacet
  facet normal 0.514084 -0.85774 0
    outer loop
      vertex 51.1106 -44.9477 2.4
      vertex 51.4473 -44.7459 33.8
      vertex 51.1106 -44.9477 33.8
    endloop
  endfacet
  facet normal 0.514084 -0.85774 0
    outer loop
      vertex 51.4473 -44.7459 33.8
      vertex 51.1106 -44.9477 2.4
      vertex 51.4473 -44.7459 2.4
    endloop
  endfacet
  facet normal 0.671607 -0.740908 0
    outer loop
      vertex 51.7626 -44.512 2.4
      vertex 52.0534 -44.2484 33.8
      vertex 51.7626 -44.512 33.8
    endloop
  endfacet
  facet normal 0.671607 -0.740908 0
    outer loop
      vertex 52.0534 -44.2484 33.8
      vertex 51.7626 -44.512 2.4
      vertex 52.0534 -44.2484 2.4
    endloop
  endfacet
  facet normal 0.803137 -0.595794 0
    outer loop
      vertex 52.317 -43.9576 33.8
      vertex 52.5509 -43.6423 2.4
      vertex 52.5509 -43.6423 33.8
    endloop
  endfacet
  facet normal 0.803137 -0.595794 0
    outer loop
      vertex 52.5509 -43.6423 2.4
      vertex 52.317 -43.9576 33.8
      vertex 52.317 -43.9576 2.4
    endloop
  endfacet
  facet normal 0.85774 -0.514084 0
    outer loop
      vertex 52.5509 -43.6423 33.8
      vertex 52.7527 -43.3056 2.4
      vertex 52.7527 -43.3056 33.8
    endloop
  endfacet
  facet normal 0.85774 -0.514084 0
    outer loop
      vertex 52.7527 -43.3056 2.4
      vertex 52.5509 -43.6423 33.8
      vertex 52.5509 -43.6423 2.4
    endloop
  endfacet
  facet normal -0.0491626 -0.998791 0
    outer loop
      vertex 48.8329 -45.4007 2.4
      vertex 49.225 -45.42 33.8
      vertex 48.8329 -45.4007 33.8
    endloop
  endfacet
  facet normal -0.0491626 -0.998791 -0
    outer loop
      vertex 49.225 -45.42 33.8
      vertex 48.8329 -45.4007 2.4
      vertex 49.225 -45.42 2.4
    endloop
  endfacet
  facet normal -0.595794 -0.803137 0
    outer loop
      vertex 46.6874 -44.512 2.4
      vertex 47.0027 -44.7459 33.8
      vertex 46.6874 -44.512 33.8
    endloop
  endfacet
  facet normal -0.595794 -0.803137 -0
    outer loop
      vertex 47.0027 -44.7459 33.8
      vertex 46.6874 -44.512 2.4
      vertex 47.0027 -44.7459 2.4
    endloop
  endfacet
  facet normal 0.0491626 -0.998791 0
    outer loop
      vertex 49.225 -45.42 2.4
      vertex 49.6171 -45.4007 33.8
      vertex 49.225 -45.42 33.8
    endloop
  endfacet
  facet normal 0.0491626 -0.998791 0
    outer loop
      vertex 49.6171 -45.4007 33.8
      vertex 49.225 -45.42 2.4
      vertex 49.6171 -45.4007 2.4
    endloop
  endfacet
  facet normal -0.514084 -0.85774 0
    outer loop
      vertex 47.0027 -44.7459 2.4
      vertex 47.3394 -44.9477 33.8
      vertex 47.0027 -44.7459 33.8
    endloop
  endfacet
  facet normal -0.514084 -0.85774 -0
    outer loop
      vertex 47.3394 -44.9477 33.8
      vertex 47.0027 -44.7459 2.4
      vertex 47.3394 -44.9477 2.4
    endloop
  endfacet
  facet normal -0.671607 -0.740908 0
    outer loop
      vertex 46.3966 -44.2484 2.4
      vertex 46.6874 -44.512 33.8
      vertex 46.3966 -44.2484 33.8
    endloop
  endfacet
  facet normal -0.671607 -0.740908 -0
    outer loop
      vertex 46.6874 -44.512 33.8
      vertex 46.3966 -44.2484 2.4
      vertex 46.6874 -44.512 2.4
    endloop
  endfacet
  facet normal -0.85774 -0.514084 0
    outer loop
      vertex 45.8991 -43.6423 2.4
      vertex 45.6973 -43.3056 33.8
      vertex 45.6973 -43.3056 2.4
    endloop
  endfacet
  facet normal -0.85774 -0.514084 0
    outer loop
      vertex 45.6973 -43.3056 33.8
      vertex 45.8991 -43.6423 2.4
      vertex 45.8991 -43.6423 33.8
    endloop
  endfacet
  facet normal -0.941478 -0.337076 0
    outer loop
      vertex 45.4111 -42.62 2.4
      vertex 45.5295 -42.9507 2.4
      vertex 45.4111 -42.62 3.5
    endloop
  endfacet
  facet normal -0.941687 -0.33649 0
    outer loop
      vertex 45.4111 -42.62 3.5
      vertex 45.3972 -42.5811 33.8
      vertex 45.3972 -42.5811 3.5
    endloop
  endfacet
  facet normal -0.941478 -0.337076 -0
    outer loop
      vertex 45.5295 -42.9507 33.8
      vertex 45.4111 -42.62 3.5
      vertex 45.5295 -42.9507 2.4
    endloop
  endfacet
  facet normal -0.9415 -0.337014 7.5916e-07
    outer loop
      vertex 45.4111 -42.62 3.5
      vertex 45.5295 -42.9507 33.8
      vertex 45.3972 -42.5811 33.8
    endloop
  endfacet
  facet normal -0.989176 -0.146733 0
    outer loop
      vertex 45.3019 -42.2004 3.5
      vertex 45.2443 -41.8121 33.8
      vertex 45.2443 -41.8121 3.5
    endloop
  endfacet
  facet normal -0.989176 -0.146733 0
    outer loop
      vertex 45.2443 -41.8121 33.8
      vertex 45.3019 -42.2004 3.5
      vertex 45.3019 -42.2004 33.8
    endloop
  endfacet
  facet normal -0.904044 -0.42744 0
    outer loop
      vertex 45.6973 -43.3056 2.4
      vertex 45.5295 -42.9507 33.8
      vertex 45.5295 -42.9507 2.4
    endloop
  endfacet
  facet normal -0.904044 -0.42744 0
    outer loop
      vertex 45.5295 -42.9507 33.8
      vertex 45.6973 -43.3056 2.4
      vertex 45.6973 -43.3056 33.8
    endloop
  endfacet
  facet normal 0.989176 0.146733 0
    outer loop
      vertex 53.2057 -41.0279 33.8
      vertex 53.1481 -40.6396 2.4
      vertex 53.1481 -40.6396 33.8
    endloop
  endfacet
  facet normal 0.989176 0.146733 0
    outer loop
      vertex 53.1481 -40.6396 2.4
      vertex 53.2057 -41.0279 33.8
      vertex 53.2057 -41.0279 2.4
    endloop
  endfacet
  facet normal 0.42744 0.904044 -0
    outer loop
      vertex 51.1106 -37.8923 2.4
      vertex 50.7557 -37.7245 33.8
      vertex 51.1106 -37.8923 33.8
    endloop
  endfacet
  facet normal 0.42744 0.904044 0
    outer loop
      vertex 50.7557 -37.7245 33.8
      vertex 51.1106 -37.8923 2.4
      vertex 50.7557 -37.7245 2.4
    endloop
  endfacet
  facet normal -0.803137 0.595794 0
    outer loop
      vertex 45.8991 -39.1977 2.4
      vertex 46.133 -38.8824 33.8
      vertex 46.133 -38.8824 2.4
    endloop
  endfacet
  facet normal -0.803137 0.595794 0
    outer loop
      vertex 46.133 -38.8824 33.8
      vertex 45.8991 -39.1977 2.4
      vertex 45.8991 -39.1977 33.8
    endloop
  endfacet
  facet normal 0 0 1
    outer loop
      vertex 50.525 -41.42 33.8
      vertex 53.225 -41.42 33.8
      vertex 53.2057 -41.0279 33.8
    endloop
  endfacet
  facet normal 0 0 1
    outer loop
      vertex 50.5187 -41.2926 33.8
      vertex 53.2057 -41.0279 33.8
      vertex 53.1481 -40.6396 33.8
    endloop
  endfacet
  facet normal 0 0 1
    outer loop
      vertex 53.225 -41.42 33.8
      vertex 50.525 -41.42 33.8
      vertex 53.2057 -41.8121 33.8
    endloop
  endfacet
  facet normal 0 0 1
    outer loop
      vertex 50.5 -41.1664 33.8
      vertex 53.1481 -40.6396 33.8
      vertex 53.0528 -40.2589 33.8
    endloop
  endfacet
  facet normal -0 0 1
    outer loop
      vertex 50.5187 -41.5474 33.8
      vertex 53.2057 -41.8121 33.8
      vertex 50.525 -41.42 33.8
    endloop
  endfacet
  facet normal 0 0 1
    outer loop
      vertex 50.469 -41.0426 33.8
      vertex 53.0528 -40.2589 33.8
      vertex 52.9205 -39.8893 33.8
    endloop
  endfacet
  facet normal 0 0 1
    outer loop
      vertex 53.2057 -41.8121 33.8
      vertex 50.5187 -41.5474 33.8
      vertex 53.1481 -42.2004 33.8
    endloop
  endfacet
  facet normal 0 0 1
    outer loop
      vertex 50.426 -40.9225 33.8
      vertex 52.9205 -39.8893 33.8
      vertex 52.7527 -39.5344 33.8
    endloop
  endfacet
  facet normal -0 0 1
    outer loop
      vertex 50.5 -41.6736 33.8
      vertex 53.1481 -42.2004 33.8
      vertex 50.5187 -41.5474 33.8
    endloop
  endfacet
  facet normal 0 0 1
    outer loop
      vertex 50.3715 -40.8072 33.8
      vertex 52.7527 -39.5344 33.8
      vertex 52.5509 -39.1977 33.8
    endloop
  endfacet
  facet normal 0 0 1
    outer loop
      vertex 53.1481 -42.2004 33.8
      vertex 50.5 -41.6736 33.8
      vertex 53.0528 -42.5811 33.8
    endloop
  endfacet
  facet normal 0 0 1
    outer loop
      vertex 50.3059 -40.6978 33.8
      vertex 52.5509 -39.1977 33.8
      vertex 52.317 -38.8824 33.8
    endloop
  endfacet
  facet normal -0 0 1
    outer loop
      vertex 50.469 -41.7974 33.8
      vertex 53.0528 -42.5811 33.8
      vertex 50.5 -41.6736 33.8
    endloop
  endfacet
  facet normal 0 0 1
    outer loop
      vertex 50.2299 -40.5953 33.8
      vertex 52.317 -38.8824 33.8
      vertex 52.0534 -38.5916 33.8
    endloop
  endfacet
  facet normal 0 0 1
    outer loop
      vertex 53.0528 -42.5811 33.8
      vertex 50.469 -41.7974 33.8
      vertex 52.9205 -42.9507 33.8
    endloop
  endfacet
  facet normal 0 0 1
    outer loop
      vertex 50.1442 -40.5008 33.8
      vertex 52.0534 -38.5916 33.8
      vertex 51.7626 -38.328 33.8
    endloop
  endfacet
  facet normal -0 0 1
    outer loop
      vertex 50.426 -41.9175 33.8
      vertex 52.9205 -42.9507 33.8
      vertex 50.469 -41.7974 33.8
    endloop
  endfacet
  facet normal 0 0 1
    outer loop
      vertex 50.0497 -40.4151 33.8
      vertex 51.7626 -38.328 33.8
      vertex 51.4473 -38.0941 33.8
    endloop
  endfacet
  facet normal 0 0 1
    outer loop
      vertex 52.9205 -42.9507 33.8
      vertex 50.426 -41.9175 33.8
      vertex 52.7527 -43.3056 33.8
    endloop
  endfacet
  facet normal 0 0 1
    outer loop
      vertex 49.9472 -40.3391 33.8
      vertex 51.4473 -38.0941 33.8
      vertex 51.1106 -37.8923 33.8
    endloop
  endfacet
  facet normal -0 0 1
    outer loop
      vertex 50.3715 -42.0328 33.8
      vertex 52.7527 -43.3056 33.8
      vertex 50.426 -41.9175 33.8
    endloop
  endfacet
  facet normal 0 0 1
    outer loop
      vertex 49.8378 -40.2735 33.8
      vertex 51.1106 -37.8923 33.8
      vertex 50.7557 -37.7245 33.8
    endloop
  endfacet
  facet normal 0 0 1
    outer loop
      vertex 52.7527 -43.3056 33.8
      vertex 50.3715 -42.0328 33.8
      vertex 52.5509 -43.6423 33.8
    endloop
  endfacet
  facet normal -0 0 1
    outer loop
      vertex 50.3059 -42.1422 33.8
      vertex 52.5509 -43.6423 33.8
      vertex 50.3715 -42.0328 33.8
    endloop
  endfacet
  facet normal 0 0 1
    outer loop
      vertex 53.2057 -41.0279 33.8
      vertex 50.5187 -41.2926 33.8
      vertex 50.525 -41.42 33.8
    endloop
  endfacet
  facet normal 0 0 1
    outer loop
      vertex 53.1481 -40.6396 33.8
      vertex 50.5 -41.1664 33.8
      vertex 50.5187 -41.2926 33.8
    endloop
  endfacet
  facet normal 0 0 1
    outer loop
      vertex 53.0528 -40.2589 33.8
      vertex 50.469 -41.0426 33.8
      vertex 50.5 -41.1664 33.8
    endloop
  endfacet
  facet normal 0 0 1
    outer loop
      vertex 52.9205 -39.8893 33.8
      vertex 50.426 -40.9225 33.8
      vertex 50.469 -41.0426 33.8
    endloop
  endfacet
  facet normal 0 0 1
    outer loop
      vertex 49.7225 -40.219 33.8
      vertex 50.7557 -37.7245 33.8
      vertex 50.3861 -37.5922 33.8
    endloop
  endfacet
  facet normal 0 0 1
    outer loop
      vertex 52.7527 -39.5344 33.8
      vertex 50.3715 -40.8072 33.8
      vertex 50.426 -40.9225 33.8
    endloop
  endfacet
  facet normal 0 0 1
    outer loop
      vertex 52.5509 -39.1977 33.8
      vertex 50.3059 -40.6978 33.8
      vertex 50.3715 -40.8072 33.8
    endloop
  endfacet
  facet normal 0 0 1
    outer loop
      vertex 52.317 -38.8824 33.8
      vertex 50.2299 -40.5953 33.8
      vertex 50.3059 -40.6978 33.8
    endloop
  endfacet
  facet normal 0 0 1
    outer loop
      vertex 52.0534 -38.5916 33.8
      vertex 50.1442 -40.5008 33.8
      vertex 50.2299 -40.5953 33.8
    endloop
  endfacet
  facet normal 0 0 1
    outer loop
      vertex 51.7626 -38.328 33.8
      vertex 50.0497 -40.4151 33.8
      vertex 50.1442 -40.5008 33.8
    endloop
  endfacet
  facet normal 0 0 1
    outer loop
      vertex 49.6024 -40.176 33.8
      vertex 50.3861 -37.5922 33.8
      vertex 50.0054 -37.4969 33.8
    endloop
  endfacet
  facet normal 0 0 1
    outer loop
      vertex 51.4473 -38.0941 33.8
      vertex 49.9472 -40.3391 33.8
      vertex 50.0497 -40.4151 33.8
    endloop
  endfacet
  facet normal 0 0 1
    outer loop
      vertex 51.1106 -37.8923 33.8
      vertex 49.8378 -40.2735 33.8
      vertex 49.9472 -40.3391 33.8
    endloop
  endfacet
  facet normal 0 0 1
    outer loop
      vertex 50.7557 -37.7245 33.8
      vertex 49.7225 -40.219 33.8
      vertex 49.8378 -40.2735 33.8
    endloop
  endfacet
  facet normal 0 0 1
    outer loop
      vertex 49.4786 -40.145 33.8
      vertex 50.0054 -37.4969 33.8
      vertex 49.6171 -37.4393 33.8
    endloop
  endfacet
  facet normal 0 0 1
    outer loop
      vertex 50.3861 -37.5922 33.8
      vertex 49.6024 -40.176 33.8
      vertex 49.7225 -40.219 33.8
    endloop
  endfacet
  facet normal 0 0 1
    outer loop
      vertex 50.0054 -37.4969 33.8
      vertex 49.4786 -40.145 33.8
      vertex 49.6024 -40.176 33.8
    endloop
  endfacet
  facet normal 0 0 1
    outer loop
      vertex 49.6171 -37.4393 33.8
      vertex 49.3524 -40.1263 33.8
      vertex 49.4786 -40.145 33.8
    endloop
  endfacet
  facet normal 0 0 1
    outer loop
      vertex 49.225 -37.42 33.8
      vertex 49.3524 -40.1263 33.8
      vertex 49.6171 -37.4393 33.8
    endloop
  endfacet
  facet normal 0 0 1
    outer loop
      vertex 49.225 -37.42 33.8
      vertex 49.225 -40.12 33.8
      vertex 49.3524 -40.1263 33.8
    endloop
  endfacet
  facet normal 0 0 1
    outer loop
      vertex 49.225 -37.42 33.8
      vertex 49.0976 -40.1263 33.8
      vertex 49.225 -40.12 33.8
    endloop
  endfacet
  facet normal -0 0 1
    outer loop
      vertex 48.8329 -37.4393 33.8
      vertex 49.0976 -40.1263 33.8
      vertex 49.225 -37.42 33.8
    endloop
  endfacet
  facet normal 0 0 1
    outer loop
      vertex 49.0976 -40.1263 33.8
      vertex 48.8329 -37.4393 33.8
      vertex 48.9714 -40.145 33.8
    endloop
  endfacet
  facet normal -0 0 1
    outer loop
      vertex 48.4446 -37.4969 33.8
      vertex 48.9714 -40.145 33.8
      vertex 48.8329 -37.4393 33.8
    endloop
  endfacet
  facet normal 0 0 1
    outer loop
      vertex 48.9714 -40.145 33.8
      vertex 48.4446 -37.4969 33.8
      vertex 48.8476 -40.176 33.8
    endloop
  endfacet
  facet normal -0 0 1
    outer loop
      vertex 48.0639 -37.5922 33.8
      vertex 48.8476 -40.176 33.8
      vertex 48.4446 -37.4969 33.8
    endloop
  endfacet
  facet normal 0 0 1
    outer loop
      vertex 48.8476 -40.176 33.8
      vertex 48.0639 -37.5922 33.8
      vertex 48.7275 -40.219 33.8
    endloop
  endfacet
  facet normal -0 0 1
    outer loop
      vertex 47.6943 -37.7245 33.8
      vertex 48.7275 -40.219 33.8
      vertex 48.0639 -37.5922 33.8
    endloop
  endfacet
  facet normal 0 0 1
    outer loop
      vertex 48.7275 -40.219 33.8
      vertex 47.6943 -37.7245 33.8
      vertex 48.6122 -40.2735 33.8
    endloop
  endfacet
  facet normal -0 0 1
    outer loop
      vertex 47.3394 -37.8923 33.8
      vertex 48.6122 -40.2735 33.8
      vertex 47.6943 -37.7245 33.8
    endloop
  endfacet
  facet normal 0 0 1
    outer loop
      vertex 48.6122 -40.2735 33.8
      vertex 47.3394 -37.8923 33.8
      vertex 48.5028 -40.3391 33.8
    endloop
  endfacet
  facet normal -0 0 1
    outer loop
      vertex 47.0027 -38.0941 33.8
      vertex 48.5028 -40.3391 33.8
      vertex 47.3394 -37.8923 33.8
    endloop
  endfacet
  facet normal 0 0 1
    outer loop
      vertex 48.5028 -40.3391 33.8
      vertex 47.0027 -38.0941 33.8
      vertex 48.4003 -40.4151 33.8
    endloop
  endfacet
  facet normal -0 0 1
    outer loop
      vertex 46.6874 -38.328 33.8
      vertex 48.4003 -40.4151 33.8
      vertex 47.0027 -38.0941 33.8
    endloop
  endfacet
  facet normal 0 0 1
    outer loop
      vertex 48.4003 -40.4151 33.8
      vertex 46.6874 -38.328 33.8
      vertex 48.3058 -40.5008 33.8
    endloop
  endfacet
  facet normal -0 0 1
    outer loop
      vertex 46.3966 -38.5916 33.8
      vertex 48.3058 -40.5008 33.8
      vertex 46.6874 -38.328 33.8
    endloop
  endfacet
  facet normal 0 0 1
    outer loop
      vertex 48.3058 -40.5008 33.8
      vertex 46.3966 -38.5916 33.8
      vertex 48.2201 -40.5953 33.8
    endloop
  endfacet
  facet normal -0 0 1
    outer loop
      vertex 46.133 -38.8824 33.8
      vertex 48.2201 -40.5953 33.8
      vertex 46.3966 -38.5916 33.8
    endloop
  endfacet
  facet normal 0 0 1
    outer loop
      vertex 48.2201 -40.5953 33.8
      vertex 46.133 -38.8824 33.8
      vertex 48.1441 -40.6978 33.8
    endloop
  endfacet
  facet normal -0 0 1
    outer loop
      vertex 45.8991 -39.1977 33.8
      vertex 48.1441 -40.6978 33.8
      vertex 46.133 -38.8824 33.8
    endloop
  endfacet
  facet normal 0 0 1
    outer loop
      vertex 52.5509 -43.6423 33.8
      vertex 50.3059 -42.1422 33.8
      vertex 52.317 -43.9576 33.8
    endloop
  endfacet
  facet normal -0 0 1
    outer loop
      vertex 50.2299 -42.2447 33.8
      vertex 52.317 -43.9576 33.8
      vertex 50.3059 -42.1422 33.8
    endloop
  endfacet
  facet normal 0 0 1
    outer loop
      vertex 52.317 -43.9576 33.8
      vertex 50.2299 -42.2447 33.8
      vertex 52.0534 -44.2484 33.8
    endloop
  endfacet
  facet normal -0 0 1
    outer loop
      vertex 50.1442 -42.3392 33.8
      vertex 52.0534 -44.2484 33.8
      vertex 50.2299 -42.2447 33.8
    endloop
  endfacet
  facet normal 0 0 1
    outer loop
      vertex 52.0534 -44.2484 33.8
      vertex 50.1442 -42.3392 33.8
      vertex 51.7626 -44.512 33.8
    endloop
  endfacet
  facet normal -0 0 1
    outer loop
      vertex 50.0497 -42.4249 33.8
      vertex 51.7626 -44.512 33.8
      vertex 50.1442 -42.3392 33.8
    endloop
  endfacet
  facet normal 0 0 1
    outer loop
      vertex 51.7626 -44.512 33.8
      vertex 50.0497 -42.4249 33.8
      vertex 51.4473 -44.7459 33.8
    endloop
  endfacet
  facet normal -0 0 1
    outer loop
      vertex 49.9472 -42.5009 33.8
      vertex 51.4473 -44.7459 33.8
      vertex 50.0497 -42.4249 33.8
    endloop
  endfacet
  facet normal 0 0 1
    outer loop
      vertex 51.4473 -44.7459 33.8
      vertex 49.9472 -42.5009 33.8
      vertex 51.1106 -44.9477 33.8
    endloop
  endfacet
  facet normal -0 0 1
    outer loop
      vertex 49.8378 -42.5665 33.8
      vertex 51.1106 -44.9477 33.8
      vertex 49.9472 -42.5009 33.8
    endloop
  endfacet
  facet normal 0 0 1
    outer loop
      vertex 51.1106 -44.9477 33.8
      vertex 49.8378 -42.5665 33.8
      vertex 50.7557 -45.1155 33.8
    endloop
  endfacet
  facet normal -0 0 1
    outer loop
      vertex 49.7225 -42.621 33.8
      vertex 50.7557 -45.1155 33.8
      vertex 49.8378 -42.5665 33.8
    endloop
  endfacet
  facet normal 0 0 1
    outer loop
      vertex 50.7557 -45.1155 33.8
      vertex 49.7225 -42.621 33.8
      vertex 50.3861 -45.2478 33.8
    endloop
  endfacet
  facet normal -0 0 1
    outer loop
      vertex 49.6024 -42.664 33.8
      vertex 50.3861 -45.2478 33.8
      vertex 49.7225 -42.621 33.8
    endloop
  endfacet
  facet normal 0 0 1
    outer loop
      vertex 50.3861 -45.2478 33.8
      vertex 49.6024 -42.664 33.8
      vertex 50.0054 -45.3431 33.8
    endloop
  endfacet
  facet normal -0 0 1
    outer loop
      vertex 49.4786 -42.695 33.8
      vertex 50.0054 -45.3431 33.8
      vertex 49.6024 -42.664 33.8
    endloop
  endfacet
  facet normal 0 0 1
    outer loop
      vertex 50.0054 -45.3431 33.8
      vertex 49.4786 -42.695 33.8
      vertex 49.6171 -45.4007 33.8
    endloop
  endfacet
  facet normal -0 0 1
    outer loop
      vertex 49.3524 -42.7137 33.8
      vertex 49.6171 -45.4007 33.8
      vertex 49.4786 -42.695 33.8
    endloop
  endfacet
  facet normal -0 0 1
    outer loop
      vertex 49.225 -42.72 33.8
      vertex 49.6171 -45.4007 33.8
      vertex 49.3524 -42.7137 33.8
    endloop
  endfacet
  facet normal 0 0 1
    outer loop
      vertex 49.225 -42.72 33.8
      vertex 49.225 -45.42 33.8
      vertex 49.6171 -45.4007 33.8
    endloop
  endfacet
  facet normal 0 0 1
    outer loop
      vertex 49.0976 -42.7137 33.8
      vertex 49.225 -45.42 33.8
      vertex 49.225 -42.72 33.8
    endloop
  endfacet
  facet normal 0 0 1
    outer loop
      vertex 48.8329 -45.4007 33.8
      vertex 49.0976 -42.7137 33.8
      vertex 48.9714 -42.695 33.8
    endloop
  endfacet
  facet normal 0 0 1
    outer loop
      vertex 48.4446 -45.3431 33.8
      vertex 48.9714 -42.695 33.8
      vertex 48.8476 -42.664 33.8
    endloop
  endfacet
  facet normal 0 0 1
    outer loop
      vertex 49.0976 -42.7137 33.8
      vertex 48.8329 -45.4007 33.8
      vertex 49.225 -45.42 33.8
    endloop
  endfacet
  facet normal 0 0 1
    outer loop
      vertex 48.0639 -45.2478 33.8
      vertex 48.8476 -42.664 33.8
      vertex 48.7275 -42.621 33.8
    endloop
  endfacet
  facet normal 0 0 1
    outer loop
      vertex 47.6943 -45.1155 33.8
      vertex 48.7275 -42.621 33.8
      vertex 48.6122 -42.5665 33.8
    endloop
  endfacet
  facet normal 0 0 1
    outer loop
      vertex 47.3394 -44.9477 33.8
      vertex 48.6122 -42.5665 33.8
      vertex 48.5028 -42.5009 33.8
    endloop
  endfacet
  facet normal 0 0 1
    outer loop
      vertex 48.9714 -42.695 33.8
      vertex 48.4446 -45.3431 33.8
      vertex 48.8329 -45.4007 33.8
    endloop
  endfacet
  facet normal 0 0 1
    outer loop
      vertex 47.0027 -44.7459 33.8
      vertex 48.5028 -42.5009 33.8
      vertex 48.4003 -42.4249 33.8
    endloop
  endfacet
  facet normal 0 0 1
    outer loop
      vertex 46.6874 -44.512 33.8
      vertex 48.4003 -42.4249 33.8
      vertex 48.3058 -42.3392 33.8
    endloop
  endfacet
  facet normal 0 0 1
    outer loop
      vertex 46.3966 -44.2484 33.8
      vertex 48.3058 -42.3392 33.8
      vertex 48.2201 -42.2447 33.8
    endloop
  endfacet
  facet normal 0 0 1
    outer loop
      vertex 46.133 -43.9576 33.8
      vertex 48.2201 -42.2447 33.8
      vertex 48.1441 -42.1422 33.8
    endloop
  endfacet
  facet normal 0 0 1
    outer loop
      vertex 45.8991 -43.6423 33.8
      vertex 48.1441 -42.1422 33.8
      vertex 48.0785 -42.0328 33.8
    endloop
  endfacet
  facet normal 0 0 1
    outer loop
      vertex 48.8476 -42.664 33.8
      vertex 48.0639 -45.2478 33.8
      vertex 48.4446 -45.3431 33.8
    endloop
  endfacet
  facet normal 0 0 1
    outer loop
      vertex 45.6973 -43.3056 33.8
      vertex 48.0785 -42.0328 33.8
      vertex 48.024 -41.9175 33.8
    endloop
  endfacet
  facet normal 0 0 1
    outer loop
      vertex 45.5295 -42.9507 33.8
      vertex 48.024 -41.9175 33.8
      vertex 47.981 -41.7974 33.8
    endloop
  endfacet
  facet normal 0 0 1
    outer loop
      vertex 45.3972 -42.5811 33.8
      vertex 47.981 -41.7974 33.8
      vertex 47.95 -41.6736 33.8
    endloop
  endfacet
  facet normal 0 0 1
    outer loop
      vertex 45.3019 -42.2004 33.8
      vertex 47.95 -41.6736 33.8
      vertex 47.9313 -41.5474 33.8
    endloop
  endfacet
  facet normal 0 0 1
    outer loop
      vertex 45.2443 -41.8121 33.8
      vertex 47.9313 -41.5474 33.8
      vertex 47.925 -41.42 33.8
    endloop
  endfacet
  facet normal 0 0 1
    outer loop
      vertex 48.1441 -40.6978 33.8
      vertex 45.8991 -39.1977 33.8
      vertex 48.0785 -40.8072 33.8
    endloop
  endfacet
  facet normal 0 0 1
    outer loop
      vertex 48.7275 -42.621 33.8
      vertex 47.6943 -45.1155 33.8
      vertex 48.0639 -45.2478 33.8
    endloop
  endfacet
  facet normal -0 0 1
    outer loop
      vertex 45.6973 -39.5344 33.8
      vertex 48.0785 -40.8072 33.8
      vertex 45.8991 -39.1977 33.8
    endloop
  endfacet
  facet normal 0 0 1
    outer loop
      vertex 48.6122 -42.5665 33.8
      vertex 47.3394 -44.9477 33.8
      vertex 47.6943 -45.1155 33.8
    endloop
  endfacet
  facet normal 0 0 1
    outer loop
      vertex 48.0785 -40.8072 33.8
      vertex 45.6973 -39.5344 33.8
      vertex 48.024 -40.9225 33.8
    endloop
  endfacet
  facet normal 0 0 1
    outer loop
      vertex 48.5028 -42.5009 33.8
      vertex 47.0027 -44.7459 33.8
      vertex 47.3394 -44.9477 33.8
    endloop
  endfacet
  facet normal -0 0 1
    outer loop
      vertex 45.5295 -39.8893 33.8
      vertex 48.024 -40.9225 33.8
      vertex 45.6973 -39.5344 33.8
    endloop
  endfacet
  facet normal 0 0 1
    outer loop
      vertex 48.4003 -42.4249 33.8
      vertex 46.6874 -44.512 33.8
      vertex 47.0027 -44.7459 33.8
    endloop
  endfacet
  facet normal 0 0 1
    outer loop
      vertex 48.024 -40.9225 33.8
      vertex 45.5295 -39.8893 33.8
      vertex 47.981 -41.0426 33.8
    endloop
  endfacet
  facet normal 0 0 1
    outer loop
      vertex 48.3058 -42.3392 33.8
      vertex 46.3966 -44.2484 33.8
      vertex 46.6874 -44.512 33.8
    endloop
  endfacet
  facet normal -0 0 1
    outer loop
      vertex 45.3972 -40.2589 33.8
      vertex 47.981 -41.0426 33.8
      vertex 45.5295 -39.8893 33.8
    endloop
  endfacet
  facet normal 0 0 1
    outer loop
      vertex 48.2201 -42.2447 33.8
      vertex 46.133 -43.9576 33.8
      vertex 46.3966 -44.2484 33.8
    endloop
  endfacet
  facet normal 0 0 1
    outer loop
      vertex 47.981 -41.0426 33.8
      vertex 45.3972 -40.2589 33.8
      vertex 47.95 -41.1664 33.8
    endloop
  endfacet
  facet normal 0 0 1
    outer loop
      vertex 48.1441 -42.1422 33.8
      vertex 45.8991 -43.6423 33.8
      vertex 46.133 -43.9576 33.8
    endloop
  endfacet
  facet normal -0 0 1
    outer loop
      vertex 45.3019 -40.6396 33.8
      vertex 47.95 -41.1664 33.8
      vertex 45.3972 -40.2589 33.8
    endloop
  endfacet
  facet normal 0 0 1
    outer loop
      vertex 48.0785 -42.0328 33.8
      vertex 45.6973 -43.3056 33.8
      vertex 45.8991 -43.6423 33.8
    endloop
  endfacet
  facet normal 0 0 1
    outer loop
      vertex 47.95 -41.1664 33.8
      vertex 45.3019 -40.6396 33.8
      vertex 47.9313 -41.2926 33.8
    endloop
  endfacet
  facet normal 0 0 1
    outer loop
      vertex 48.024 -41.9175 33.8
      vertex 45.5295 -42.9507 33.8
      vertex 45.6973 -43.3056 33.8
    endloop
  endfacet
  facet normal -0 0 1
    outer loop
      vertex 45.2443 -41.0279 33.8
      vertex 47.9313 -41.2926 33.8
      vertex 45.3019 -40.6396 33.8
    endloop
  endfacet
  facet normal 0 0 1
    outer loop
      vertex 47.981 -41.7974 33.8
      vertex 45.3972 -42.5811 33.8
      vertex 45.5295 -42.9507 33.8
    endloop
  endfacet
  facet normal 0 0 1
    outer loop
      vertex 47.9313 -41.2926 33.8
      vertex 45.2443 -41.0279 33.8
      vertex 47.925 -41.42 33.8
    endloop
  endfacet
  facet normal 0 0 1
    outer loop
      vertex 47.95 -41.6736 33.8
      vertex 45.3019 -42.2004 33.8
      vertex 45.3972 -42.5811 33.8
    endloop
  endfacet
  facet normal 0 0 1
    outer loop
      vertex 45.225 -41.42 33.8
      vertex 47.925 -41.42 33.8
      vertex 45.2443 -41.0279 33.8
    endloop
  endfacet
  facet normal 0 0 1
    outer loop
      vertex 47.9313 -41.5474 33.8
      vertex 45.2443 -41.8121 33.8
      vertex 45.3019 -42.2004 33.8
    endloop
  endfacet
  facet normal 0 0 1
    outer loop
      vertex 47.925 -41.42 33.8
      vertex 45.225 -41.42 33.8
      vertex 45.2443 -41.8121 33.8
    endloop
  endfacet
  facet normal -0.998779 0.049393 0
    outer loop
      vertex 45.2348 -41.22 3.5
      vertex 45.2443 -41.0279 2.4
      vertex 45.2348 -41.22 2.4
    endloop
  endfacet
  facet normal -0.998779 0.049393 0
    outer loop
      vertex 45.2443 -41.0279 2.4
      vertex 45.2348 -41.22 3.5
      vertex 45.2443 -41.0279 33.8
    endloop
  endfacet
  facet normal -0.998802 0.0489413 2.87114e-06
    outer loop
      vertex 45.225 -41.42 3.5
      vertex 45.2443 -41.0279 33.8
      vertex 45.2348 -41.22 3.5
    endloop
  endfacet
  facet normal -0.998791 0.0491626 0
    outer loop
      vertex 45.2443 -41.0279 33.8
      vertex 45.225 -41.42 3.5
      vertex 45.225 -41.42 33.8
    endloop
  endfacet
  facet normal -0.337014 0.9415 0
    outer loop
      vertex 48.0639 -37.5922 2.4
      vertex 47.6943 -37.7245 33.8
      vertex 48.0639 -37.5922 33.8
    endloop
  endfacet
  facet normal -0.337014 0.9415 0
    outer loop
      vertex 47.6943 -37.7245 33.8
      vertex 48.0639 -37.5922 2.4
      vertex 47.6943 -37.7245 2.4
    endloop
  endfacet
  facet normal 0.42744 -0.904044 0
    outer loop
      vertex 50.7557 -45.1155 2.4
      vertex 51.1106 -44.9477 33.8
      vertex 50.7557 -45.1155 33.8
    endloop
  endfacet
  facet normal 0.42744 -0.904044 0
    outer loop
      vertex 51.1106 -44.9477 33.8
      vertex 50.7557 -45.1155 2.4
      vertex 51.1106 -44.9477 2.4
    endloop
  endfacet
  facet normal 0.595794 -0.803137 0
    outer loop
      vertex 51.4473 -44.7459 2.4
      vertex 51.7626 -44.512 33.8
      vertex 51.4473 -44.7459 33.8
    endloop
  endfacet
  facet normal 0.595794 -0.803137 0
    outer loop
      vertex 51.7626 -44.512 33.8
      vertex 51.4473 -44.7459 2.4
      vertex 51.7626 -44.512 2.4
    endloop
  endfacet
  facet normal 0.9415 -0.337014 0
    outer loop
      vertex 52.9205 -42.9507 33.8
      vertex 53.0528 -42.5811 2.4
      vertex 53.0528 -42.5811 33.8
    endloop
  endfacet
  facet normal 0.9415 -0.337014 0
    outer loop
      vertex 53.0528 -42.5811 2.4
      vertex 52.9205 -42.9507 33.8
      vertex 52.9205 -42.9507 2.4
    endloop
  endfacet
  facet normal -0.146733 -0.989176 0
    outer loop
      vertex 48.4446 -45.3431 2.4
      vertex 48.8329 -45.4007 33.8
      vertex 48.4446 -45.3431 33.8
    endloop
  endfacet
  facet normal -0.146733 -0.989176 -0
    outer loop
      vertex 48.8329 -45.4007 33.8
      vertex 48.4446 -45.3431 2.4
      vertex 48.8329 -45.4007 2.4
    endloop
  endfacet
  facet normal -0.337014 -0.9415 0
    outer loop
      vertex 47.6943 -45.1155 2.4
      vertex 48.0639 -45.2478 33.8
      vertex 47.6943 -45.1155 33.8
    endloop
  endfacet
  facet normal -0.337014 -0.9415 -0
    outer loop
      vertex 48.0639 -45.2478 33.8
      vertex 47.6943 -45.1155 2.4
      vertex 48.0639 -45.2478 2.4
    endloop
  endfacet
  facet normal -0.803137 -0.595794 0
    outer loop
      vertex 46.133 -43.9576 2.4
      vertex 45.8991 -43.6423 33.8
      vertex 45.8991 -43.6423 2.4
    endloop
  endfacet
  facet normal -0.803137 -0.595794 0
    outer loop
      vertex 45.8991 -43.6423 33.8
      vertex 46.133 -43.9576 2.4
      vertex 46.133 -43.9576 33.8
    endloop
  endfacet
  facet normal -0.970068 -0.242835 0
    outer loop
      vertex 45.3972 -42.5811 3.5
      vertex 45.3019 -42.2004 33.8
      vertex 45.3019 -42.2004 3.5
    endloop
  endfacet
  facet normal -0.970068 -0.242835 0
    outer loop
      vertex 45.3019 -42.2004 33.8
      vertex 45.3972 -42.5811 3.5
      vertex 45.3972 -42.5811 33.8
    endloop
  endfacet
  facet normal 0.970068 0.242835 0
    outer loop
      vertex 53.1481 42.2004 33.8
      vertex 53.0528 42.5811 2.4
      vertex 53.0528 42.5811 33.8
    endloop
  endfacet
  facet normal 0.970068 0.242835 0
    outer loop
      vertex 53.0528 42.5811 2.4
      vertex 53.1481 42.2004 33.8
      vertex 53.1481 42.2004 2.4
    endloop
  endfacet
  facet normal 0.998791 0.0491626 0
    outer loop
      vertex 53.225 41.42 33.8
      vertex 53.2057 41.8121 2.4
      vertex 53.2057 41.8121 33.8
    endloop
  endfacet
  facet normal 0.998791 0.0491626 0
    outer loop
      vertex 53.2057 41.8121 2.4
      vertex 53.225 41.42 33.8
      vertex 53.225 41.42 2.4
    endloop
  endfacet
  facet normal -0.998791 0.0491626 0
    outer loop
      vertex 45.225 41.42 3.5
      vertex 45.2443 41.8121 33.8
      vertex 45.2443 41.8121 3.5
    endloop
  endfacet
  facet normal -0.998791 0.0491626 0
    outer loop
      vertex 45.2443 41.8121 33.8
      vertex 45.225 41.42 3.5
      vertex 45.225 41.42 33.8
    endloop
  endfacet
  facet normal -0.0491626 0.998791 0
    outer loop
      vertex 49.225 45.42 2.4
      vertex 48.8329 45.4007 33.8
      vertex 49.225 45.42 33.8
    endloop
  endfacet
  facet normal -0.0491626 0.998791 0
    outer loop
      vertex 48.8329 45.4007 33.8
      vertex 49.225 45.42 2.4
      vertex 48.8329 45.4007 2.4
    endloop
  endfacet
  facet normal 0.671607 0.740908 -0
    outer loop
      vertex 52.0534 44.2484 2.4
      vertex 51.7626 44.512 33.8
      vertex 52.0534 44.2484 33.8
    endloop
  endfacet
  facet normal 0.671607 0.740908 0
    outer loop
      vertex 51.7626 44.512 33.8
      vertex 52.0534 44.2484 2.4
      vertex 51.7626 44.512 2.4
    endloop
  endfacet
  facet normal -0.740908 0.671607 0
    outer loop
      vertex 46.133 43.9576 2.4
      vertex 46.3966 44.2484 33.8
      vertex 46.3966 44.2484 2.4
    endloop
  endfacet
  facet normal -0.740908 0.671607 0
    outer loop
      vertex 46.3966 44.2484 33.8
      vertex 46.133 43.9576 2.4
      vertex 46.133 43.9576 33.8
    endloop
  endfacet
  facet normal -0.42744 0.904044 0
    outer loop
      vertex 47.6943 45.1155 2.4
      vertex 47.3394 44.9477 33.8
      vertex 47.6943 45.1155 33.8
    endloop
  endfacet
  facet normal -0.42744 0.904044 0
    outer loop
      vertex 47.3394 44.9477 33.8
      vertex 47.6943 45.1155 2.4
      vertex 47.3394 44.9477 2.4
    endloop
  endfacet
  facet normal -0.803137 -0.595794 0
    outer loop
      vertex 46.133 38.8824 2.4
      vertex 45.8991 39.1977 33.8
      vertex 45.8991 39.1977 2.4
    endloop
  endfacet
  facet normal -0.803137 -0.595794 0
    outer loop
      vertex 45.8991 39.1977 33.8
      vertex 46.133 38.8824 2.4
      vertex 46.133 38.8824 33.8
    endloop
  endfacet
  facet normal 0.9415 0.337014 0
    outer loop
      vertex 53.0528 42.5811 33.8
      vertex 52.9205 42.9507 2.4
      vertex 52.9205 42.9507 33.8
    endloop
  endfacet
  facet normal 0.9415 0.337014 0
    outer loop
      vertex 52.9205 42.9507 2.4
      vertex 53.0528 42.5811 33.8
      vertex 53.0528 42.5811 2.4
    endloop
  endfacet
  facet normal 0.337014 0.9415 -0
    outer loop
      vertex 50.7557 45.1155 2.4
      vertex 50.3861 45.2478 33.8
      vertex 50.7557 45.1155 33.8
    endloop
  endfacet
  facet normal 0.337014 0.9415 0
    outer loop
      vertex 50.3861 45.2478 33.8
      vertex 50.7557 45.1155 2.4
      vertex 50.3861 45.2478 2.4
    endloop
  endfacet
  facet normal -0.904044 0.42744 0
    outer loop
      vertex 45.5295 42.9507 2.4
      vertex 45.6973 43.3056 33.8
      vertex 45.6973 43.3056 2.4
    endloop
  endfacet
  facet normal -0.904044 0.42744 0
    outer loop
      vertex 45.6973 43.3056 33.8
      vertex 45.5295 42.9507 2.4
      vertex 45.5295 42.9507 33.8
    endloop
  endfacet
  facet normal -0.85774 0.514084 0
    outer loop
      vertex 45.6973 43.3056 2.4
      vertex 45.8991 43.6423 33.8
      vertex 45.8991 43.6423 2.4
    endloop
  endfacet
  facet normal -0.85774 0.514084 0
    outer loop
      vertex 45.8991 43.6423 33.8
      vertex 45.6973 43.3056 2.4
      vertex 45.6973 43.3056 33.8
    endloop
  endfacet
  facet normal -0.970068 0.242835 0
    outer loop
      vertex 45.3019 42.2004 3.5
      vertex 45.3972 42.5811 33.8
      vertex 45.3972 42.5811 3.5
    endloop
  endfacet
  facet normal -0.970068 0.242835 0
    outer loop
      vertex 45.3972 42.5811 33.8
      vertex 45.3019 42.2004 3.5
      vertex 45.3019 42.2004 33.8
    endloop
  endfacet
  facet normal 0.904044 -0.42744 0
    outer loop
      vertex 52.7527 39.5344 33.8
      vertex 52.9205 39.8893 2.4
      vertex 52.9205 39.8893 33.8
    endloop
  endfacet
  facet normal 0.904044 -0.42744 0
    outer loop
      vertex 52.9205 39.8893 2.4
      vertex 52.7527 39.5344 33.8
      vertex 52.7527 39.5344 2.4
    endloop
  endfacet
  facet normal 0.242835 -0.970068 0
    outer loop
      vertex 50.0054 37.4969 3.5
      vertex 50.3861 37.5922 33.8
      vertex 50.0054 37.4969 33.8
    endloop
  endfacet
  facet normal 0.242835 -0.970068 0
    outer loop
      vertex 50.3861 37.5922 33.8
      vertex 50.0054 37.4969 3.5
      vertex 50.3861 37.5922 3.5
    endloop
  endfacet
  facet normal 0.740908 -0.671607 0
    outer loop
      vertex 52.0534 38.5916 33.8
      vertex 52.317 38.8824 2.4
      vertex 52.317 38.8824 33.8
    endloop
  endfacet
  facet normal 0.740908 -0.671607 0
    outer loop
      vertex 52.317 38.8824 2.4
      vertex 52.0534 38.5916 33.8
      vertex 52.0534 38.5916 2.4
    endloop
  endfacet
  facet normal 0.989176 -0.146733 0
    outer loop
      vertex 53.1481 40.6396 33.8
      vertex 53.2057 41.0279 2.4
      vertex 53.2057 41.0279 33.8
    endloop
  endfacet
  facet normal 0.989176 -0.146733 0
    outer loop
      vertex 53.2057 41.0279 2.4
      vertex 53.1481 40.6396 33.8
      vertex 53.1481 40.6396 2.4
    endloop
  endfacet
  facet normal 0.970068 -0.242835 0
    outer loop
      vertex 53.0528 40.2589 33.8
      vertex 53.1481 40.6396 2.4
      vertex 53.1481 40.6396 33.8
    endloop
  endfacet
  facet normal 0.970068 -0.242835 0
    outer loop
      vertex 53.1481 40.6396 2.4
      vertex 53.0528 40.2589 33.8
      vertex 53.0528 40.2589 2.4
    endloop
  endfacet
  facet normal -0.337014 -0.9415 0
    outer loop
      vertex 47.6943 37.7245 2.4
      vertex 48.0639 37.5922 33.8
      vertex 47.6943 37.7245 33.8
    endloop
  endfacet
  facet normal -0.337014 -0.9415 -0
    outer loop
      vertex 48.0639 37.5922 33.8
      vertex 47.6943 37.7245 2.4
      vertex 48.0639 37.5922 2.4
    endloop
  endfacet
  facet normal -0.514084 -0.85774 0
    outer loop
      vertex 47.0027 38.0941 2.4
      vertex 47.3394 37.8923 33.8
      vertex 47.0027 38.0941 33.8
    endloop
  endfacet
  facet normal -0.514084 -0.85774 -0
    outer loop
      vertex 47.3394 37.8923 33.8
      vertex 47.0027 38.0941 2.4
      vertex 47.3394 37.8923 2.4
    endloop
  endfacet
  facet normal 0.904044 0.42744 0
    outer loop
      vertex 52.9205 42.9507 33.8
      vertex 52.7527 43.3056 2.4
      vertex 52.7527 43.3056 33.8
    endloop
  endfacet
  facet normal 0.904044 0.42744 0
    outer loop
      vertex 52.7527 43.3056 2.4
      vertex 52.9205 42.9507 33.8
      vertex 52.9205 42.9507 2.4
    endloop
  endfacet
  facet normal 0.85774 0.514084 0
    outer loop
      vertex 52.7527 43.3056 33.8
      vertex 52.5509 43.6423 2.4
      vertex 52.5509 43.6423 33.8
    endloop
  endfacet
  facet normal 0.85774 0.514084 0
    outer loop
      vertex 52.5509 43.6423 2.4
      vertex 52.7527 43.3056 33.8
      vertex 52.7527 43.3056 2.4
    endloop
  endfacet
  facet normal 0.740908 0.671607 0
    outer loop
      vertex 52.317 43.9576 33.8
      vertex 52.0534 44.2484 2.4
      vertex 52.0534 44.2484 33.8
    endloop
  endfacet
  facet normal 0.740908 0.671607 0
    outer loop
      vertex 52.0534 44.2484 2.4
      vertex 52.317 43.9576 33.8
      vertex 52.317 43.9576 2.4
    endloop
  endfacet
  facet normal 0.803137 0.595794 0
    outer loop
      vertex 52.5509 43.6423 33.8
      vertex 52.317 43.9576 2.4
      vertex 52.317 43.9576 33.8
    endloop
  endfacet
  facet normal 0.803137 0.595794 0
    outer loop
      vertex 52.317 43.9576 2.4
      vertex 52.5509 43.6423 33.8
      vertex 52.5509 43.6423 2.4
    endloop
  endfacet
  facet normal 0.146733 0.989176 -0
    outer loop
      vertex 50.0054 45.3431 2.4
      vertex 49.6171 45.4007 33.8
      vertex 50.0054 45.3431 33.8
    endloop
  endfacet
  facet normal 0.146733 0.989176 0
    outer loop
      vertex 49.6171 45.4007 33.8
      vertex 50.0054 45.3431 2.4
      vertex 49.6171 45.4007 2.4
    endloop
  endfacet
  facet normal 0.595794 0.803137 -0
    outer loop
      vertex 51.7626 44.512 2.4
      vertex 51.4473 44.7459 33.8
      vertex 51.7626 44.512 33.8
    endloop
  endfacet
  facet normal 0.595794 0.803137 0
    outer loop
      vertex 51.4473 44.7459 33.8
      vertex 51.7626 44.512 2.4
      vertex 51.4473 44.7459 2.4
    endloop
  endfacet
  facet normal 0.514084 0.85774 -0
    outer loop
      vertex 51.4473 44.7459 2.4
      vertex 51.1106 44.9477 33.8
      vertex 51.4473 44.7459 33.8
    endloop
  endfacet
  facet normal 0.514084 0.85774 0
    outer loop
      vertex 51.1106 44.9477 33.8
      vertex 51.4473 44.7459 2.4
      vertex 51.1106 44.9477 2.4
    endloop
  endfacet
  facet normal -0.941478 0.337076 0
    outer loop
      vertex 45.4111 42.62 3.5
      vertex 45.5295 42.9507 2.4
      vertex 45.4111 42.62 2.4
    endloop
  endfacet
  facet normal -0.941478 0.337076 0
    outer loop
      vertex 45.5295 42.9507 2.4
      vertex 45.4111 42.62 3.5
      vertex 45.5295 42.9507 33.8
    endloop
  endfacet
  facet normal -0.941687 0.33649 0
    outer loop
      vertex 45.3972 42.5811 33.8
      vertex 45.4111 42.62 3.5
      vertex 45.3972 42.5811 3.5
    endloop
  endfacet
  facet normal -0.9415 0.337014 7.5916e-07
    outer loop
      vertex 45.4111 42.62 3.5
      vertex 45.3972 42.5811 33.8
      vertex 45.5295 42.9507 33.8
    endloop
  endfacet
  facet normal -0.595794 0.803137 0
    outer loop
      vertex 47.0027 44.7459 2.4
      vertex 46.6874 44.512 33.8
      vertex 47.0027 44.7459 33.8
    endloop
  endfacet
  facet normal -0.595794 0.803137 0
    outer loop
      vertex 46.6874 44.512 33.8
      vertex 47.0027 44.7459 2.4
      vertex 46.6874 44.512 2.4
    endloop
  endfacet
  facet normal -0.146733 0.989176 0
    outer loop
      vertex 48.8329 45.4007 2.4
      vertex 48.4446 45.3431 33.8
      vertex 48.8329 45.4007 33.8
    endloop
  endfacet
  facet normal -0.146733 0.989176 0
    outer loop
      vertex 48.4446 45.3431 33.8
      vertex 48.8329 45.4007 2.4
      vertex 48.4446 45.3431 2.4
    endloop
  endfacet
  facet normal -0.242835 0.970068 0
    outer loop
      vertex 48.4446 45.3431 2.4
      vertex 48.0639 45.2478 33.8
      vertex 48.4446 45.3431 33.8
    endloop
  endfacet
  facet normal -0.242835 0.970068 0
    outer loop
      vertex 48.0639 45.2478 33.8
      vertex 48.4446 45.3431 2.4
      vertex 48.0639 45.2478 2.4
    endloop
  endfacet
  facet normal 0.0491626 -0.998791 0
    outer loop
      vertex 49.225 37.42 3.5
      vertex 49.6171 37.4393 33.8
      vertex 49.225 37.42 33.8
    endloop
  endfacet
  facet normal 0.0491626 -0.998791 0
    outer loop
      vertex 49.6171 37.4393 33.8
      vertex 49.225 37.42 3.5
      vertex 49.6171 37.4393 3.5
    endloop
  endfacet
  facet normal 0.146733 -0.989176 0
    outer loop
      vertex 49.6171 37.4393 3.5
      vertex 50.0054 37.4969 33.8
      vertex 49.6171 37.4393 33.8
    endloop
  endfacet
  facet normal 0.146733 -0.989176 0
    outer loop
      vertex 50.0054 37.4969 33.8
      vertex 49.6171 37.4393 3.5
      vertex 50.0054 37.4969 3.5
    endloop
  endfacet
  facet normal 0.42744 -0.904044 0
    outer loop
      vertex 50.7557 37.7245 2.4
      vertex 51.1106 37.8923 33.8
      vertex 50.7557 37.7245 33.8
    endloop
  endfacet
  facet normal 0.42744 -0.904044 0
    outer loop
      vertex 51.1106 37.8923 33.8
      vertex 50.7557 37.7245 2.4
      vertex 51.1106 37.8923 2.4
    endloop
  endfacet
  facet normal 0.803137 -0.595794 0
    outer loop
      vertex 52.317 38.8824 33.8
      vertex 52.5509 39.1977 2.4
      vertex 52.5509 39.1977 33.8
    endloop
  endfacet
  facet normal 0.803137 -0.595794 0
    outer loop
      vertex 52.5509 39.1977 2.4
      vertex 52.317 38.8824 33.8
      vertex 52.317 38.8824 2.4
    endloop
  endfacet
  facet normal 0.85774 -0.514084 0
    outer loop
      vertex 52.5509 39.1977 33.8
      vertex 52.7527 39.5344 2.4
      vertex 52.7527 39.5344 33.8
    endloop
  endfacet
  facet normal 0.85774 -0.514084 0
    outer loop
      vertex 52.7527 39.5344 2.4
      vertex 52.5509 39.1977 33.8
      vertex 52.5509 39.1977 2.4
    endloop
  endfacet
  facet normal -0.146733 -0.989176 0
    outer loop
      vertex 48.4446 37.4969 2.4
      vertex 48.8329 37.4393 33.8
      vertex 48.4446 37.4969 33.8
    endloop
  endfacet
  facet normal -0.146733 -0.989176 -0
    outer loop
      vertex 48.8329 37.4393 33.8
      vertex 48.4446 37.4969 2.4
      vertex 48.8329 37.4393 2.4
    endloop
  endfacet
  facet normal -0.671607 -0.740908 0
    outer loop
      vertex 46.3966 38.5916 2.4
      vertex 46.6874 38.328 33.8
      vertex 46.3966 38.5916 33.8
    endloop
  endfacet
  facet normal -0.671607 -0.740908 -0
    outer loop
      vertex 46.6874 38.328 33.8
      vertex 46.3966 38.5916 2.4
      vertex 46.6874 38.328 2.4
    endloop
  endfacet
  facet normal -0.0491626 -0.998791 1.46448e-06
    outer loop
      vertex 48.8329 37.4393 33.8
      vertex 49.025 37.4298 3.5
      vertex 49.225 37.42 33.8
    endloop
  endfacet
  facet normal -0.049393 -0.998779 0
    outer loop
      vertex 48.8329 37.4393 2.4
      vertex 49.025 37.4298 3.5
      vertex 48.8329 37.4393 33.8
    endloop
  endfacet
  facet normal -0.049393 -0.998779 -0
    outer loop
      vertex 49.025 37.4298 3.5
      vertex 48.8329 37.4393 2.4
      vertex 49.025 37.4298 2.4
    endloop
  endfacet
  facet normal -0.0489413 -0.998802 -0
    outer loop
      vertex 49.225 37.42 33.8
      vertex 49.025 37.4298 3.5
      vertex 49.225 37.42 3.5
    endloop
  endfacet
  facet normal -0.595794 -0.803137 0
    outer loop
      vertex 46.6874 38.328 2.4
      vertex 47.0027 38.0941 33.8
      vertex 46.6874 38.328 33.8
    endloop
  endfacet
  facet normal -0.595794 -0.803137 -0
    outer loop
      vertex 47.0027 38.0941 33.8
      vertex 46.6874 38.328 2.4
      vertex 47.0027 38.0941 2.4
    endloop
  endfacet
  facet normal -0.740908 -0.671607 0
    outer loop
      vertex 46.3966 38.5916 2.4
      vertex 46.133 38.8824 33.8
      vertex 46.133 38.8824 2.4
    endloop
  endfacet
  facet normal -0.740908 -0.671607 0
    outer loop
      vertex 46.133 38.8824 33.8
      vertex 46.3966 38.5916 2.4
      vertex 46.3966 38.5916 33.8
    endloop
  endfacet
  facet normal -0.904044 -0.42744 0
    outer loop
      vertex 45.6973 39.5344 2.4
      vertex 45.5295 39.8893 33.8
      vertex 45.5295 39.8893 2.4
    endloop
  endfacet
  facet normal -0.904044 -0.42744 0
    outer loop
      vertex 45.5295 39.8893 33.8
      vertex 45.6973 39.5344 2.4
      vertex 45.6973 39.5344 33.8
    endloop
  endfacet
  facet normal -0.970068 -0.242835 0
    outer loop
      vertex 45.3972 40.2589 2.4
      vertex 45.3019 40.6396 33.8
      vertex 45.3019 40.6396 2.4
    endloop
  endfacet
  facet normal -0.970068 -0.242835 0
    outer loop
      vertex 45.3019 40.6396 33.8
      vertex 45.3972 40.2589 2.4
      vertex 45.3972 40.2589 33.8
    endloop
  endfacet
  facet normal -0.998779 -0.049393 0
    outer loop
      vertex 45.2348 41.22 2.4
      vertex 45.2443 41.0279 2.4
      vertex 45.2348 41.22 3.5
    endloop
  endfacet
  facet normal -0.998802 -0.0489413 0
    outer loop
      vertex 45.2348 41.22 3.5
      vertex 45.225 41.42 33.8
      vertex 45.225 41.42 3.5
    endloop
  endfacet
  facet normal -0.998779 -0.049393 -0
    outer loop
      vertex 45.2443 41.0279 33.8
      vertex 45.2348 41.22 3.5
      vertex 45.2443 41.0279 2.4
    endloop
  endfacet
  facet normal -0.998791 -0.0491626 1.46448e-06
    outer loop
      vertex 45.2348 41.22 3.5
      vertex 45.2443 41.0279 33.8
      vertex 45.225 41.42 33.8
    endloop
  endfacet
  facet normal -0.9415 -0.337014 0
    outer loop
      vertex 45.5295 39.8893 2.4
      vertex 45.3972 40.2589 33.8
      vertex 45.3972 40.2589 2.4
    endloop
  endfacet
  facet normal -0.9415 -0.337014 0
    outer loop
      vertex 45.3972 40.2589 33.8
      vertex 45.5295 39.8893 2.4
      vertex 45.5295 39.8893 33.8
    endloop
  endfacet
  facet normal 0.989176 0.146733 0
    outer loop
      vertex 53.2057 41.8121 33.8
      vertex 53.1481 42.2004 2.4
      vertex 53.1481 42.2004 33.8
    endloop
  endfacet
  facet normal 0.989176 0.146733 0
    outer loop
      vertex 53.1481 42.2004 2.4
      vertex 53.2057 41.8121 33.8
      vertex 53.2057 41.8121 2.4
    endloop
  endfacet
  facet normal 0.0491626 0.998791 -0
    outer loop
      vertex 49.6171 45.4007 2.4
      vertex 49.225 45.42 33.8
      vertex 49.6171 45.4007 33.8
    endloop
  endfacet
  facet normal 0.0491626 0.998791 0
    outer loop
      vertex 49.225 45.42 33.8
      vertex 49.6171 45.4007 2.4
      vertex 49.225 45.42 2.4
    endloop
  endfacet
  facet normal 0.242835 0.970068 -0
    outer loop
      vertex 50.3861 45.2478 2.4
      vertex 50.0054 45.3431 33.8
      vertex 50.3861 45.2478 33.8
    endloop
  endfacet
  facet normal 0.242835 0.970068 0
    outer loop
      vertex 50.0054 45.3431 33.8
      vertex 50.3861 45.2478 2.4
      vertex 50.0054 45.3431 2.4
    endloop
  endfacet
  facet normal 0.42744 0.904044 -0
    outer loop
      vertex 51.1106 44.9477 2.4
      vertex 50.7557 45.1155 33.8
      vertex 51.1106 44.9477 33.8
    endloop
  endfacet
  facet normal 0.42744 0.904044 0
    outer loop
      vertex 50.7557 45.1155 33.8
      vertex 51.1106 44.9477 2.4
      vertex 50.7557 45.1155 2.4
    endloop
  endfacet
  facet normal -0.803137 0.595794 0
    outer loop
      vertex 45.8991 43.6423 2.4
      vertex 46.133 43.9576 33.8
      vertex 46.133 43.9576 2.4
    endloop
  endfacet
  facet normal -0.803137 0.595794 0
    outer loop
      vertex 46.133 43.9576 33.8
      vertex 45.8991 43.6423 2.4
      vertex 45.8991 43.6423 33.8
    endloop
  endfacet
  facet normal 0 0 1
    outer loop
      vertex 50.525 41.42 33.8
      vertex 53.225 41.42 33.8
      vertex 53.2057 41.8121 33.8
    endloop
  endfacet
  facet normal 0 0 1
    outer loop
      vertex 50.5187 41.5474 33.8
      vertex 53.2057 41.8121 33.8
      vertex 53.1481 42.2004 33.8
    endloop
  endfacet
  facet normal 0 0 1
    outer loop
      vertex 53.225 41.42 33.8
      vertex 50.525 41.42 33.8
      vertex 53.2057 41.0279 33.8
    endloop
  endfacet
  facet normal 0 0 1
    outer loop
      vertex 50.5 41.6736 33.8
      vertex 53.1481 42.2004 33.8
      vertex 53.0528 42.5811 33.8
    endloop
  endfacet
  facet normal -0 0 1
    outer loop
      vertex 50.5187 41.2926 33.8
      vertex 53.2057 41.0279 33.8
      vertex 50.525 41.42 33.8
    endloop
  endfacet
  facet normal 0 0 1
    outer loop
      vertex 50.469 41.7974 33.8
      vertex 53.0528 42.5811 33.8
      vertex 52.9205 42.9507 33.8
    endloop
  endfacet
  facet normal 0 0 1
    outer loop
      vertex 53.2057 41.0279 33.8
      vertex 50.5187 41.2926 33.8
      vertex 53.1481 40.6396 33.8
    endloop
  endfacet
  facet normal 0 0 1
    outer loop
      vertex 50.426 41.9175 33.8
      vertex 52.9205 42.9507 33.8
      vertex 52.7527 43.3056 33.8
    endloop
  endfacet
  facet normal -0 0 1
    outer loop
      vertex 50.5 41.1664 33.8
      vertex 53.1481 40.6396 33.8
      vertex 50.5187 41.2926 33.8
    endloop
  endfacet
  facet normal 0 0 1
    outer loop
      vertex 50.3715 42.0328 33.8
      vertex 52.7527 43.3056 33.8
      vertex 52.5509 43.6423 33.8
    endloop
  endfacet
  facet normal 0 0 1
    outer loop
      vertex 53.1481 40.6396 33.8
      vertex 50.5 41.1664 33.8
      vertex 53.0528 40.2589 33.8
    endloop
  endfacet
  facet normal 0 0 1
    outer loop
      vertex 50.3059 42.1422 33.8
      vertex 52.5509 43.6423 33.8
      vertex 52.317 43.9576 33.8
    endloop
  endfacet
  facet normal -0 0 1
    outer loop
      vertex 50.469 41.0426 33.8
      vertex 53.0528 40.2589 33.8
      vertex 50.5 41.1664 33.8
    endloop
  endfacet
  facet normal 0 0 1
    outer loop
      vertex 50.2299 42.2447 33.8
      vertex 52.317 43.9576 33.8
      vertex 52.0534 44.2484 33.8
    endloop
  endfacet
  facet normal 0 0 1
    outer loop
      vertex 53.0528 40.2589 33.8
      vertex 50.469 41.0426 33.8
      vertex 52.9205 39.8893 33.8
    endloop
  endfacet
  facet normal 0 0 1
    outer loop
      vertex 50.1442 42.3392 33.8
      vertex 52.0534 44.2484 33.8
      vertex 51.7626 44.512 33.8
    endloop
  endfacet
  facet normal -0 0 1
    outer loop
      vertex 50.426 40.9225 33.8
      vertex 52.9205 39.8893 33.8
      vertex 50.469 41.0426 33.8
    endloop
  endfacet
  facet normal 0 0 1
    outer loop
      vertex 50.0497 42.4249 33.8
      vertex 51.7626 44.512 33.8
      vertex 51.4473 44.7459 33.8
    endloop
  endfacet
  facet normal 0 0 1
    outer loop
      vertex 52.9205 39.8893 33.8
      vertex 50.426 40.9225 33.8
      vertex 52.7527 39.5344 33.8
    endloop
  endfacet
  facet normal 0 0 1
    outer loop
      vertex 49.9472 42.5009 33.8
      vertex 51.4473 44.7459 33.8
      vertex 51.1106 44.9477 33.8
    endloop
  endfacet
  facet normal -0 0 1
    outer loop
      vertex 50.3715 40.8072 33.8
      vertex 52.7527 39.5344 33.8
      vertex 50.426 40.9225 33.8
    endloop
  endfacet
  facet normal 0 0 1
    outer loop
      vertex 49.8378 42.5665 33.8
      vertex 51.1106 44.9477 33.8
      vertex 50.7557 45.1155 33.8
    endloop
  endfacet
  facet normal 0 0 1
    outer loop
      vertex 52.7527 39.5344 33.8
      vertex 50.3715 40.8072 33.8
      vertex 52.5509 39.1977 33.8
    endloop
  endfacet
  facet normal -0 0 1
    outer loop
      vertex 50.3059 40.6978 33.8
      vertex 52.5509 39.1977 33.8
      vertex 50.3715 40.8072 33.8
    endloop
  endfacet
  facet normal 0 0 1
    outer loop
      vertex 53.2057 41.8121 33.8
      vertex 50.5187 41.5474 33.8
      vertex 50.525 41.42 33.8
    endloop
  endfacet
  facet normal 0 0 1
    outer loop
      vertex 53.1481 42.2004 33.8
      vertex 50.5 41.6736 33.8
      vertex 50.5187 41.5474 33.8
    endloop
  endfacet
  facet normal 0 0 1
    outer loop
      vertex 53.0528 42.5811 33.8
      vertex 50.469 41.7974 33.8
      vertex 50.5 41.6736 33.8
    endloop
  endfacet
  facet normal 0 0 1
    outer loop
      vertex 52.9205 42.9507 33.8
      vertex 50.426 41.9175 33.8
      vertex 50.469 41.7974 33.8
    endloop
  endfacet
  facet normal 0 0 1
    outer loop
      vertex 49.7225 42.621 33.8
      vertex 50.7557 45.1155 33.8
      vertex 50.3861 45.2478 33.8
    endloop
  endfacet
  facet normal 0 0 1
    outer loop
      vertex 52.7527 43.3056 33.8
      vertex 50.3715 42.0328 33.8
      vertex 50.426 41.9175 33.8
    endloop
  endfacet
  facet normal 0 0 1
    outer loop
      vertex 52.5509 43.6423 33.8
      vertex 50.3059 42.1422 33.8
      vertex 50.3715 42.0328 33.8
    endloop
  endfacet
  facet normal 0 0 1
    outer loop
      vertex 52.317 43.9576 33.8
      vertex 50.2299 42.2447 33.8
      vertex 50.3059 42.1422 33.8
    endloop
  endfacet
  facet normal 0 0 1
    outer loop
      vertex 52.0534 44.2484 33.8
      vertex 50.1442 42.3392 33.8
      vertex 50.2299 42.2447 33.8
    endloop
  endfacet
  facet normal 0 0 1
    outer loop
      vertex 51.7626 44.512 33.8
      vertex 50.0497 42.4249 33.8
      vertex 50.1442 42.3392 33.8
    endloop
  endfacet
  facet normal 0 0 1
    outer loop
      vertex 49.6024 42.664 33.8
      vertex 50.3861 45.2478 33.8
      vertex 50.0054 45.3431 33.8
    endloop
  endfacet
  facet normal 0 0 1
    outer loop
      vertex 51.4473 44.7459 33.8
      vertex 49.9472 42.5009 33.8
      vertex 50.0497 42.4249 33.8
    endloop
  endfacet
  facet normal 0 0 1
    outer loop
      vertex 51.1106 44.9477 33.8
      vertex 49.8378 42.5665 33.8
      vertex 49.9472 42.5009 33.8
    endloop
  endfacet
  facet normal 0 0 1
    outer loop
      vertex 50.7557 45.1155 33.8
      vertex 49.7225 42.621 33.8
      vertex 49.8378 42.5665 33.8
    endloop
  endfacet
  facet normal 0 0 1
    outer loop
      vertex 49.4786 42.695 33.8
      vertex 50.0054 45.3431 33.8
      vertex 49.6171 45.4007 33.8
    endloop
  endfacet
  facet normal 0 0 1
    outer loop
      vertex 50.3861 45.2478 33.8
      vertex 49.6024 42.664 33.8
      vertex 49.7225 42.621 33.8
    endloop
  endfacet
  facet normal 0 0 1
    outer loop
      vertex 50.0054 45.3431 33.8
      vertex 49.4786 42.695 33.8
      vertex 49.6024 42.664 33.8
    endloop
  endfacet
  facet normal 0 0 1
    outer loop
      vertex 49.6171 45.4007 33.8
      vertex 49.3524 42.7137 33.8
      vertex 49.4786 42.695 33.8
    endloop
  endfacet
  facet normal 0 0 1
    outer loop
      vertex 49.225 45.42 33.8
      vertex 49.3524 42.7137 33.8
      vertex 49.6171 45.4007 33.8
    endloop
  endfacet
  facet normal 0 0 1
    outer loop
      vertex 49.225 45.42 33.8
      vertex 49.225 42.72 33.8
      vertex 49.3524 42.7137 33.8
    endloop
  endfacet
  facet normal 0 0 1
    outer loop
      vertex 49.225 45.42 33.8
      vertex 49.0976 42.7137 33.8
      vertex 49.225 42.72 33.8
    endloop
  endfacet
  facet normal -0 0 1
    outer loop
      vertex 48.8329 45.4007 33.8
      vertex 49.0976 42.7137 33.8
      vertex 49.225 45.42 33.8
    endloop
  endfacet
  facet normal 0 0 1
    outer loop
      vertex 49.0976 42.7137 33.8
      vertex 48.8329 45.4007 33.8
      vertex 48.9714 42.695 33.8
    endloop
  endfacet
  facet normal -0 0 1
    outer loop
      vertex 48.4446 45.3431 33.8
      vertex 48.9714 42.695 33.8
      vertex 48.8329 45.4007 33.8
    endloop
  endfacet
  facet normal 0 0 1
    outer loop
      vertex 48.9714 42.695 33.8
      vertex 48.4446 45.3431 33.8
      vertex 48.8476 42.664 33.8
    endloop
  endfacet
  facet normal -0 0 1
    outer loop
      vertex 48.0639 45.2478 33.8
      vertex 48.8476 42.664 33.8
      vertex 48.4446 45.3431 33.8
    endloop
  endfacet
  facet normal 0 0 1
    outer loop
      vertex 48.8476 42.664 33.8
      vertex 48.0639 45.2478 33.8
      vertex 48.7275 42.621 33.8
    endloop
  endfacet
  facet normal -0 0 1
    outer loop
      vertex 47.6943 45.1155 33.8
      vertex 48.7275 42.621 33.8
      vertex 48.0639 45.2478 33.8
    endloop
  endfacet
  facet normal 0 0 1
    outer loop
      vertex 48.7275 42.621 33.8
      vertex 47.6943 45.1155 33.8
      vertex 48.6122 42.5665 33.8
    endloop
  endfacet
  facet normal -0 0 1
    outer loop
      vertex 47.3394 44.9477 33.8
      vertex 48.6122 42.5665 33.8
      vertex 47.6943 45.1155 33.8
    endloop
  endfacet
  facet normal 0 0 1
    outer loop
      vertex 48.6122 42.5665 33.8
      vertex 47.3394 44.9477 33.8
      vertex 48.5028 42.5009 33.8
    endloop
  endfacet
  facet normal -0 0 1
    outer loop
      vertex 47.0027 44.7459 33.8
      vertex 48.5028 42.5009 33.8
      vertex 47.3394 44.9477 33.8
    endloop
  endfacet
  facet normal 0 0 1
    outer loop
      vertex 48.5028 42.5009 33.8
      vertex 47.0027 44.7459 33.8
      vertex 48.4003 42.4249 33.8
    endloop
  endfacet
  facet normal -0 0 1
    outer loop
      vertex 46.6874 44.512 33.8
      vertex 48.4003 42.4249 33.8
      vertex 47.0027 44.7459 33.8
    endloop
  endfacet
  facet normal 0 0 1
    outer loop
      vertex 48.4003 42.4249 33.8
      vertex 46.6874 44.512 33.8
      vertex 48.3058 42.3392 33.8
    endloop
  endfacet
  facet normal -0 0 1
    outer loop
      vertex 46.3966 44.2484 33.8
      vertex 48.3058 42.3392 33.8
      vertex 46.6874 44.512 33.8
    endloop
  endfacet
  facet normal 0 0 1
    outer loop
      vertex 48.3058 42.3392 33.8
      vertex 46.3966 44.2484 33.8
      vertex 48.2201 42.2447 33.8
    endloop
  endfacet
  facet normal -0 0 1
    outer loop
      vertex 46.133 43.9576 33.8
      vertex 48.2201 42.2447 33.8
      vertex 46.3966 44.2484 33.8
    endloop
  endfacet
  facet normal 0 0 1
    outer loop
      vertex 48.2201 42.2447 33.8
      vertex 46.133 43.9576 33.8
      vertex 48.1441 42.1422 33.8
    endloop
  endfacet
  facet normal -0 0 1
    outer loop
      vertex 45.8991 43.6423 33.8
      vertex 48.1441 42.1422 33.8
      vertex 46.133 43.9576 33.8
    endloop
  endfacet
  facet normal 0 0 1
    outer loop
      vertex 52.5509 39.1977 33.8
      vertex 50.3059 40.6978 33.8
      vertex 52.317 38.8824 33.8
    endloop
  endfacet
  facet normal -0 0 1
    outer loop
      vertex 50.2299 40.5953 33.8
      vertex 52.317 38.8824 33.8
      vertex 50.3059 40.6978 33.8
    endloop
  endfacet
  facet normal 0 0 1
    outer loop
      vertex 52.317 38.8824 33.8
      vertex 50.2299 40.5953 33.8
      vertex 52.0534 38.5916 33.8
    endloop
  endfacet
  facet normal -0 0 1
    outer loop
      vertex 50.1442 40.5008 33.8
      vertex 52.0534 38.5916 33.8
      vertex 50.2299 40.5953 33.8
    endloop
  endfacet
  facet normal 0 0 1
    outer loop
      vertex 52.0534 38.5916 33.8
      vertex 50.1442 40.5008 33.8
      vertex 51.7626 38.328 33.8
    endloop
  endfacet
  facet normal -0 0 1
    outer loop
      vertex 50.0497 40.4151 33.8
      vertex 51.7626 38.328 33.8
      vertex 50.1442 40.5008 33.8
    endloop
  endfacet
  facet normal 0 0 1
    outer loop
      vertex 51.7626 38.328 33.8
      vertex 50.0497 40.4151 33.8
      vertex 51.4473 38.0941 33.8
    endloop
  endfacet
  facet normal -0 0 1
    outer loop
      vertex 49.9472 40.3391 33.8
      vertex 51.4473 38.0941 33.8
      vertex 50.0497 40.4151 33.8
    endloop
  endfacet
  facet normal 0 0 1
    outer loop
      vertex 51.4473 38.0941 33.8
      vertex 49.9472 40.3391 33.8
      vertex 51.1106 37.8923 33.8
    endloop
  endfacet
  facet normal -0 0 1
    outer loop
      vertex 49.8378 40.2735 33.8
      vertex 51.1106 37.8923 33.8
      vertex 49.9472 40.3391 33.8
    endloop
  endfacet
  facet normal 0 0 1
    outer loop
      vertex 51.1106 37.8923 33.8
      vertex 49.8378 40.2735 33.8
      vertex 50.7557 37.7245 33.8
    endloop
  endfacet
  facet normal -0 0 1
    outer loop
      vertex 49.7225 40.219 33.8
      vertex 50.7557 37.7245 33.8
      vertex 49.8378 40.2735 33.8
    endloop
  endfacet
  facet normal 0 0 1
    outer loop
      vertex 50.7557 37.7245 33.8
      vertex 49.7225 40.219 33.8
      vertex 50.3861 37.5922 33.8
    endloop
  endfacet
  facet normal -0 0 1
    outer loop
      vertex 49.6024 40.176 33.8
      vertex 50.3861 37.5922 33.8
      vertex 49.7225 40.219 33.8
    endloop
  endfacet
  facet normal 0 0 1
    outer loop
      vertex 50.3861 37.5922 33.8
      vertex 49.6024 40.176 33.8
      vertex 50.0054 37.4969 33.8
    endloop
  endfacet
  facet normal -0 0 1
    outer loop
      vertex 49.4786 40.145 33.8
      vertex 50.0054 37.4969 33.8
      vertex 49.6024 40.176 33.8
    endloop
  endfacet
  facet normal 0 0 1
    outer loop
      vertex 50.0054 37.4969 33.8
      vertex 49.4786 40.145 33.8
      vertex 49.6171 37.4393 33.8
    endloop
  endfacet
  facet normal -0 0 1
    outer loop
      vertex 49.3524 40.1263 33.8
      vertex 49.6171 37.4393 33.8
      vertex 49.4786 40.145 33.8
    endloop
  endfacet
  facet normal -0 0 1
    outer loop
      vertex 49.225 40.12 33.8
      vertex 49.6171 37.4393 33.8
      vertex 49.3524 40.1263 33.8
    endloop
  endfacet
  facet normal 0 0 1
    outer loop
      vertex 49.225 40.12 33.8
      vertex 49.225 37.42 33.8
      vertex 49.6171 37.4393 33.8
    endloop
  endfacet
  facet normal 0 0 1
    outer loop
      vertex 49.0976 40.1263 33.8
      vertex 49.225 37.42 33.8
      vertex 49.225 40.12 33.8
    endloop
  endfacet
  facet normal 0 0 1
    outer loop
      vertex 48.8329 37.4393 33.8
      vertex 49.0976 40.1263 33.8
      vertex 48.9714 40.145 33.8
    endloop
  endfacet
  facet normal 0 0 1
    outer loop
      vertex 48.4446 37.4969 33.8
      vertex 48.9714 40.145 33.8
      vertex 48.8476 40.176 33.8
    endloop
  endfacet
  facet normal 0 0 1
    outer loop
      vertex 49.0976 40.1263 33.8
      vertex 48.8329 37.4393 33.8
      vertex 49.225 37.42 33.8
    endloop
  endfacet
  facet normal 0 0 1
    outer loop
      vertex 48.0639 37.5922 33.8
      vertex 48.8476 40.176 33.8
      vertex 48.7275 40.219 33.8
    endloop
  endfacet
  facet normal 0 0 1
    outer loop
      vertex 47.6943 37.7245 33.8
      vertex 48.7275 40.219 33.8
      vertex 48.6122 40.2735 33.8
    endloop
  endfacet
  facet normal 0 0 1
    outer loop
      vertex 47.3394 37.8923 33.8
      vertex 48.6122 40.2735 33.8
      vertex 48.5028 40.3391 33.8
    endloop
  endfacet
  facet normal 0 0 1
    outer loop
      vertex 48.9714 40.145 33.8
      vertex 48.4446 37.4969 33.8
      vertex 48.8329 37.4393 33.8
    endloop
  endfacet
  facet normal 0 0 1
    outer loop
      vertex 47.0027 38.0941 33.8
      vertex 48.5028 40.3391 33.8
      vertex 48.4003 40.4151 33.8
    endloop
  endfacet
  facet normal 0 0 1
    outer loop
      vertex 46.6874 38.328 33.8
      vertex 48.4003 40.4151 33.8
      vertex 48.3058 40.5008 33.8
    endloop
  endfacet
  facet normal 0 0 1
    outer loop
      vertex 46.3966 38.5916 33.8
      vertex 48.3058 40.5008 33.8
      vertex 48.2201 40.5953 33.8
    endloop
  endfacet
  facet normal 0 0 1
    outer loop
      vertex 46.133 38.8824 33.8
      vertex 48.2201 40.5953 33.8
      vertex 48.1441 40.6978 33.8
    endloop
  endfacet
  facet normal 0 0 1
    outer loop
      vertex 45.8991 39.1977 33.8
      vertex 48.1441 40.6978 33.8
      vertex 48.0785 40.8072 33.8
    endloop
  endfacet
  facet normal 0 0 1
    outer loop
      vertex 48.8476 40.176 33.8
      vertex 48.0639 37.5922 33.8
      vertex 48.4446 37.4969 33.8
    endloop
  endfacet
  facet normal 0 0 1
    outer loop
      vertex 45.6973 39.5344 33.8
      vertex 48.0785 40.8072 33.8
      vertex 48.024 40.9225 33.8
    endloop
  endfacet
  facet normal 0 0 1
    outer loop
      vertex 45.5295 39.8893 33.8
      vertex 48.024 40.9225 33.8
      vertex 47.981 41.0426 33.8
    endloop
  endfacet
  facet normal 0 0 1
    outer loop
      vertex 45.3972 40.2589 33.8
      vertex 47.981 41.0426 33.8
      vertex 47.95 41.1664 33.8
    endloop
  endfacet
  facet normal 0 0 1
    outer loop
      vertex 45.3019 40.6396 33.8
      vertex 47.95 41.1664 33.8
      vertex 47.9313 41.2926 33.8
    endloop
  endfacet
  facet normal 0 0 1
    outer loop
      vertex 45.2443 41.0279 33.8
      vertex 47.9313 41.2926 33.8
      vertex 47.925 41.42 33.8
    endloop
  endfacet
  facet normal 0 0 1
    outer loop
      vertex 48.1441 42.1422 33.8
      vertex 45.8991 43.6423 33.8
      vertex 48.0785 42.0328 33.8
    endloop
  endfacet
  facet normal 0 0 1
    outer loop
      vertex 48.7275 40.219 33.8
      vertex 47.6943 37.7245 33.8
      vertex 48.0639 37.5922 33.8
    endloop
  endfacet
  facet normal -0 0 1
    outer loop
      vertex 45.6973 43.3056 33.8
      vertex 48.0785 42.0328 33.8
      vertex 45.8991 43.6423 33.8
    endloop
  endfacet
  facet normal 0 0 1
    outer loop
      vertex 48.6122 40.2735 33.8
      vertex 47.3394 37.8923 33.8
      vertex 47.6943 37.7245 33.8
    endloop
  endfacet
  facet normal 0 0 1
    outer loop
      vertex 48.0785 42.0328 33.8
      vertex 45.6973 43.3056 33.8
      vertex 48.024 41.9175 33.8
    endloop
  endfacet
  facet normal 0 0 1
    outer loop
      vertex 48.5028 40.3391 33.8
      vertex 47.0027 38.0941 33.8
      vertex 47.3394 37.8923 33.8
    endloop
  endfacet
  facet normal -0 0 1
    outer loop
      vertex 45.5295 42.9507 33.8
      vertex 48.024 41.9175 33.8
      vertex 45.6973 43.3056 33.8
    endloop
  endfacet
  facet normal 0 0 1
    outer loop
      vertex 48.4003 40.4151 33.8
      vertex 46.6874 38.328 33.8
      vertex 47.0027 38.0941 33.8
    endloop
  endfacet
  facet normal 0 0 1
    outer loop
      vertex 48.024 41.9175 33.8
      vertex 45.5295 42.9507 33.8
      vertex 47.981 41.7974 33.8
    endloop
  endfacet
  facet normal 0 0 1
    outer loop
      vertex 48.3058 40.5008 33.8
      vertex 46.3966 38.5916 33.8
      vertex 46.6874 38.328 33.8
    endloop
  endfacet
  facet normal -0 0 1
    outer loop
      vertex 45.3972 42.5811 33.8
      vertex 47.981 41.7974 33.8
      vertex 45.5295 42.9507 33.8
    endloop
  endfacet
  facet normal 0 0 1
    outer loop
      vertex 48.2201 40.5953 33.8
      vertex 46.133 38.8824 33.8
      vertex 46.3966 38.5916 33.8
    endloop
  endfacet
  facet normal 0 0 1
    outer loop
      vertex 47.981 41.7974 33.8
      vertex 45.3972 42.5811 33.8
      vertex 47.95 41.6736 33.8
    endloop
  endfacet
  facet normal 0 0 1
    outer loop
      vertex 48.1441 40.6978 33.8
      vertex 45.8991 39.1977 33.8
      vertex 46.133 38.8824 33.8
    endloop
  endfacet
  facet normal -0 0 1
    outer loop
      vertex 45.3019 42.2004 33.8
      vertex 47.95 41.6736 33.8
      vertex 45.3972 42.5811 33.8
    endloop
  endfacet
  facet normal 0 0 1
    outer loop
      vertex 48.0785 40.8072 33.8
      vertex 45.6973 39.5344 33.8
      vertex 45.8991 39.1977 33.8
    endloop
  endfacet
  facet normal 0 0 1
    outer loop
      vertex 47.95 41.6736 33.8
      vertex 45.3019 42.2004 33.8
      vertex 47.9313 41.5474 33.8
    endloop
  endfacet
  facet normal 0 0 1
    outer loop
      vertex 48.024 40.9225 33.8
      vertex 45.5295 39.8893 33.8
      vertex 45.6973 39.5344 33.8
    endloop
  endfacet
  facet normal -0 0 1
    outer loop
      vertex 45.2443 41.8121 33.8
      vertex 47.9313 41.5474 33.8
      vertex 45.3019 42.2004 33.8
    endloop
  endfacet
  facet normal 0 0 1
    outer loop
      vertex 47.981 41.0426 33.8
      vertex 45.3972 40.2589 33.8
      vertex 45.5295 39.8893 33.8
    endloop
  endfacet
  facet normal 0 0 1
    outer loop
      vertex 47.9313 41.5474 33.8
      vertex 45.2443 41.8121 33.8
      vertex 47.925 41.42 33.8
    endloop
  endfacet
  facet normal 0 0 1
    outer loop
      vertex 47.95 41.1664 33.8
      vertex 45.3019 40.6396 33.8
      vertex 45.3972 40.2589 33.8
    endloop
  endfacet
  facet normal 0 0 1
    outer loop
      vertex 45.225 41.42 33.8
      vertex 47.925 41.42 33.8
      vertex 45.2443 41.8121 33.8
    endloop
  endfacet
  facet normal 0 0 1
    outer loop
      vertex 47.9313 41.2926 33.8
      vertex 45.2443 41.0279 33.8
      vertex 45.3019 40.6396 33.8
    endloop
  endfacet
  facet normal 0 0 1
    outer loop
      vertex 47.925 41.42 33.8
      vertex 45.225 41.42 33.8
      vertex 45.2443 41.0279 33.8
    endloop
  endfacet
  facet normal -0.989176 0.146733 0
    outer loop
      vertex 45.2443 41.8121 3.5
      vertex 45.3019 42.2004 33.8
      vertex 45.3019 42.2004 3.5
    endloop
  endfacet
  facet normal -0.989176 0.146733 0
    outer loop
      vertex 45.3019 42.2004 33.8
      vertex 45.2443 41.8121 3.5
      vertex 45.2443 41.8121 33.8
    endloop
  endfacet
  facet normal -0.671607 0.740908 0
    outer loop
      vertex 46.6874 44.512 2.4
      vertex 46.3966 44.2484 33.8
      vertex 46.6874 44.512 33.8
    endloop
  endfacet
  facet normal -0.671607 0.740908 0
    outer loop
      vertex 46.3966 44.2484 33.8
      vertex 46.6874 44.512 2.4
      vertex 46.3966 44.2484 2.4
    endloop
  endfacet
  facet normal -0.514084 0.85774 0
    outer loop
      vertex 47.3394 44.9477 2.4
      vertex 47.0027 44.7459 33.8
      vertex 47.3394 44.9477 33.8
    endloop
  endfacet
  facet normal -0.514084 0.85774 0
    outer loop
      vertex 47.0027 44.7459 33.8
      vertex 47.3394 44.9477 2.4
      vertex 47.0027 44.7459 2.4
    endloop
  endfacet
  facet normal -0.337014 0.9415 0
    outer loop
      vertex 48.0639 45.2478 2.4
      vertex 47.6943 45.1155 33.8
      vertex 48.0639 45.2478 33.8
    endloop
  endfacet
  facet normal -0.337014 0.9415 0
    outer loop
      vertex 47.6943 45.1155 33.8
      vertex 48.0639 45.2478 2.4
      vertex 47.6943 45.1155 2.4
    endloop
  endfacet
  facet normal 0.33649 -0.941687 0
    outer loop
      vertex 50.425 37.6061 3.5
      vertex 50.3861 37.5922 33.8
      vertex 50.3861 37.5922 3.5
    endloop
  endfacet
  facet normal 0.337014 -0.9415 7.5916e-07
    outer loop
      vertex 50.3861 37.5922 33.8
      vertex 50.425 37.6061 3.5
      vertex 50.7557 37.7245 33.8
    endloop
  endfacet
  facet normal 0.337076 -0.941478 0
    outer loop
      vertex 50.7557 37.7245 2.4
      vertex 50.425 37.6061 3.5
      vertex 50.425 37.6061 2.4
    endloop
  endfacet
  facet normal 0.337076 -0.941478 0
    outer loop
      vertex 50.425 37.6061 3.5
      vertex 50.7557 37.7245 2.4
      vertex 50.7557 37.7245 33.8
    endloop
  endfacet
  facet normal 0.595794 -0.803137 0
    outer loop
      vertex 51.4473 38.0941 2.4
      vertex 51.7626 38.328 33.8
      vertex 51.4473 38.0941 33.8
    endloop
  endfacet
  facet normal 0.595794 -0.803137 0
    outer loop
      vertex 51.7626 38.328 33.8
      vertex 51.4473 38.0941 2.4
      vertex 51.7626 38.328 2.4
    endloop
  endfacet
  facet normal 0.514084 -0.85774 0
    outer loop
      vertex 51.1106 37.8923 2.4
      vertex 51.4473 38.0941 33.8
      vertex 51.1106 37.8923 33.8
    endloop
  endfacet
  facet normal 0.514084 -0.85774 0
    outer loop
      vertex 51.4473 38.0941 33.8
      vertex 51.1106 37.8923 2.4
      vertex 51.4473 38.0941 2.4
    endloop
  endfacet
  facet normal 0.9415 -0.337014 0
    outer loop
      vertex 52.9205 39.8893 33.8
      vertex 53.0528 40.2589 2.4
      vertex 53.0528 40.2589 33.8
    endloop
  endfacet
  facet normal 0.9415 -0.337014 0
    outer loop
      vertex 53.0528 40.2589 2.4
      vertex 52.9205 39.8893 33.8
      vertex 52.9205 39.8893 2.4
    endloop
  endfacet
  facet normal -0.242835 -0.970068 0
    outer loop
      vertex 48.0639 37.5922 2.4
      vertex 48.4446 37.4969 33.8
      vertex 48.0639 37.5922 33.8
    endloop
  endfacet
  facet normal -0.242835 -0.970068 -0
    outer loop
      vertex 48.4446 37.4969 33.8
      vertex 48.0639 37.5922 2.4
      vertex 48.4446 37.4969 2.4
    endloop
  endfacet
  facet normal -0.42744 -0.904044 0
    outer loop
      vertex 47.3394 37.8923 2.4
      vertex 47.6943 37.7245 33.8
      vertex 47.3394 37.8923 33.8
    endloop
  endfacet
  facet normal -0.42744 -0.904044 -0
    outer loop
      vertex 47.6943 37.7245 33.8
      vertex 47.3394 37.8923 2.4
      vertex 47.6943 37.7245 2.4
    endloop
  endfacet
  facet normal -0.85774 -0.514084 0
    outer loop
      vertex 45.8991 39.1977 2.4
      vertex 45.6973 39.5344 33.8
      vertex 45.6973 39.5344 2.4
    endloop
  endfacet
  facet normal -0.85774 -0.514084 0
    outer loop
      vertex 45.6973 39.5344 33.8
      vertex 45.8991 39.1977 2.4
      vertex 45.8991 39.1977 33.8
    endloop
  endfacet
  facet normal -0.989176 -0.146733 0
    outer loop
      vertex 45.3019 40.6396 2.4
      vertex 45.2443 41.0279 33.8
      vertex 45.2443 41.0279 2.4
    endloop
  endfacet
  facet normal -0.989176 -0.146733 0
    outer loop
      vertex 45.2443 41.0279 33.8
      vertex 45.3019 40.6396 2.4
      vertex 45.3019 40.6396 33.8
    endloop
  endfacet
  facet normal 0.671607 -0.740908 0
    outer loop
      vertex 51.7626 38.328 2.4
      vertex 52.0534 38.5916 33.8
      vertex 51.7626 38.328 33.8
    endloop
  endfacet
  facet normal 0.671607 -0.740908 0
    outer loop
      vertex 52.0534 38.5916 33.8
      vertex 51.7626 38.328 2.4
      vertex 52.0534 38.5916 2.4
    endloop
  endfacet
  facet normal 0.998791 -0.0491626 0
    outer loop
      vertex 53.2057 41.0279 33.8
      vertex 53.225 41.42 2.4
      vertex 53.225 41.42 33.8
    endloop
  endfacet
  facet normal 0.998791 -0.0491626 0
    outer loop
      vertex 53.225 41.42 2.4
      vertex 53.2057 41.0279 33.8
      vertex 53.2057 41.0279 2.4
    endloop
  endfacet
  facet normal -0.99878 -0.0493902 0
    outer loop
      vertex -47.925 -41.42 2.4
      vertex -47.9313 -41.2926 33.8
      vertex -47.9313 -41.2926 2.4
    endloop
  endfacet
  facet normal -0.99878 -0.0493902 0
    outer loop
      vertex -47.9313 -41.2926 33.8
      vertex -47.925 -41.42 2.4
      vertex -47.925 -41.42 33.8
    endloop
  endfacet
  facet normal 0.99878 -0.0493902 0
    outer loop
      vertex -50.525 -41.42 33.8
      vertex -50.5187 -41.2926 2.4
      vertex -50.5187 -41.2926 33.8
    endloop
  endfacet
  facet normal 0.99878 -0.0493902 0
    outer loop
      vertex -50.5187 -41.2926 2.4
      vertex -50.525 -41.42 33.8
      vertex -50.525 -41.42 2.4
    endloop
  endfacet
  facet normal -0.0493902 -0.99878 0
    outer loop
      vertex -49.225 -40.12 2.4
      vertex -49.0976 -40.1263 33.8
      vertex -49.225 -40.12 33.8
    endloop
  endfacet
  facet normal -0.0493902 -0.99878 -0
    outer loop
      vertex -49.0976 -40.1263 33.8
      vertex -49.225 -40.12 2.4
      vertex -49.0976 -40.1263 2.4
    endloop
  endfacet
  facet normal -0.740755 -0.671775 0
    outer loop
      vertex -48.2201 -40.5953 2.4
      vertex -48.3058 -40.5008 33.8
      vertex -48.3058 -40.5008 2.4
    endloop
  endfacet
  facet normal -0.740755 -0.671775 0
    outer loop
      vertex -48.3058 -40.5008 33.8
      vertex -48.2201 -40.5953 2.4
      vertex -48.2201 -40.5953 33.8
    endloop
  endfacet
  facet normal 0.671775 -0.740755 0
    outer loop
      vertex -50.1442 -40.5008 2.4
      vertex -50.0497 -40.4151 33.8
      vertex -50.1442 -40.5008 33.8
    endloop
  endfacet
  facet normal 0.671775 -0.740755 0
    outer loop
      vertex -50.0497 -40.4151 33.8
      vertex -50.1442 -40.5008 2.4
      vertex -50.0497 -40.4151 2.4
    endloop
  endfacet
  facet normal 0.337081 -0.941476 0
    outer loop
      vertex -49.7225 -40.219 2.4
      vertex -49.6024 -40.176 33.8
      vertex -49.7225 -40.219 33.8
    endloop
  endfacet
  facet normal 0.337081 -0.941476 0
    outer loop
      vertex -49.6024 -40.176 33.8
      vertex -49.7225 -40.219 2.4
      vertex -49.6024 -40.176 2.4
    endloop
  endfacet
  facet normal 0.97005 0.242904 0
    outer loop
      vertex -50.469 -41.7974 33.8
      vertex -50.5 -41.6736 2.4
      vertex -50.5 -41.6736 33.8
    endloop
  endfacet
  facet normal 0.97005 0.242904 0
    outer loop
      vertex -50.5 -41.6736 2.4
      vertex -50.469 -41.7974 33.8
      vertex -50.469 -41.7974 2.4
    endloop
  endfacet
  facet normal -0.904089 -0.427345 0
    outer loop
      vertex -48.024 -40.9225 2.4
      vertex -48.0785 -40.8072 33.8
      vertex -48.0785 -40.8072 2.4
    endloop
  endfacet
  facet normal -0.904089 -0.427345 0
    outer loop
      vertex -48.0785 -40.8072 33.8
      vertex -48.024 -40.9225 2.4
      vertex -48.024 -40.9225 33.8
    endloop
  endfacet
  facet normal -0.857631 -0.514265 0
    outer loop
      vertex -48.0785 -40.8072 2.4
      vertex -48.1441 -40.6978 33.8
      vertex -48.1441 -40.6978 2.4
    endloop
  endfacet
  facet normal -0.857631 -0.514265 0
    outer loop
      vertex -48.1441 -40.6978 33.8
      vertex -48.0785 -40.8072 2.4
      vertex -48.0785 -40.8072 33.8
    endloop
  endfacet
  facet normal -0.427345 -0.904089 0
    outer loop
      vertex -48.7275 -40.219 2.4
      vertex -48.6122 -40.2735 33.8
      vertex -48.7275 -40.219 33.8
    endloop
  endfacet
  facet normal -0.427345 -0.904089 -0
    outer loop
      vertex -48.6122 -40.2735 33.8
      vertex -48.7275 -40.219 2.4
      vertex -48.6122 -40.2735 2.4
    endloop
  endfacet
  facet normal 0.857631 -0.514265 0
    outer loop
      vertex -50.3715 -40.8072 33.8
      vertex -50.3059 -40.6978 2.4
      vertex -50.3059 -40.6978 33.8
    endloop
  endfacet
  facet normal 0.857631 -0.514265 0
    outer loop
      vertex -50.3059 -40.6978 2.4
      vertex -50.3715 -40.8072 33.8
      vertex -50.3715 -40.8072 2.4
    endloop
  endfacet
  facet normal 0.803279 -0.595602 0
    outer loop
      vertex -50.3059 -40.6978 33.8
      vertex -50.2299 -40.5953 2.4
      vertex -50.2299 -40.5953 33.8
    endloop
  endfacet
  facet normal 0.803279 -0.595602 0
    outer loop
      vertex -50.2299 -40.5953 2.4
      vertex -50.3059 -40.6978 33.8
      vertex -50.3059 -40.6978 2.4
    endloop
  endfacet
  facet normal 0.146577 -0.989199 0
    outer loop
      vertex -49.4786 -40.145 2.4
      vertex -49.3524 -40.1263 33.8
      vertex -49.4786 -40.145 33.8
    endloop
  endfacet
  facet normal 0.146577 -0.989199 0
    outer loop
      vertex -49.3524 -40.1263 33.8
      vertex -49.4786 -40.145 2.4
      vertex -49.3524 -40.1263 2.4
    endloop
  endfacet
  facet normal -0.857631 0.514265 0
    outer loop
      vertex -48.1441 -42.1422 2.4
      vertex -48.0785 -42.0328 33.8
      vertex -48.0785 -42.0328 2.4
    endloop
  endfacet
  facet normal -0.857631 0.514265 0
    outer loop
      vertex -48.0785 -42.0328 33.8
      vertex -48.1441 -42.1422 2.4
      vertex -48.1441 -42.1422 33.8
    endloop
  endfacet
  facet normal -0.242904 0.97005 0
    outer loop
      vertex -48.8476 -42.664 2.4
      vertex -48.9714 -42.695 33.8
      vertex -48.8476 -42.664 33.8
    endloop
  endfacet
  facet normal -0.242904 0.97005 0
    outer loop
      vertex -48.9714 -42.695 33.8
      vertex -48.8476 -42.664 2.4
      vertex -48.9714 -42.695 2.4
    endloop
  endfacet
  facet normal -0.671775 0.740755 0
    outer loop
      vertex -48.3058 -42.3392 2.4
      vertex -48.4003 -42.4249 33.8
      vertex -48.3058 -42.3392 33.8
    endloop
  endfacet
  facet normal -0.671775 0.740755 0
    outer loop
      vertex -48.4003 -42.4249 33.8
      vertex -48.3058 -42.3392 2.4
      vertex -48.4003 -42.4249 2.4
    endloop
  endfacet
  facet normal -0.97005 0.242904 0
    outer loop
      vertex -47.981 -41.7974 2.4
      vertex -47.95 -41.6736 33.8
      vertex -47.95 -41.6736 2.4
    endloop
  endfacet
  facet normal -0.97005 0.242904 0
    outer loop
      vertex -47.95 -41.6736 33.8
      vertex -47.981 -41.7974 2.4
      vertex -47.981 -41.7974 33.8
    endloop
  endfacet
  facet normal 0.337081 0.941476 -0
    outer loop
      vertex -49.6024 -42.664 2.4
      vertex -49.7225 -42.621 33.8
      vertex -49.6024 -42.664 33.8
    endloop
  endfacet
  facet normal 0.337081 0.941476 0
    outer loop
      vertex -49.7225 -42.621 33.8
      vertex -49.6024 -42.664 2.4
      vertex -49.7225 -42.621 2.4
    endloop
  endfacet
  facet normal 0.740755 0.671775 0
    outer loop
      vertex -50.1442 -42.3392 33.8
      vertex -50.2299 -42.2447 2.4
      vertex -50.2299 -42.2447 33.8
    endloop
  endfacet
  facet normal 0.740755 0.671775 0
    outer loop
      vertex -50.2299 -42.2447 2.4
      vertex -50.1442 -42.3392 33.8
      vertex -50.1442 -42.3392 2.4
    endloop
  endfacet
  facet normal 0.803279 0.595602 0
    outer loop
      vertex -50.2299 -42.2447 33.8
      vertex -50.3059 -42.1422 2.4
      vertex -50.3059 -42.1422 33.8
    endloop
  endfacet
  facet normal 0.803279 0.595602 0
    outer loop
      vertex -50.3059 -42.1422 2.4
      vertex -50.2299 -42.2447 33.8
      vertex -50.2299 -42.2447 2.4
    endloop
  endfacet
  facet normal -0.97005 -0.242904 0
    outer loop
      vertex -47.95 -41.1664 2.4
      vertex -47.981 -41.0426 33.8
      vertex -47.981 -41.0426 2.4
    endloop
  endfacet
  facet normal -0.97005 -0.242904 0
    outer loop
      vertex -47.981 -41.0426 33.8
      vertex -47.95 -41.1664 2.4
      vertex -47.95 -41.1664 33.8
    endloop
  endfacet
  facet normal -0.989199 -0.146577 0
    outer loop
      vertex -47.9313 -41.2926 2.4
      vertex -47.95 -41.1664 33.8
      vertex -47.95 -41.1664 2.4
    endloop
  endfacet
  facet normal -0.989199 -0.146577 0
    outer loop
      vertex -47.95 -41.1664 33.8
      vertex -47.9313 -41.2926 2.4
      vertex -47.9313 -41.2926 33.8
    endloop
  endfacet
  facet normal -0.941476 -0.337081 0
    outer loop
      vertex -47.981 -41.0426 2.4
      vertex -48.024 -40.9225 33.8
      vertex -48.024 -40.9225 2.4
    endloop
  endfacet
  facet normal -0.941476 -0.337081 0
    outer loop
      vertex -48.024 -40.9225 33.8
      vertex -47.981 -41.0426 2.4
      vertex -47.981 -41.0426 33.8
    endloop
  endfacet
  facet normal -0.242904 -0.97005 0
    outer loop
      vertex -48.9714 -40.145 2.4
      vertex -48.8476 -40.176 33.8
      vertex -48.9714 -40.145 33.8
    endloop
  endfacet
  facet normal -0.242904 -0.97005 -0
    outer loop
      vertex -48.8476 -40.176 33.8
      vertex -48.9714 -40.145 2.4
      vertex -48.8476 -40.176 2.4
    endloop
  endfacet
  facet normal -0.146577 -0.989199 0
    outer loop
      vertex -49.0976 -40.1263 2.4
      vertex -48.9714 -40.145 33.8
      vertex -49.0976 -40.1263 33.8
    endloop
  endfacet
  facet normal -0.146577 -0.989199 -0
    outer loop
      vertex -48.9714 -40.145 33.8
      vertex -49.0976 -40.1263 2.4
      vertex -48.9714 -40.145 2.4
    endloop
  endfacet
  facet normal -0.595602 -0.803279 0
    outer loop
      vertex -48.5028 -40.3391 2.4
      vertex -48.4003 -40.4151 33.8
      vertex -48.5028 -40.3391 33.8
    endloop
  endfacet
  facet normal -0.595602 -0.803279 -0
    outer loop
      vertex -48.4003 -40.4151 33.8
      vertex -48.5028 -40.3391 2.4
      vertex -48.4003 -40.4151 2.4
    endloop
  endfacet
  facet normal -0.671775 -0.740755 0
    outer loop
      vertex -48.4003 -40.4151 2.4
      vertex -48.3058 -40.5008 33.8
      vertex -48.4003 -40.4151 33.8
    endloop
  endfacet
  facet normal -0.671775 -0.740755 -0
    outer loop
      vertex -48.3058 -40.5008 33.8
      vertex -48.4003 -40.4151 2.4
      vertex -48.3058 -40.5008 2.4
    endloop
  endfacet
  facet normal 0.97005 -0.242904 0
    outer loop
      vertex -50.5 -41.1664 33.8
      vertex -50.469 -41.0426 2.4
      vertex -50.469 -41.0426 33.8
    endloop
  endfacet
  facet normal 0.97005 -0.242904 0
    outer loop
      vertex -50.469 -41.0426 2.4
      vertex -50.5 -41.1664 33.8
      vertex -50.5 -41.1664 2.4
    endloop
  endfacet
  facet normal 0.904089 -0.427345 0
    outer loop
      vertex -50.426 -40.9225 33.8
      vertex -50.3715 -40.8072 2.4
      vertex -50.3715 -40.8072 33.8
    endloop
  endfacet
  facet normal 0.904089 -0.427345 0
    outer loop
      vertex -50.3715 -40.8072 2.4
      vertex -50.426 -40.9225 33.8
      vertex -50.426 -40.9225 2.4
    endloop
  endfacet
  facet normal 0.989199 -0.146577 0
    outer loop
      vertex -50.5187 -41.2926 33.8
      vertex -50.5 -41.1664 2.4
      vertex -50.5 -41.1664 33.8
    endloop
  endfacet
  facet normal 0.989199 -0.146577 0
    outer loop
      vertex -50.5 -41.1664 2.4
      vertex -50.5187 -41.2926 33.8
      vertex -50.5187 -41.2926 2.4
    endloop
  endfacet
  facet normal 0.514265 -0.857631 0
    outer loop
      vertex -49.9472 -40.3391 2.4
      vertex -49.8378 -40.2735 33.8
      vertex -49.9472 -40.3391 33.8
    endloop
  endfacet
  facet normal 0.514265 -0.857631 0
    outer loop
      vertex -49.8378 -40.2735 33.8
      vertex -49.9472 -40.3391 2.4
      vertex -49.8378 -40.2735 2.4
    endloop
  endfacet
  facet normal 0.0493902 -0.99878 0
    outer loop
      vertex -49.3524 -40.1263 2.4
      vertex -49.225 -40.12 33.8
      vertex -49.3524 -40.1263 33.8
    endloop
  endfacet
  facet normal 0.0493902 -0.99878 0
    outer loop
      vertex -49.225 -40.12 33.8
      vertex -49.3524 -40.1263 2.4
      vertex -49.225 -40.12 2.4
    endloop
  endfacet
  facet normal -0.0493902 0.99878 0
    outer loop
      vertex -49.0976 -42.7137 2.4
      vertex -49.225 -42.72 33.8
      vertex -49.0976 -42.7137 33.8
    endloop
  endfacet
  facet normal -0.0493902 0.99878 0
    outer loop
      vertex -49.225 -42.72 33.8
      vertex -49.0976 -42.7137 2.4
      vertex -49.225 -42.72 2.4
    endloop
  endfacet
  facet normal -0.427345 0.904089 0
    outer loop
      vertex -48.6122 -42.5665 2.4
      vertex -48.7275 -42.621 33.8
      vertex -48.6122 -42.5665 33.8
    endloop
  endfacet
  facet normal -0.427345 0.904089 0
    outer loop
      vertex -48.7275 -42.621 33.8
      vertex -48.6122 -42.5665 2.4
      vertex -48.7275 -42.621 2.4
    endloop
  endfacet
  facet normal -0.595602 0.803279 0
    outer loop
      vertex -48.4003 -42.4249 2.4
      vertex -48.5028 -42.5009 33.8
      vertex -48.4003 -42.4249 33.8
    endloop
  endfacet
  facet normal -0.595602 0.803279 0
    outer loop
      vertex -48.5028 -42.5009 33.8
      vertex -48.4003 -42.4249 2.4
      vertex -48.5028 -42.5009 2.4
    endloop
  endfacet
  facet normal -0.514265 0.857631 0
    outer loop
      vertex -48.5028 -42.5009 2.4
      vertex -48.6122 -42.5665 33.8
      vertex -48.5028 -42.5009 33.8
    endloop
  endfacet
  facet normal -0.514265 0.857631 0
    outer loop
      vertex -48.6122 -42.5665 33.8
      vertex -48.5028 -42.5009 2.4
      vertex -48.6122 -42.5665 2.4
    endloop
  endfacet
  facet normal -0.740755 0.671775 0
    outer loop
      vertex -48.3058 -42.3392 2.4
      vertex -48.2201 -42.2447 33.8
      vertex -48.2201 -42.2447 2.4
    endloop
  endfacet
  facet normal -0.740755 0.671775 0
    outer loop
      vertex -48.2201 -42.2447 33.8
      vertex -48.3058 -42.3392 2.4
      vertex -48.3058 -42.3392 33.8
    endloop
  endfacet
  facet normal -0.803279 0.595602 0
    outer loop
      vertex -48.2201 -42.2447 2.4
      vertex -48.1441 -42.1422 33.8
      vertex -48.1441 -42.1422 2.4
    endloop
  endfacet
  facet normal -0.803279 0.595602 0
    outer loop
      vertex -48.1441 -42.1422 33.8
      vertex -48.2201 -42.2447 2.4
      vertex -48.2201 -42.2447 33.8
    endloop
  endfacet
  facet normal 0.671775 0.740755 -0
    outer loop
      vertex -50.0497 -42.4249 2.4
      vertex -50.1442 -42.3392 33.8
      vertex -50.0497 -42.4249 33.8
    endloop
  endfacet
  facet normal 0.671775 0.740755 0
    outer loop
      vertex -50.1442 -42.3392 33.8
      vertex -50.0497 -42.4249 2.4
      vertex -50.1442 -42.3392 2.4
    endloop
  endfacet
  facet normal 0.595602 0.803279 -0
    outer loop
      vertex -49.9472 -42.5009 2.4
      vertex -50.0497 -42.4249 33.8
      vertex -49.9472 -42.5009 33.8
    endloop
  endfacet
  facet normal 0.595602 0.803279 0
    outer loop
      vertex -50.0497 -42.4249 33.8
      vertex -49.9472 -42.5009 2.4
      vertex -50.0497 -42.4249 2.4
    endloop
  endfacet
  facet normal 0.514265 0.857631 -0
    outer loop
      vertex -49.8378 -42.5665 2.4
      vertex -49.9472 -42.5009 33.8
      vertex -49.8378 -42.5665 33.8
    endloop
  endfacet
  facet normal 0.514265 0.857631 0
    outer loop
      vertex -49.9472 -42.5009 33.8
      vertex -49.8378 -42.5665 2.4
      vertex -49.9472 -42.5009 2.4
    endloop
  endfacet
  facet normal 0.146577 0.989199 -0
    outer loop
      vertex -49.3524 -42.7137 2.4
      vertex -49.4786 -42.695 33.8
      vertex -49.3524 -42.7137 33.8
    endloop
  endfacet
  facet normal 0.146577 0.989199 0
    outer loop
      vertex -49.4786 -42.695 33.8
      vertex -49.3524 -42.7137 2.4
      vertex -49.4786 -42.695 2.4
    endloop
  endfacet
  facet normal 0.904089 0.427345 0
    outer loop
      vertex -50.3715 -42.0328 33.8
      vertex -50.426 -41.9175 2.4
      vertex -50.426 -41.9175 33.8
    endloop
  endfacet
  facet normal 0.904089 0.427345 0
    outer loop
      vertex -50.426 -41.9175 2.4
      vertex -50.3715 -42.0328 33.8
      vertex -50.3715 -42.0328 2.4
    endloop
  endfacet
  facet normal 0.99878 0.0493902 0
    outer loop
      vertex -50.5187 -41.5474 33.8
      vertex -50.525 -41.42 2.4
      vertex -50.525 -41.42 33.8
    endloop
  endfacet
  facet normal 0.99878 0.0493902 0
    outer loop
      vertex -50.525 -41.42 2.4
      vertex -50.5187 -41.5474 33.8
      vertex -50.5187 -41.5474 2.4
    endloop
  endfacet
  facet normal -0.803279 -0.595602 0
    outer loop
      vertex -48.1441 -40.6978 2.4
      vertex -48.2201 -40.5953 33.8
      vertex -48.2201 -40.5953 2.4
    endloop
  endfacet
  facet normal -0.803279 -0.595602 0
    outer loop
      vertex -48.2201 -40.5953 33.8
      vertex -48.1441 -40.6978 2.4
      vertex -48.1441 -40.6978 33.8
    endloop
  endfacet
  facet normal -0.337081 -0.941476 0
    outer loop
      vertex -48.8476 -40.176 2.4
      vertex -48.7275 -40.219 33.8
      vertex -48.8476 -40.176 33.8
    endloop
  endfacet
  facet normal -0.337081 -0.941476 -0
    outer loop
      vertex -48.7275 -40.219 33.8
      vertex -48.8476 -40.176 2.4
      vertex -48.7275 -40.219 2.4
    endloop
  endfacet
  facet normal -0.514265 -0.857631 0
    outer loop
      vertex -48.6122 -40.2735 2.4
      vertex -48.5028 -40.3391 33.8
      vertex -48.6122 -40.2735 33.8
    endloop
  endfacet
  facet normal -0.514265 -0.857631 -0
    outer loop
      vertex -48.5028 -40.3391 33.8
      vertex -48.6122 -40.2735 2.4
      vertex -48.5028 -40.3391 2.4
    endloop
  endfacet
  facet normal 0.740755 -0.671775 0
    outer loop
      vertex -50.2299 -40.5953 33.8
      vertex -50.1442 -40.5008 2.4
      vertex -50.1442 -40.5008 33.8
    endloop
  endfacet
  facet normal 0.740755 -0.671775 0
    outer loop
      vertex -50.1442 -40.5008 2.4
      vertex -50.2299 -40.5953 33.8
      vertex -50.2299 -40.5953 2.4
    endloop
  endfacet
  facet normal 0.941476 -0.337081 0
    outer loop
      vertex -50.469 -41.0426 33.8
      vertex -50.426 -40.9225 2.4
      vertex -50.426 -40.9225 33.8
    endloop
  endfacet
  facet normal 0.941476 -0.337081 0
    outer loop
      vertex -50.426 -40.9225 2.4
      vertex -50.469 -41.0426 33.8
      vertex -50.469 -41.0426 2.4
    endloop
  endfacet
  facet normal 0.595602 -0.803279 0
    outer loop
      vertex -50.0497 -40.4151 2.4
      vertex -49.9472 -40.3391 33.8
      vertex -50.0497 -40.4151 33.8
    endloop
  endfacet
  facet normal 0.595602 -0.803279 0
    outer loop
      vertex -49.9472 -40.3391 33.8
      vertex -50.0497 -40.4151 2.4
      vertex -49.9472 -40.3391 2.4
    endloop
  endfacet
  facet normal 0.427345 -0.904089 0
    outer loop
      vertex -49.8378 -40.2735 2.4
      vertex -49.7225 -40.219 33.8
      vertex -49.8378 -40.2735 33.8
    endloop
  endfacet
  facet normal 0.427345 -0.904089 0
    outer loop
      vertex -49.7225 -40.219 33.8
      vertex -49.8378 -40.2735 2.4
      vertex -49.7225 -40.219 2.4
    endloop
  endfacet
  facet normal 0.242904 -0.97005 0
    outer loop
      vertex -49.6024 -40.176 2.4
      vertex -49.4786 -40.145 33.8
      vertex -49.6024 -40.176 33.8
    endloop
  endfacet
  facet normal 0.242904 -0.97005 0
    outer loop
      vertex -49.4786 -40.145 33.8
      vertex -49.6024 -40.176 2.4
      vertex -49.4786 -40.145 2.4
    endloop
  endfacet
  facet normal -0.146577 0.989199 0
    outer loop
      vertex -48.9714 -42.695 2.4
      vertex -49.0976 -42.7137 33.8
      vertex -48.9714 -42.695 33.8
    endloop
  endfacet
  facet normal -0.146577 0.989199 0
    outer loop
      vertex -49.0976 -42.7137 33.8
      vertex -48.9714 -42.695 2.4
      vertex -49.0976 -42.7137 2.4
    endloop
  endfacet
  facet normal -0.337081 0.941476 0
    outer loop
      vertex -48.7275 -42.621 2.4
      vertex -48.8476 -42.664 33.8
      vertex -48.7275 -42.621 33.8
    endloop
  endfacet
  facet normal -0.337081 0.941476 0
    outer loop
      vertex -48.8476 -42.664 33.8
      vertex -48.7275 -42.621 2.4
      vertex -48.8476 -42.664 2.4
    endloop
  endfacet
  facet normal -0.904089 0.427345 0
    outer loop
      vertex -48.0785 -42.0328 2.4
      vertex -48.024 -41.9175 33.8
      vertex -48.024 -41.9175 2.4
    endloop
  endfacet
  facet normal -0.904089 0.427345 0
    outer loop
      vertex -48.024 -41.9175 33.8
      vertex -48.0785 -42.0328 2.4
      vertex -48.0785 -42.0328 33.8
    endloop
  endfacet
  facet normal -0.941476 0.337081 0
    outer loop
      vertex -48.024 -41.9175 2.4
      vertex -47.981 -41.7974 33.8
      vertex -47.981 -41.7974 2.4
    endloop
  endfacet
  facet normal -0.941476 0.337081 0
    outer loop
      vertex -47.981 -41.7974 33.8
      vertex -48.024 -41.9175 2.4
      vertex -48.024 -41.9175 33.8
    endloop
  endfacet
  facet normal -0.989199 0.146577 0
    outer loop
      vertex -47.95 -41.6736 2.4
      vertex -47.9313 -41.5474 33.8
      vertex -47.9313 -41.5474 2.4
    endloop
  endfacet
  facet normal -0.989199 0.146577 0
    outer loop
      vertex -47.9313 -41.5474 33.8
      vertex -47.95 -41.6736 2.4
      vertex -47.95 -41.6736 33.8
    endloop
  endfacet
  facet normal -0.99878 0.0493902 0
    outer loop
      vertex -47.9313 -41.5474 2.4
      vertex -47.925 -41.42 33.8
      vertex -47.925 -41.42 2.4
    endloop
  endfacet
  facet normal -0.99878 0.0493902 0
    outer loop
      vertex -47.925 -41.42 33.8
      vertex -47.9313 -41.5474 2.4
      vertex -47.9313 -41.5474 33.8
    endloop
  endfacet
  facet normal 0.427345 0.904089 -0
    outer loop
      vertex -49.7225 -42.621 2.4
      vertex -49.8378 -42.5665 33.8
      vertex -49.7225 -42.621 33.8
    endloop
  endfacet
  facet normal 0.427345 0.904089 0
    outer loop
      vertex -49.8378 -42.5665 33.8
      vertex -49.7225 -42.621 2.4
      vertex -49.8378 -42.5665 2.4
    endloop
  endfacet
  facet normal 0.242904 0.97005 -0
    outer loop
      vertex -49.4786 -42.695 2.4
      vertex -49.6024 -42.664 33.8
      vertex -49.4786 -42.695 33.8
    endloop
  endfacet
  facet normal 0.242904 0.97005 0
    outer loop
      vertex -49.6024 -42.664 33.8
      vertex -49.4786 -42.695 2.4
      vertex -49.6024 -42.664 2.4
    endloop
  endfacet
  facet normal 0.0493902 0.99878 -0
    outer loop
      vertex -49.225 -42.72 2.4
      vertex -49.3524 -42.7137 33.8
      vertex -49.225 -42.72 33.8
    endloop
  endfacet
  facet normal 0.0493902 0.99878 0
    outer loop
      vertex -49.3524 -42.7137 33.8
      vertex -49.225 -42.72 2.4
      vertex -49.3524 -42.7137 2.4
    endloop
  endfacet
  facet normal 0.857631 0.514265 0
    outer loop
      vertex -50.3059 -42.1422 33.8
      vertex -50.3715 -42.0328 2.4
      vertex -50.3715 -42.0328 33.8
    endloop
  endfacet
  facet normal 0.857631 0.514265 0
    outer loop
      vertex -50.3715 -42.0328 2.4
      vertex -50.3059 -42.1422 33.8
      vertex -50.3059 -42.1422 2.4
    endloop
  endfacet
  facet normal 0.941476 0.337081 0
    outer loop
      vertex -50.426 -41.9175 33.8
      vertex -50.469 -41.7974 2.4
      vertex -50.469 -41.7974 33.8
    endloop
  endfacet
  facet normal 0.941476 0.337081 0
    outer loop
      vertex -50.469 -41.7974 2.4
      vertex -50.426 -41.9175 33.8
      vertex -50.426 -41.9175 2.4
    endloop
  endfacet
  facet normal 0.989199 0.146577 0
    outer loop
      vertex -50.5 -41.6736 33.8
      vertex -50.5187 -41.5474 2.4
      vertex -50.5187 -41.5474 33.8
    endloop
  endfacet
  facet normal 0.989199 0.146577 0
    outer loop
      vertex -50.5187 -41.5474 2.4
      vertex -50.5 -41.6736 33.8
      vertex -50.5 -41.6736 2.4
    endloop
  endfacet
  facet normal -0.671775 -0.740755 0
    outer loop
      vertex -48.4003 42.4249 2.4
      vertex -48.3058 42.3392 33.8
      vertex -48.4003 42.4249 33.8
    endloop
  endfacet
  facet normal -0.671775 -0.740755 -0
    outer loop
      vertex -48.3058 42.3392 33.8
      vertex -48.4003 42.4249 2.4
      vertex -48.3058 42.3392 2.4
    endloop
  endfacet
  facet normal -0.99878 0.0493902 0
    outer loop
      vertex -47.9313 41.2926 2.4
      vertex -47.925 41.42 33.8
      vertex -47.925 41.42 2.4
    endloop
  endfacet
  facet normal -0.99878 0.0493902 0
    outer loop
      vertex -47.925 41.42 33.8
      vertex -47.9313 41.2926 2.4
      vertex -47.9313 41.2926 33.8
    endloop
  endfacet
  facet normal 0.337081 -0.941476 0
    outer loop
      vertex -49.7225 42.621 2.4
      vertex -49.6024 42.664 33.8
      vertex -49.7225 42.621 33.8
    endloop
  endfacet
  facet normal 0.337081 -0.941476 0
    outer loop
      vertex -49.6024 42.664 33.8
      vertex -49.7225 42.621 2.4
      vertex -49.6024 42.664 2.4
    endloop
  endfacet
  facet normal 0.904089 -0.427345 0
    outer loop
      vertex -50.426 41.9175 33.8
      vertex -50.3715 42.0328 2.4
      vertex -50.3715 42.0328 33.8
    endloop
  endfacet
  facet normal 0.904089 -0.427345 0
    outer loop
      vertex -50.3715 42.0328 2.4
      vertex -50.426 41.9175 33.8
      vertex -50.426 41.9175 2.4
    endloop
  endfacet
  facet normal -0.904089 -0.427345 0
    outer loop
      vertex -48.024 41.9175 2.4
      vertex -48.0785 42.0328 33.8
      vertex -48.0785 42.0328 2.4
    endloop
  endfacet
  facet normal -0.904089 -0.427345 0
    outer loop
      vertex -48.0785 42.0328 33.8
      vertex -48.024 41.9175 2.4
      vertex -48.024 41.9175 33.8
    endloop
  endfacet
  facet normal -0.857631 -0.514265 0
    outer loop
      vertex -48.0785 42.0328 2.4
      vertex -48.1441 42.1422 33.8
      vertex -48.1441 42.1422 2.4
    endloop
  endfacet
  facet normal -0.857631 -0.514265 0
    outer loop
      vertex -48.1441 42.1422 33.8
      vertex -48.0785 42.0328 2.4
      vertex -48.0785 42.0328 33.8
    endloop
  endfacet
  facet normal -0.427345 -0.904089 0
    outer loop
      vertex -48.7275 42.621 2.4
      vertex -48.6122 42.5665 33.8
      vertex -48.7275 42.621 33.8
    endloop
  endfacet
  facet normal -0.427345 -0.904089 -0
    outer loop
      vertex -48.6122 42.5665 33.8
      vertex -48.7275 42.621 2.4
      vertex -48.6122 42.5665 2.4
    endloop
  endfacet
  facet normal -0.146577 -0.989199 0
    outer loop
      vertex -49.0976 42.7137 2.4
      vertex -48.9714 42.695 33.8
      vertex -49.0976 42.7137 33.8
    endloop
  endfacet
  facet normal -0.146577 -0.989199 -0
    outer loop
      vertex -48.9714 42.695 33.8
      vertex -49.0976 42.7137 2.4
      vertex -48.9714 42.695 2.4
    endloop
  endfacet
  facet normal 0.740755 -0.671775 0
    outer loop
      vertex -50.2299 42.2447 33.8
      vertex -50.1442 42.3392 2.4
      vertex -50.1442 42.3392 33.8
    endloop
  endfacet
  facet normal 0.740755 -0.671775 0
    outer loop
      vertex -50.1442 42.3392 2.4
      vertex -50.2299 42.2447 33.8
      vertex -50.2299 42.2447 2.4
    endloop
  endfacet
  facet normal 0.146577 -0.989199 0
    outer loop
      vertex -49.4786 42.695 2.4
      vertex -49.3524 42.7137 33.8
      vertex -49.4786 42.695 33.8
    endloop
  endfacet
  facet normal 0.146577 -0.989199 0
    outer loop
      vertex -49.3524 42.7137 33.8
      vertex -49.4786 42.695 2.4
      vertex -49.3524 42.7137 2.4
    endloop
  endfacet
  facet normal -0.941476 0.337081 0
    outer loop
      vertex -48.024 40.9225 2.4
      vertex -47.981 41.0426 33.8
      vertex -47.981 41.0426 2.4
    endloop
  endfacet
  facet normal -0.941476 0.337081 0
    outer loop
      vertex -47.981 41.0426 33.8
      vertex -48.024 40.9225 2.4
      vertex -48.024 40.9225 33.8
    endloop
  endfacet
  facet normal 0.146577 0.989199 -0
    outer loop
      vertex -49.3524 40.1263 2.4
      vertex -49.4786 40.145 33.8
      vertex -49.3524 40.1263 33.8
    endloop
  endfacet
  facet normal 0.146577 0.989199 0
    outer loop
      vertex -49.4786 40.145 33.8
      vertex -49.3524 40.1263 2.4
      vertex -49.4786 40.145 2.4
    endloop
  endfacet
  facet normal 0.671775 0.740755 -0
    outer loop
      vertex -50.0497 40.4151 2.4
      vertex -50.1442 40.5008 33.8
      vertex -50.0497 40.4151 33.8
    endloop
  endfacet
  facet normal 0.671775 0.740755 0
    outer loop
      vertex -50.1442 40.5008 33.8
      vertex -50.0497 40.4151 2.4
      vertex -50.1442 40.5008 2.4
    endloop
  endfacet
  facet normal -0.989199 -0.146577 0
    outer loop
      vertex -47.9313 41.5474 2.4
      vertex -47.95 41.6736 33.8
      vertex -47.95 41.6736 2.4
    endloop
  endfacet
  facet normal -0.989199 -0.146577 0
    outer loop
      vertex -47.95 41.6736 33.8
      vertex -47.9313 41.5474 2.4
      vertex -47.9313 41.5474 33.8
    endloop
  endfacet
  facet normal -0.97005 -0.242904 0
    outer loop
      vertex -47.95 41.6736 2.4
      vertex -47.981 41.7974 33.8
      vertex -47.981 41.7974 2.4
    endloop
  endfacet
  facet normal -0.97005 -0.242904 0
    outer loop
      vertex -47.981 41.7974 33.8
      vertex -47.95 41.6736 2.4
      vertex -47.95 41.6736 33.8
    endloop
  endfacet
  facet normal -0.941476 -0.337081 0
    outer loop
      vertex -47.981 41.7974 2.4
      vertex -48.024 41.9175 33.8
      vertex -48.024 41.9175 2.4
    endloop
  endfacet
  facet normal -0.941476 -0.337081 0
    outer loop
      vertex -48.024 41.9175 33.8
      vertex -47.981 41.7974 2.4
      vertex -47.981 41.7974 33.8
    endloop
  endfacet
  facet normal -0.803279 -0.595602 0
    outer loop
      vertex -48.1441 42.1422 2.4
      vertex -48.2201 42.2447 33.8
      vertex -48.2201 42.2447 2.4
    endloop
  endfacet
  facet normal -0.803279 -0.595602 0
    outer loop
      vertex -48.2201 42.2447 33.8
      vertex -48.1441 42.1422 2.4
      vertex -48.1441 42.1422 33.8
    endloop
  endfacet
  facet normal -0.740755 -0.671775 0
    outer loop
      vertex -48.2201 42.2447 2.4
      vertex -48.3058 42.3392 33.8
      vertex -48.3058 42.3392 2.4
    endloop
  endfacet
  facet normal -0.740755 -0.671775 0
    outer loop
      vertex -48.3058 42.3392 33.8
      vertex -48.2201 42.2447 2.4
      vertex -48.2201 42.2447 33.8
    endloop
  endfacet
  facet normal -0.595602 -0.803279 0
    outer loop
      vertex -48.5028 42.5009 2.4
      vertex -48.4003 42.4249 33.8
      vertex -48.5028 42.5009 33.8
    endloop
  endfacet
  facet normal -0.595602 -0.803279 -0
    outer loop
      vertex -48.4003 42.4249 33.8
      vertex -48.5028 42.5009 2.4
      vertex -48.4003 42.4249 2.4
    endloop
  endfacet
  facet normal -0.0493902 -0.99878 0
    outer loop
      vertex -49.225 42.72 2.4
      vertex -49.0976 42.7137 33.8
      vertex -49.225 42.72 33.8
    endloop
  endfacet
  facet normal -0.0493902 -0.99878 -0
    outer loop
      vertex -49.0976 42.7137 33.8
      vertex -49.225 42.72 2.4
      vertex -49.0976 42.7137 2.4
    endloop
  endfacet
  facet normal -0.514265 -0.857631 0
    outer loop
      vertex -48.6122 42.5665 2.4
      vertex -48.5028 42.5009 33.8
      vertex -48.6122 42.5665 33.8
    endloop
  endfacet
  facet normal -0.514265 -0.857631 -0
    outer loop
      vertex -48.5028 42.5009 33.8
      vertex -48.6122 42.5665 2.4
      vertex -48.5028 42.5009 2.4
    endloop
  endfacet
  facet normal -0.337081 -0.941476 0
    outer loop
      vertex -48.8476 42.664 2.4
      vertex -48.7275 42.621 33.8
      vertex -48.8476 42.664 33.8
    endloop
  endfacet
  facet normal -0.337081 -0.941476 -0
    outer loop
      vertex -48.7275 42.621 33.8
      vertex -48.8476 42.664 2.4
      vertex -48.7275 42.621 2.4
    endloop
  endfacet
  facet normal -0.242904 -0.97005 0
    outer loop
      vertex -48.9714 42.695 2.4
      vertex -48.8476 42.664 33.8
      vertex -48.9714 42.695 33.8
    endloop
  endfacet
  facet normal -0.242904 -0.97005 -0
    outer loop
      vertex -48.8476 42.664 33.8
      vertex -48.9714 42.695 2.4
      vertex -48.8476 42.664 2.4
    endloop
  endfacet
  facet normal 0.99878 -0.0493902 0
    outer loop
      vertex -50.525 41.42 33.8
      vertex -50.5187 41.5474 2.4
      vertex -50.5187 41.5474 33.8
    endloop
  endfacet
  facet normal 0.99878 -0.0493902 0
    outer loop
      vertex -50.5187 41.5474 2.4
      vertex -50.525 41.42 33.8
      vertex -50.525 41.42 2.4
    endloop
  endfacet
  facet normal 0.941476 -0.337081 0
    outer loop
      vertex -50.469 41.7974 33.8
      vertex -50.426 41.9175 2.4
      vertex -50.426 41.9175 33.8
    endloop
  endfacet
  facet normal 0.941476 -0.337081 0
    outer loop
      vertex -50.426 41.9175 2.4
      vertex -50.469 41.7974 33.8
      vertex -50.469 41.7974 2.4
    endloop
  endfacet
  facet normal 0.97005 -0.242904 0
    outer loop
      vertex -50.5 41.6736 33.8
      vertex -50.469 41.7974 2.4
      vertex -50.469 41.7974 33.8
    endloop
  endfacet
  facet normal 0.97005 -0.242904 0
    outer loop
      vertex -50.469 41.7974 2.4
      vertex -50.5 41.6736 33.8
      vertex -50.5 41.6736 2.4
    endloop
  endfacet
  facet normal 0.857631 -0.514265 0
    outer loop
      vertex -50.3715 42.0328 33.8
      vertex -50.3059 42.1422 2.4
      vertex -50.3059 42.1422 33.8
    endloop
  endfacet
  facet normal 0.857631 -0.514265 0
    outer loop
      vertex -50.3059 42.1422 2.4
      vertex -50.3715 42.0328 33.8
      vertex -50.3715 42.0328 2.4
    endloop
  endfacet
  facet normal 0.803279 -0.595602 0
    outer loop
      vertex -50.3059 42.1422 33.8
      vertex -50.2299 42.2447 2.4
      vertex -50.2299 42.2447 33.8
    endloop
  endfacet
  facet normal 0.803279 -0.595602 0
    outer loop
      vertex -50.2299 42.2447 2.4
      vertex -50.3059 42.1422 33.8
      vertex -50.3059 42.1422 2.4
    endloop
  endfacet
  facet normal 0.242904 -0.97005 0
    outer loop
      vertex -49.6024 42.664 2.4
      vertex -49.4786 42.695 33.8
      vertex -49.6024 42.664 33.8
    endloop
  endfacet
  facet normal 0.242904 -0.97005 0
    outer loop
      vertex -49.4786 42.695 33.8
      vertex -49.6024 42.664 2.4
      vertex -49.4786 42.695 2.4
    endloop
  endfacet
  facet normal 0.0493902 -0.99878 0
    outer loop
      vertex -49.3524 42.7137 2.4
      vertex -49.225 42.72 33.8
      vertex -49.3524 42.7137 33.8
    endloop
  endfacet
  facet normal 0.0493902 -0.99878 0
    outer loop
      vertex -49.225 42.72 33.8
      vertex -49.3524 42.7137 2.4
      vertex -49.225 42.72 2.4
    endloop
  endfacet
  facet normal 0.514265 -0.857631 0
    outer loop
      vertex -49.9472 42.5009 2.4
      vertex -49.8378 42.5665 33.8
      vertex -49.9472 42.5009 33.8
    endloop
  endfacet
  facet normal 0.514265 -0.857631 0
    outer loop
      vertex -49.8378 42.5665 33.8
      vertex -49.9472 42.5009 2.4
      vertex -49.8378 42.5665 2.4
    endloop
  endfacet
  facet normal 0.595602 -0.803279 0
    outer loop
      vertex -50.0497 42.4249 2.4
      vertex -49.9472 42.5009 33.8
      vertex -50.0497 42.4249 33.8
    endloop
  endfacet
  facet normal 0.595602 -0.803279 0
    outer loop
      vertex -49.9472 42.5009 33.8
      vertex -50.0497 42.4249 2.4
      vertex -49.9472 42.5009 2.4
    endloop
  endfacet
  facet normal 0.427345 -0.904089 0
    outer loop
      vertex -49.8378 42.5665 2.4
      vertex -49.7225 42.621 33.8
      vertex -49.8378 42.5665 33.8
    endloop
  endfacet
  facet normal 0.427345 -0.904089 0
    outer loop
      vertex -49.7225 42.621 33.8
      vertex -49.8378 42.5665 2.4
      vertex -49.7225 42.621 2.4
    endloop
  endfacet
  facet normal 0.671775 -0.740755 0
    outer loop
      vertex -50.1442 42.3392 2.4
      vertex -50.0497 42.4249 33.8
      vertex -50.1442 42.3392 33.8
    endloop
  endfacet
  facet normal 0.671775 -0.740755 0
    outer loop
      vertex -50.0497 42.4249 33.8
      vertex -50.1442 42.3392 2.4
      vertex -50.0497 42.4249 2.4
    endloop
  endfacet
  facet normal -0.99878 -0.0493902 0
    outer loop
      vertex -47.925 41.42 2.4
      vertex -47.9313 41.5474 33.8
      vertex -47.9313 41.5474 2.4
    endloop
  endfacet
  facet normal -0.99878 -0.0493902 0
    outer loop
      vertex -47.9313 41.5474 33.8
      vertex -47.925 41.42 2.4
      vertex -47.925 41.42 33.8
    endloop
  endfacet
  facet normal -0.97005 0.242904 0
    outer loop
      vertex -47.981 41.0426 2.4
      vertex -47.95 41.1664 33.8
      vertex -47.95 41.1664 2.4
    endloop
  endfacet
  facet normal -0.97005 0.242904 0
    outer loop
      vertex -47.95 41.1664 33.8
      vertex -47.981 41.0426 2.4
      vertex -47.981 41.0426 33.8
    endloop
  endfacet
  facet normal -0.0493902 0.99878 0
    outer loop
      vertex -49.0976 40.1263 2.4
      vertex -49.225 40.12 33.8
      vertex -49.0976 40.1263 33.8
    endloop
  endfacet
  facet normal -0.0493902 0.99878 0
    outer loop
      vertex -49.225 40.12 33.8
      vertex -49.0976 40.1263 2.4
      vertex -49.225 40.12 2.4
    endloop
  endfacet
  facet normal -0.740755 0.671775 0
    outer loop
      vertex -48.3058 40.5008 2.4
      vertex -48.2201 40.5953 33.8
      vertex -48.2201 40.5953 2.4
    endloop
  endfacet
  facet normal -0.740755 0.671775 0
    outer loop
      vertex -48.2201 40.5953 33.8
      vertex -48.3058 40.5008 2.4
      vertex -48.3058 40.5008 33.8
    endloop
  endfacet
  facet normal -0.146577 0.989199 0
    outer loop
      vertex -48.9714 40.145 2.4
      vertex -49.0976 40.1263 33.8
      vertex -48.9714 40.145 33.8
    endloop
  endfacet
  facet normal -0.146577 0.989199 0
    outer loop
      vertex -49.0976 40.1263 33.8
      vertex -48.9714 40.145 2.4
      vertex -49.0976 40.1263 2.4
    endloop
  endfacet
  facet normal -0.242904 0.97005 0
    outer loop
      vertex -48.8476 40.176 2.4
      vertex -48.9714 40.145 33.8
      vertex -48.8476 40.176 33.8
    endloop
  endfacet
  facet normal -0.242904 0.97005 0
    outer loop
      vertex -48.9714 40.145 33.8
      vertex -48.8476 40.176 2.4
      vertex -48.9714 40.145 2.4
    endloop
  endfacet
  facet normal -0.595602 0.803279 0
    outer loop
      vertex -48.4003 40.4151 2.4
      vertex -48.5028 40.3391 33.8
      vertex -48.4003 40.4151 33.8
    endloop
  endfacet
  facet normal -0.595602 0.803279 0
    outer loop
      vertex -48.5028 40.3391 33.8
      vertex -48.4003 40.4151 2.4
      vertex -48.5028 40.3391 2.4
    endloop
  endfacet
  facet normal -0.427345 0.904089 0
    outer loop
      vertex -48.6122 40.2735 2.4
      vertex -48.7275 40.219 33.8
      vertex -48.6122 40.2735 33.8
    endloop
  endfacet
  facet normal -0.427345 0.904089 0
    outer loop
      vertex -48.7275 40.219 33.8
      vertex -48.6122 40.2735 2.4
      vertex -48.7275 40.219 2.4
    endloop
  endfacet
  facet normal 0.0493902 0.99878 -0
    outer loop
      vertex -49.225 40.12 2.4
      vertex -49.3524 40.1263 33.8
      vertex -49.225 40.12 33.8
    endloop
  endfacet
  facet normal 0.0493902 0.99878 0
    outer loop
      vertex -49.3524 40.1263 33.8
      vertex -49.225 40.12 2.4
      vertex -49.3524 40.1263 2.4
    endloop
  endfacet
  facet normal 0.337081 0.941476 -0
    outer loop
      vertex -49.6024 40.176 2.4
      vertex -49.7225 40.219 33.8
      vertex -49.6024 40.176 33.8
    endloop
  endfacet
  facet normal 0.337081 0.941476 0
    outer loop
      vertex -49.7225 40.219 33.8
      vertex -49.6024 40.176 2.4
      vertex -49.7225 40.219 2.4
    endloop
  endfacet
  facet normal 0.514265 0.857631 -0
    outer loop
      vertex -49.8378 40.2735 2.4
      vertex -49.9472 40.3391 33.8
      vertex -49.8378 40.2735 33.8
    endloop
  endfacet
  facet normal 0.514265 0.857631 0
    outer loop
      vertex -49.9472 40.3391 33.8
      vertex -49.8378 40.2735 2.4
      vertex -49.9472 40.3391 2.4
    endloop
  endfacet
  facet normal 0.97005 0.242904 0
    outer loop
      vertex -50.469 41.0426 33.8
      vertex -50.5 41.1664 2.4
      vertex -50.5 41.1664 33.8
    endloop
  endfacet
  facet normal 0.97005 0.242904 0
    outer loop
      vertex -50.5 41.1664 2.4
      vertex -50.469 41.0426 33.8
      vertex -50.469 41.0426 2.4
    endloop
  endfacet
  facet normal 0.99878 0.0493902 0
    outer loop
      vertex -50.5187 41.2926 33.8
      vertex -50.525 41.42 2.4
      vertex -50.525 41.42 33.8
    endloop
  endfacet
  facet normal 0.99878 0.0493902 0
    outer loop
      vertex -50.525 41.42 2.4
      vertex -50.5187 41.2926 33.8
      vertex -50.5187 41.2926 2.4
    endloop
  endfacet
  facet normal 0.803279 0.595602 0
    outer loop
      vertex -50.2299 40.5953 33.8
      vertex -50.3059 40.6978 2.4
      vertex -50.3059 40.6978 33.8
    endloop
  endfacet
  facet normal 0.803279 0.595602 0
    outer loop
      vertex -50.3059 40.6978 2.4
      vertex -50.2299 40.5953 33.8
      vertex -50.2299 40.5953 2.4
    endloop
  endfacet
  facet normal 0.904089 0.427345 0
    outer loop
      vertex -50.3715 40.8072 33.8
      vertex -50.426 40.9225 2.4
      vertex -50.426 40.9225 33.8
    endloop
  endfacet
  facet normal 0.904089 0.427345 0
    outer loop
      vertex -50.426 40.9225 2.4
      vertex -50.3715 40.8072 33.8
      vertex -50.3715 40.8072 2.4
    endloop
  endfacet
  facet normal 0.989199 -0.146577 0
    outer loop
      vertex -50.5187 41.5474 33.8
      vertex -50.5 41.6736 2.4
      vertex -50.5 41.6736 33.8
    endloop
  endfacet
  facet normal 0.989199 -0.146577 0
    outer loop
      vertex -50.5 41.6736 2.4
      vertex -50.5187 41.5474 33.8
      vertex -50.5187 41.5474 2.4
    endloop
  endfacet
  facet normal -0.989199 0.146577 0
    outer loop
      vertex -47.95 41.1664 2.4
      vertex -47.9313 41.2926 33.8
      vertex -47.9313 41.2926 2.4
    endloop
  endfacet
  facet normal -0.989199 0.146577 0
    outer loop
      vertex -47.9313 41.2926 33.8
      vertex -47.95 41.1664 2.4
      vertex -47.95 41.1664 33.8
    endloop
  endfacet
  facet normal -0.337081 0.941476 0
    outer loop
      vertex -48.7275 40.219 2.4
      vertex -48.8476 40.176 33.8
      vertex -48.7275 40.219 33.8
    endloop
  endfacet
  facet normal -0.337081 0.941476 0
    outer loop
      vertex -48.8476 40.176 33.8
      vertex -48.7275 40.219 2.4
      vertex -48.8476 40.176 2.4
    endloop
  endfacet
  facet normal -0.671775 0.740755 0
    outer loop
      vertex -48.3058 40.5008 2.4
      vertex -48.4003 40.4151 33.8
      vertex -48.3058 40.5008 33.8
    endloop
  endfacet
  facet normal -0.671775 0.740755 0
    outer loop
      vertex -48.4003 40.4151 33.8
      vertex -48.3058 40.5008 2.4
      vertex -48.4003 40.4151 2.4
    endloop
  endfacet
  facet normal -0.514265 0.857631 0
    outer loop
      vertex -48.5028 40.3391 2.4
      vertex -48.6122 40.2735 33.8
      vertex -48.5028 40.3391 33.8
    endloop
  endfacet
  facet normal -0.514265 0.857631 0
    outer loop
      vertex -48.6122 40.2735 33.8
      vertex -48.5028 40.3391 2.4
      vertex -48.6122 40.2735 2.4
    endloop
  endfacet
  facet normal 0.242904 0.97005 -0
    outer loop
      vertex -49.4786 40.145 2.4
      vertex -49.6024 40.176 33.8
      vertex -49.4786 40.145 33.8
    endloop
  endfacet
  facet normal 0.242904 0.97005 0
    outer loop
      vertex -49.6024 40.176 33.8
      vertex -49.4786 40.145 2.4
      vertex -49.6024 40.176 2.4
    endloop
  endfacet
  facet normal 0.427345 0.904089 -0
    outer loop
      vertex -49.7225 40.219 2.4
      vertex -49.8378 40.2735 33.8
      vertex -49.7225 40.219 33.8
    endloop
  endfacet
  facet normal 0.427345 0.904089 0
    outer loop
      vertex -49.8378 40.2735 33.8
      vertex -49.7225 40.219 2.4
      vertex -49.8378 40.2735 2.4
    endloop
  endfacet
  facet normal 0.595602 0.803279 -0
    outer loop
      vertex -49.9472 40.3391 2.4
      vertex -50.0497 40.4151 33.8
      vertex -49.9472 40.3391 33.8
    endloop
  endfacet
  facet normal 0.595602 0.803279 0
    outer loop
      vertex -50.0497 40.4151 33.8
      vertex -49.9472 40.3391 2.4
      vertex -50.0497 40.4151 2.4
    endloop
  endfacet
  facet normal 0.941476 0.337081 0
    outer loop
      vertex -50.426 40.9225 33.8
      vertex -50.469 41.0426 2.4
      vertex -50.469 41.0426 33.8
    endloop
  endfacet
  facet normal 0.941476 0.337081 0
    outer loop
      vertex -50.469 41.0426 2.4
      vertex -50.426 40.9225 33.8
      vertex -50.426 40.9225 2.4
    endloop
  endfacet
  facet normal 0.989199 0.146577 0
    outer loop
      vertex -50.5 41.1664 33.8
      vertex -50.5187 41.2926 2.4
      vertex -50.5187 41.2926 33.8
    endloop
  endfacet
  facet normal 0.989199 0.146577 0
    outer loop
      vertex -50.5187 41.2926 2.4
      vertex -50.5 41.1664 33.8
      vertex -50.5 41.1664 2.4
    endloop
  endfacet
  facet normal 0.857631 0.514265 0
    outer loop
      vertex -50.3059 40.6978 33.8
      vertex -50.3715 40.8072 2.4
      vertex -50.3715 40.8072 33.8
    endloop
  endfacet
  facet normal 0.857631 0.514265 0
    outer loop
      vertex -50.3715 40.8072 2.4
      vertex -50.3059 40.6978 33.8
      vertex -50.3059 40.6978 2.4
    endloop
  endfacet
  facet normal 0.740755 0.671775 0
    outer loop
      vertex -50.1442 40.5008 33.8
      vertex -50.2299 40.5953 2.4
      vertex -50.2299 40.5953 33.8
    endloop
  endfacet
  facet normal 0.740755 0.671775 0
    outer loop
      vertex -50.2299 40.5953 2.4
      vertex -50.1442 40.5008 33.8
      vertex -50.1442 40.5008 2.4
    endloop
  endfacet
  facet normal -0.904089 0.427345 0
    outer loop
      vertex -48.0785 40.8072 2.4
      vertex -48.024 40.9225 33.8
      vertex -48.024 40.9225 2.4
    endloop
  endfacet
  facet normal -0.904089 0.427345 0
    outer loop
      vertex -48.024 40.9225 33.8
      vertex -48.0785 40.8072 2.4
      vertex -48.0785 40.8072 33.8
    endloop
  endfacet
  facet normal -0.857631 0.514265 0
    outer loop
      vertex -48.1441 40.6978 2.4
      vertex -48.0785 40.8072 33.8
      vertex -48.0785 40.8072 2.4
    endloop
  endfacet
  facet normal -0.857631 0.514265 0
    outer loop
      vertex -48.0785 40.8072 33.8
      vertex -48.1441 40.6978 2.4
      vertex -48.1441 40.6978 33.8
    endloop
  endfacet
  facet normal -0.803279 0.595602 0
    outer loop
      vertex -48.2201 40.5953 2.4
      vertex -48.1441 40.6978 33.8
      vertex -48.1441 40.6978 2.4
    endloop
  endfacet
  facet normal -0.803279 0.595602 0
    outer loop
      vertex -48.1441 40.6978 33.8
      vertex -48.2201 40.5953 2.4
      vertex -48.2201 40.5953 33.8
    endloop
  endfacet
  facet normal -0.99878 0.0493902 0
    outer loop
      vertex 50.5187 -41.5474 2.4
      vertex 50.525 -41.42 33.8
      vertex 50.525 -41.42 2.4
    endloop
  endfacet
  facet normal -0.99878 0.0493902 0
    outer loop
      vertex 50.525 -41.42 33.8
      vertex 50.5187 -41.5474 2.4
      vertex 50.5187 -41.5474 33.8
    endloop
  endfacet
  facet normal -0.514265 -0.857631 0
    outer loop
      vertex 49.8378 -40.2735 2.4
      vertex 49.9472 -40.3391 33.8
      vertex 49.8378 -40.2735 33.8
    endloop
  endfacet
  facet normal -0.514265 -0.857631 -0
    outer loop
      vertex 49.9472 -40.3391 33.8
      vertex 49.8378 -40.2735 2.4
      vertex 49.9472 -40.3391 2.4
    endloop
  endfacet
  facet normal 0.337081 -0.941476 0
    outer loop
      vertex 48.7275 -40.219 2.4
      vertex 48.8476 -40.176 33.8
      vertex 48.7275 -40.219 33.8
    endloop
  endfacet
  facet normal 0.337081 -0.941476 0
    outer loop
      vertex 48.8476 -40.176 33.8
      vertex 48.7275 -40.219 2.4
      vertex 48.8476 -40.176 2.4
    endloop
  endfacet
  facet normal 0.904089 -0.427345 0
    outer loop
      vertex 48.024 -40.9225 33.8
      vertex 48.0785 -40.8072 2.4
      vertex 48.0785 -40.8072 33.8
    endloop
  endfacet
  facet normal 0.904089 -0.427345 0
    outer loop
      vertex 48.0785 -40.8072 2.4
      vertex 48.024 -40.9225 33.8
      vertex 48.024 -40.9225 2.4
    endloop
  endfacet
  facet normal 0.904089 0.427345 0
    outer loop
      vertex 48.0785 -42.0328 33.8
      vertex 48.024 -41.9175 2.4
      vertex 48.024 -41.9175 33.8
    endloop
  endfacet
  facet normal 0.904089 0.427345 0
    outer loop
      vertex 48.024 -41.9175 2.4
      vertex 48.0785 -42.0328 33.8
      vertex 48.0785 -42.0328 2.4
    endloop
  endfacet
  facet normal -0.97005 -0.242904 0
    outer loop
      vertex 50.5 -41.1664 2.4
      vertex 50.469 -41.0426 33.8
      vertex 50.469 -41.0426 2.4
    endloop
  endfacet
  facet normal -0.97005 -0.242904 0
    outer loop
      vertex 50.469 -41.0426 33.8
      vertex 50.5 -41.1664 2.4
      vertex 50.5 -41.1664 33.8
    endloop
  endfacet
  facet normal -0.941476 -0.337081 0
    outer loop
      vertex 50.469 -41.0426 2.4
      vertex 50.426 -40.9225 33.8
      vertex 50.426 -40.9225 2.4
    endloop
  endfacet
  facet normal -0.941476 -0.337081 0
    outer loop
      vertex 50.426 -40.9225 33.8
      vertex 50.469 -41.0426 2.4
      vertex 50.469 -41.0426 33.8
    endloop
  endfacet
  facet normal -0.740755 -0.671775 0
    outer loop
      vertex 50.2299 -40.5953 2.4
      vertex 50.1442 -40.5008 33.8
      vertex 50.1442 -40.5008 2.4
    endloop
  endfacet
  facet normal -0.740755 -0.671775 0
    outer loop
      vertex 50.1442 -40.5008 33.8
      vertex 50.2299 -40.5953 2.4
      vertex 50.2299 -40.5953 33.8
    endloop
  endfacet
  facet normal -0.427345 -0.904089 0
    outer loop
      vertex 49.7225 -40.219 2.4
      vertex 49.8378 -40.2735 33.8
      vertex 49.7225 -40.219 33.8
    endloop
  endfacet
  facet normal -0.427345 -0.904089 -0
    outer loop
      vertex 49.8378 -40.2735 33.8
      vertex 49.7225 -40.219 2.4
      vertex 49.8378 -40.2735 2.4
    endloop
  endfacet
  facet normal -0.242904 -0.97005 0
    outer loop
      vertex 49.4786 -40.145 2.4
      vertex 49.6024 -40.176 33.8
      vertex 49.4786 -40.145 33.8
    endloop
  endfacet
  facet normal -0.242904 -0.97005 -0
    outer loop
      vertex 49.6024 -40.176 33.8
      vertex 49.4786 -40.145 2.4
      vertex 49.6024 -40.176 2.4
    endloop
  endfacet
  facet normal 0.595602 -0.803279 0
    outer loop
      vertex 48.4003 -40.4151 2.4
      vertex 48.5028 -40.3391 33.8
      vertex 48.4003 -40.4151 33.8
    endloop
  endfacet
  facet normal 0.595602 -0.803279 0
    outer loop
      vertex 48.5028 -40.3391 33.8
      vertex 48.4003 -40.4151 2.4
      vertex 48.5028 -40.3391 2.4
    endloop
  endfacet
  facet normal -0.242904 0.97005 0
    outer loop
      vertex 49.6024 -42.664 2.4
      vertex 49.4786 -42.695 33.8
      vertex 49.6024 -42.664 33.8
    endloop
  endfacet
  facet normal -0.242904 0.97005 0
    outer loop
      vertex 49.4786 -42.695 33.8
      vertex 49.6024 -42.664 2.4
      vertex 49.4786 -42.695 2.4
    endloop
  endfacet
  facet normal -0.671775 0.740755 0
    outer loop
      vertex 50.1442 -42.3392 2.4
      vertex 50.0497 -42.4249 33.8
      vertex 50.1442 -42.3392 33.8
    endloop
  endfacet
  facet normal -0.671775 0.740755 0
    outer loop
      vertex 50.0497 -42.4249 33.8
      vertex 50.1442 -42.3392 2.4
      vertex 50.0497 -42.4249 2.4
    endloop
  endfacet
  facet normal 0.0493902 0.99878 -0
    outer loop
      vertex 49.225 -42.72 2.4
      vertex 49.0976 -42.7137 33.8
      vertex 49.225 -42.72 33.8
    endloop
  endfacet
  facet normal 0.0493902 0.99878 0
    outer loop
      vertex 49.0976 -42.7137 33.8
      vertex 49.225 -42.72 2.4
      vertex 49.0976 -42.7137 2.4
    endloop
  endfacet
  facet normal 0.514265 0.857631 -0
    outer loop
      vertex 48.6122 -42.5665 2.4
      vertex 48.5028 -42.5009 33.8
      vertex 48.6122 -42.5665 33.8
    endloop
  endfacet
  facet normal 0.514265 0.857631 0
    outer loop
      vertex 48.5028 -42.5009 33.8
      vertex 48.6122 -42.5665 2.4
      vertex 48.5028 -42.5009 2.4
    endloop
  endfacet
  facet normal -0.904089 -0.427345 0
    outer loop
      vertex 50.426 -40.9225 2.4
      vertex 50.3715 -40.8072 33.8
      vertex 50.3715 -40.8072 2.4
    endloop
  endfacet
  facet normal -0.904089 -0.427345 0
    outer loop
      vertex 50.3715 -40.8072 33.8
      vertex 50.426 -40.9225 2.4
      vertex 50.426 -40.9225 33.8
    endloop
  endfacet
  facet normal -0.857631 -0.514265 0
    outer loop
      vertex 50.3715 -40.8072 2.4
      vertex 50.3059 -40.6978 33.8
      vertex 50.3059 -40.6978 2.4
    endloop
  endfacet
  facet normal -0.857631 -0.514265 0
    outer loop
      vertex 50.3059 -40.6978 33.8
      vertex 50.3715 -40.8072 2.4
      vertex 50.3715 -40.8072 33.8
    endloop
  endfacet
  facet normal -0.803279 -0.595602 0
    outer loop
      vertex 50.3059 -40.6978 2.4
      vertex 50.2299 -40.5953 33.8
      vertex 50.2299 -40.5953 2.4
    endloop
  endfacet
  facet normal -0.803279 -0.595602 0
    outer loop
      vertex 50.2299 -40.5953 33.8
      vertex 50.3059 -40.6978 2.4
      vertex 50.3059 -40.6978 33.8
    endloop
  endfacet
  facet normal -0.671775 -0.740755 0
    outer loop
      vertex 50.0497 -40.4151 2.4
      vertex 50.1442 -40.5008 33.8
      vertex 50.0497 -40.4151 33.8
    endloop
  endfacet
  facet normal -0.671775 -0.740755 -0
    outer loop
      vertex 50.1442 -40.5008 33.8
      vertex 50.0497 -40.4151 2.4
      vertex 50.1442 -40.5008 2.4
    endloop
  endfacet
  facet normal -0.0493902 -0.99878 0
    outer loop
      vertex 49.225 -40.12 2.4
      vertex 49.3524 -40.1263 33.8
      vertex 49.225 -40.12 33.8
    endloop
  endfacet
  facet normal -0.0493902 -0.99878 -0
    outer loop
      vertex 49.3524 -40.1263 33.8
      vertex 49.225 -40.12 2.4
      vertex 49.3524 -40.1263 2.4
    endloop
  endfacet
  facet normal -0.337081 -0.941476 0
    outer loop
      vertex 49.6024 -40.176 2.4
      vertex 49.7225 -40.219 33.8
      vertex 49.6024 -40.176 33.8
    endloop
  endfacet
  facet normal -0.337081 -0.941476 -0
    outer loop
      vertex 49.7225 -40.219 33.8
      vertex 49.6024 -40.176 2.4
      vertex 49.7225 -40.219 2.4
    endloop
  endfacet
  facet normal -0.146577 -0.989199 0
    outer loop
      vertex 49.3524 -40.1263 2.4
      vertex 49.4786 -40.145 33.8
      vertex 49.3524 -40.1263 33.8
    endloop
  endfacet
  facet normal -0.146577 -0.989199 -0
    outer loop
      vertex 49.4786 -40.145 33.8
      vertex 49.3524 -40.1263 2.4
      vertex 49.4786 -40.145 2.4
    endloop
  endfacet
  facet normal 0.99878 -0.0493902 0
    outer loop
      vertex 47.925 -41.42 33.8
      vertex 47.9313 -41.2926 2.4
      vertex 47.9313 -41.2926 33.8
    endloop
  endfacet
  facet normal 0.99878 -0.0493902 0
    outer loop
      vertex 47.9313 -41.2926 2.4
      vertex 47.925 -41.42 33.8
      vertex 47.925 -41.42 2.4
    endloop
  endfacet
  facet normal 0.97005 -0.242904 0
    outer loop
      vertex 47.95 -41.1664 33.8
      vertex 47.981 -41.0426 2.4
      vertex 47.981 -41.0426 33.8
    endloop
  endfacet
  facet normal 0.97005 -0.242904 0
    outer loop
      vertex 47.981 -41.0426 2.4
      vertex 47.95 -41.1664 33.8
      vertex 47.95 -41.1664 2.4
    endloop
  endfacet
  facet normal 0.989199 -0.146577 0
    outer loop
      vertex 47.9313 -41.2926 33.8
      vertex 47.95 -41.1664 2.4
      vertex 47.95 -41.1664 33.8
    endloop
  endfacet
  facet normal 0.989199 -0.146577 0
    outer loop
      vertex 47.95 -41.1664 2.4
      vertex 47.9313 -41.2926 33.8
      vertex 47.9313 -41.2926 2.4
    endloop
  endfacet
  facet normal 0.740755 -0.671775 0
    outer loop
      vertex 48.2201 -40.5953 33.8
      vertex 48.3058 -40.5008 2.4
      vertex 48.3058 -40.5008 33.8
    endloop
  endfacet
  facet normal 0.740755 -0.671775 0
    outer loop
      vertex 48.3058 -40.5008 2.4
      vertex 48.2201 -40.5953 33.8
      vertex 48.2201 -40.5953 2.4
    endloop
  endfacet
  facet normal 0.803279 -0.595602 0
    outer loop
      vertex 48.1441 -40.6978 33.8
      vertex 48.2201 -40.5953 2.4
      vertex 48.2201 -40.5953 33.8
    endloop
  endfacet
  facet normal 0.803279 -0.595602 0
    outer loop
      vertex 48.2201 -40.5953 2.4
      vertex 48.1441 -40.6978 33.8
      vertex 48.1441 -40.6978 2.4
    endloop
  endfacet
  facet normal 0.0493902 -0.99878 0
    outer loop
      vertex 49.0976 -40.1263 2.4
      vertex 49.225 -40.12 33.8
      vertex 49.0976 -40.1263 33.8
    endloop
  endfacet
  facet normal 0.0493902 -0.99878 0
    outer loop
      vertex 49.225 -40.12 33.8
      vertex 49.0976 -40.1263 2.4
      vertex 49.225 -40.12 2.4
    endloop
  endfacet
  facet normal 0.146577 -0.989199 0
    outer loop
      vertex 48.9714 -40.145 2.4
      vertex 49.0976 -40.1263 33.8
      vertex 48.9714 -40.145 33.8
    endloop
  endfacet
  facet normal 0.146577 -0.989199 0
    outer loop
      vertex 49.0976 -40.1263 33.8
      vertex 48.9714 -40.145 2.4
      vertex 49.0976 -40.1263 2.4
    endloop
  endfacet
  facet normal 0.427345 -0.904089 0
    outer loop
      vertex 48.6122 -40.2735 2.4
      vertex 48.7275 -40.219 33.8
      vertex 48.6122 -40.2735 33.8
    endloop
  endfacet
  facet normal 0.427345 -0.904089 0
    outer loop
      vertex 48.7275 -40.219 33.8
      vertex 48.6122 -40.2735 2.4
      vertex 48.7275 -40.219 2.4
    endloop
  endfacet
  facet normal 0.514265 -0.857631 0
    outer loop
      vertex 48.5028 -40.3391 2.4
      vertex 48.6122 -40.2735 33.8
      vertex 48.5028 -40.3391 33.8
    endloop
  endfacet
  facet normal 0.514265 -0.857631 0
    outer loop
      vertex 48.6122 -40.2735 33.8
      vertex 48.5028 -40.3391 2.4
      vertex 48.6122 -40.2735 2.4
    endloop
  endfacet
  facet normal 0.671775 -0.740755 0
    outer loop
      vertex 48.3058 -40.5008 2.4
      vertex 48.4003 -40.4151 33.8
      vertex 48.3058 -40.5008 33.8
    endloop
  endfacet
  facet normal 0.671775 -0.740755 0
    outer loop
      vertex 48.4003 -40.4151 33.8
      vertex 48.3058 -40.5008 2.4
      vertex 48.4003 -40.4151 2.4
    endloop
  endfacet
  facet normal -0.99878 -0.0493902 0
    outer loop
      vertex 50.525 -41.42 2.4
      vertex 50.5187 -41.2926 33.8
      vertex 50.5187 -41.2926 2.4
    endloop
  endfacet
  facet normal -0.99878 -0.0493902 0
    outer loop
      vertex 50.5187 -41.2926 33.8
      vertex 50.525 -41.42 2.4
      vertex 50.525 -41.42 33.8
    endloop
  endfacet
  facet normal -0.0493902 0.99878 0
    outer loop
      vertex 49.3524 -42.7137 2.4
      vertex 49.225 -42.72 33.8
      vertex 49.3524 -42.7137 33.8
    endloop
  endfacet
  facet normal -0.0493902 0.99878 0
    outer loop
      vertex 49.225 -42.72 33.8
      vertex 49.3524 -42.7137 2.4
      vertex 49.225 -42.72 2.4
    endloop
  endfacet
  facet normal -0.146577 0.989199 0
    outer loop
      vertex 49.4786 -42.695 2.4
      vertex 49.3524 -42.7137 33.8
      vertex 49.4786 -42.695 33.8
    endloop
  endfacet
  facet normal -0.146577 0.989199 0
    outer loop
      vertex 49.3524 -42.7137 33.8
      vertex 49.4786 -42.695 2.4
      vertex 49.3524 -42.7137 2.4
    endloop
  endfacet
  facet normal -0.427345 0.904089 0
    outer loop
      vertex 49.8378 -42.5665 2.4
      vertex 49.7225 -42.621 33.8
      vertex 49.8378 -42.5665 33.8
    endloop
  endfacet
  facet normal -0.427345 0.904089 0
    outer loop
      vertex 49.7225 -42.621 33.8
      vertex 49.8378 -42.5665 2.4
      vertex 49.7225 -42.621 2.4
    endloop
  endfacet
  facet normal -0.595602 0.803279 0
    outer loop
      vertex 50.0497 -42.4249 2.4
      vertex 49.9472 -42.5009 33.8
      vertex 50.0497 -42.4249 33.8
    endloop
  endfacet
  facet normal -0.595602 0.803279 0
    outer loop
      vertex 49.9472 -42.5009 33.8
      vertex 50.0497 -42.4249 2.4
      vertex 49.9472 -42.5009 2.4
    endloop
  endfacet
  facet normal 0.242904 0.97005 -0
    outer loop
      vertex 48.9714 -42.695 2.4
      vertex 48.8476 -42.664 33.8
      vertex 48.9714 -42.695 33.8
    endloop
  endfacet
  facet normal 0.242904 0.97005 0
    outer loop
      vertex 48.8476 -42.664 33.8
      vertex 48.9714 -42.695 2.4
      vertex 48.8476 -42.664 2.4
    endloop
  endfacet
  facet normal 0.337081 0.941476 -0
    outer loop
      vertex 48.8476 -42.664 2.4
      vertex 48.7275 -42.621 33.8
      vertex 48.8476 -42.664 33.8
    endloop
  endfacet
  facet normal 0.337081 0.941476 0
    outer loop
      vertex 48.7275 -42.621 33.8
      vertex 48.8476 -42.664 2.4
      vertex 48.7275 -42.621 2.4
    endloop
  endfacet
  facet normal 0.146577 0.989199 -0
    outer loop
      vertex 49.0976 -42.7137 2.4
      vertex 48.9714 -42.695 33.8
      vertex 49.0976 -42.7137 33.8
    endloop
  endfacet
  facet normal 0.146577 0.989199 0
    outer loop
      vertex 48.9714 -42.695 33.8
      vertex 49.0976 -42.7137 2.4
      vertex 48.9714 -42.695 2.4
    endloop
  endfacet
  facet normal 0.427345 0.904089 -0
    outer loop
      vertex 48.7275 -42.621 2.4
      vertex 48.6122 -42.5665 33.8
      vertex 48.7275 -42.621 33.8
    endloop
  endfacet
  facet normal 0.427345 0.904089 0
    outer loop
      vertex 48.6122 -42.5665 33.8
      vertex 48.7275 -42.621 2.4
      vertex 48.6122 -42.5665 2.4
    endloop
  endfacet
  facet normal 0.671775 0.740755 -0
    outer loop
      vertex 48.4003 -42.4249 2.4
      vertex 48.3058 -42.3392 33.8
      vertex 48.4003 -42.4249 33.8
    endloop
  endfacet
  facet normal 0.671775 0.740755 0
    outer loop
      vertex 48.3058 -42.3392 33.8
      vertex 48.4003 -42.4249 2.4
      vertex 48.3058 -42.3392 2.4
    endloop
  endfacet
  facet normal 0.97005 0.242904 0
    outer loop
      vertex 47.981 -41.7974 33.8
      vertex 47.95 -41.6736 2.4
      vertex 47.95 -41.6736 33.8
    endloop
  endfacet
  facet normal 0.97005 0.242904 0
    outer loop
      vertex 47.95 -41.6736 2.4
      vertex 47.981 -41.7974 33.8
      vertex 47.981 -41.7974 2.4
    endloop
  endfacet
  facet normal 0.99878 0.0493902 0
    outer loop
      vertex 47.9313 -41.5474 33.8
      vertex 47.925 -41.42 2.4
      vertex 47.925 -41.42 33.8
    endloop
  endfacet
  facet normal 0.99878 0.0493902 0
    outer loop
      vertex 47.925 -41.42 2.4
      vertex 47.9313 -41.5474 33.8
      vertex 47.9313 -41.5474 2.4
    endloop
  endfacet
  facet normal 0.803279 0.595602 0
    outer loop
      vertex 48.2201 -42.2447 33.8
      vertex 48.1441 -42.1422 2.4
      vertex 48.1441 -42.1422 33.8
    endloop
  endfacet
  facet normal 0.803279 0.595602 0
    outer loop
      vertex 48.1441 -42.1422 2.4
      vertex 48.2201 -42.2447 33.8
      vertex 48.2201 -42.2447 2.4
    endloop
  endfacet
  facet normal -0.989199 -0.146577 0
    outer loop
      vertex 50.5187 -41.2926 2.4
      vertex 50.5 -41.1664 33.8
      vertex 50.5 -41.1664 2.4
    endloop
  endfacet
  facet normal -0.989199 -0.146577 0
    outer loop
      vertex 50.5 -41.1664 33.8
      vertex 50.5187 -41.2926 2.4
      vertex 50.5187 -41.2926 33.8
    endloop
  endfacet
  facet normal -0.595602 -0.803279 0
    outer loop
      vertex 49.9472 -40.3391 2.4
      vertex 50.0497 -40.4151 33.8
      vertex 49.9472 -40.3391 33.8
    endloop
  endfacet
  facet normal -0.595602 -0.803279 -0
    outer loop
      vertex 50.0497 -40.4151 33.8
      vertex 49.9472 -40.3391 2.4
      vertex 50.0497 -40.4151 2.4
    endloop
  endfacet
  facet normal 0.941476 -0.337081 0
    outer loop
      vertex 47.981 -41.0426 33.8
      vertex 48.024 -40.9225 2.4
      vertex 48.024 -40.9225 33.8
    endloop
  endfacet
  facet normal 0.941476 -0.337081 0
    outer loop
      vertex 48.024 -40.9225 2.4
      vertex 47.981 -41.0426 33.8
      vertex 47.981 -41.0426 2.4
    endloop
  endfacet
  facet normal 0.857631 -0.514265 0
    outer loop
      vertex 48.0785 -40.8072 33.8
      vertex 48.1441 -40.6978 2.4
      vertex 48.1441 -40.6978 33.8
    endloop
  endfacet
  facet normal 0.857631 -0.514265 0
    outer loop
      vertex 48.1441 -40.6978 2.4
      vertex 48.0785 -40.8072 33.8
      vertex 48.0785 -40.8072 2.4
    endloop
  endfacet
  facet normal 0.242904 -0.97005 0
    outer loop
      vertex 48.8476 -40.176 2.4
      vertex 48.9714 -40.145 33.8
      vertex 48.8476 -40.176 33.8
    endloop
  endfacet
  facet normal 0.242904 -0.97005 0
    outer loop
      vertex 48.9714 -40.145 33.8
      vertex 48.8476 -40.176 2.4
      vertex 48.9714 -40.145 2.4
    endloop
  endfacet
  facet normal -0.97005 0.242904 0
    outer loop
      vertex 50.469 -41.7974 2.4
      vertex 50.5 -41.6736 33.8
      vertex 50.5 -41.6736 2.4
    endloop
  endfacet
  facet normal -0.97005 0.242904 0
    outer loop
      vertex 50.5 -41.6736 33.8
      vertex 50.469 -41.7974 2.4
      vertex 50.469 -41.7974 33.8
    endloop
  endfacet
  facet normal -0.941476 0.337081 0
    outer loop
      vertex 50.426 -41.9175 2.4
      vertex 50.469 -41.7974 33.8
      vertex 50.469 -41.7974 2.4
    endloop
  endfacet
  facet normal -0.941476 0.337081 0
    outer loop
      vertex 50.469 -41.7974 33.8
      vertex 50.426 -41.9175 2.4
      vertex 50.426 -41.9175 33.8
    endloop
  endfacet
  facet normal -0.740755 0.671775 0
    outer loop
      vertex 50.1442 -42.3392 2.4
      vertex 50.2299 -42.2447 33.8
      vertex 50.2299 -42.2447 2.4
    endloop
  endfacet
  facet normal -0.740755 0.671775 0
    outer loop
      vertex 50.2299 -42.2447 33.8
      vertex 50.1442 -42.3392 2.4
      vertex 50.1442 -42.3392 33.8
    endloop
  endfacet
  facet normal -0.337081 0.941476 0
    outer loop
      vertex 49.7225 -42.621 2.4
      vertex 49.6024 -42.664 33.8
      vertex 49.7225 -42.621 33.8
    endloop
  endfacet
  facet normal -0.337081 0.941476 0
    outer loop
      vertex 49.6024 -42.664 33.8
      vertex 49.7225 -42.621 2.4
      vertex 49.6024 -42.664 2.4
    endloop
  endfacet
  facet normal -0.514265 0.857631 0
    outer loop
      vertex 49.9472 -42.5009 2.4
      vertex 49.8378 -42.5665 33.8
      vertex 49.9472 -42.5009 33.8
    endloop
  endfacet
  facet normal -0.514265 0.857631 0
    outer loop
      vertex 49.8378 -42.5665 33.8
      vertex 49.9472 -42.5009 2.4
      vertex 49.8378 -42.5665 2.4
    endloop
  endfacet
  facet normal 0.595602 0.803279 -0
    outer loop
      vertex 48.5028 -42.5009 2.4
      vertex 48.4003 -42.4249 33.8
      vertex 48.5028 -42.5009 33.8
    endloop
  endfacet
  facet normal 0.595602 0.803279 0
    outer loop
      vertex 48.4003 -42.4249 33.8
      vertex 48.5028 -42.5009 2.4
      vertex 48.4003 -42.4249 2.4
    endloop
  endfacet
  facet normal 0.989199 0.146577 0
    outer loop
      vertex 47.95 -41.6736 33.8
      vertex 47.9313 -41.5474 2.4
      vertex 47.9313 -41.5474 33.8
    endloop
  endfacet
  facet normal 0.989199 0.146577 0
    outer loop
      vertex 47.9313 -41.5474 2.4
      vertex 47.95 -41.6736 33.8
      vertex 47.95 -41.6736 2.4
    endloop
  endfacet
  facet normal 0.941476 0.337081 0
    outer loop
      vertex 48.024 -41.9175 33.8
      vertex 47.981 -41.7974 2.4
      vertex 47.981 -41.7974 33.8
    endloop
  endfacet
  facet normal 0.941476 0.337081 0
    outer loop
      vertex 47.981 -41.7974 2.4
      vertex 48.024 -41.9175 33.8
      vertex 48.024 -41.9175 2.4
    endloop
  endfacet
  facet normal 0.857631 0.514265 0
    outer loop
      vertex 48.1441 -42.1422 33.8
      vertex 48.0785 -42.0328 2.4
      vertex 48.0785 -42.0328 33.8
    endloop
  endfacet
  facet normal 0.857631 0.514265 0
    outer loop
      vertex 48.0785 -42.0328 2.4
      vertex 48.1441 -42.1422 33.8
      vertex 48.1441 -42.1422 2.4
    endloop
  endfacet
  facet normal 0.740755 0.671775 0
    outer loop
      vertex 48.3058 -42.3392 33.8
      vertex 48.2201 -42.2447 2.4
      vertex 48.2201 -42.2447 33.8
    endloop
  endfacet
  facet normal 0.740755 0.671775 0
    outer loop
      vertex 48.2201 -42.2447 2.4
      vertex 48.3058 -42.3392 33.8
      vertex 48.3058 -42.3392 2.4
    endloop
  endfacet
  facet normal -0.989199 0.146577 0
    outer loop
      vertex 50.5 -41.6736 2.4
      vertex 50.5187 -41.5474 33.8
      vertex 50.5187 -41.5474 2.4
    endloop
  endfacet
  facet normal -0.989199 0.146577 0
    outer loop
      vertex 50.5187 -41.5474 33.8
      vertex 50.5 -41.6736 2.4
      vertex 50.5 -41.6736 33.8
    endloop
  endfacet
  facet normal -0.857631 0.514265 0
    outer loop
      vertex 50.3059 -42.1422 2.4
      vertex 50.3715 -42.0328 33.8
      vertex 50.3715 -42.0328 2.4
    endloop
  endfacet
  facet normal -0.857631 0.514265 0
    outer loop
      vertex 50.3715 -42.0328 33.8
      vertex 50.3059 -42.1422 2.4
      vertex 50.3059 -42.1422 33.8
    endloop
  endfacet
  facet normal -0.904089 0.427345 0
    outer loop
      vertex 50.3715 -42.0328 2.4
      vertex 50.426 -41.9175 33.8
      vertex 50.426 -41.9175 2.4
    endloop
  endfacet
  facet normal -0.904089 0.427345 0
    outer loop
      vertex 50.426 -41.9175 33.8
      vertex 50.3715 -42.0328 2.4
      vertex 50.3715 -42.0328 33.8
    endloop
  endfacet
  facet normal -0.803279 0.595602 0
    outer loop
      vertex 50.2299 -42.2447 2.4
      vertex 50.3059 -42.1422 33.8
      vertex 50.3059 -42.1422 2.4
    endloop
  endfacet
  facet normal -0.803279 0.595602 0
    outer loop
      vertex 50.3059 -42.1422 33.8
      vertex 50.2299 -42.2447 2.4
      vertex 50.2299 -42.2447 33.8
    endloop
  endfacet
  facet normal -0.99878 -0.0493902 0
    outer loop
      vertex 50.525 41.42 2.4
      vertex 50.5187 41.5474 33.8
      vertex 50.5187 41.5474 2.4
    endloop
  endfacet
  facet normal -0.99878 -0.0493902 0
    outer loop
      vertex 50.5187 41.5474 33.8
      vertex 50.525 41.42 2.4
      vertex 50.525 41.42 33.8
    endloop
  endfacet
  facet normal 0.99878 -0.0493902 0
    outer loop
      vertex 47.925 41.42 33.8
      vertex 47.9313 41.5474 2.4
      vertex 47.9313 41.5474 33.8
    endloop
  endfacet
  facet normal 0.99878 -0.0493902 0
    outer loop
      vertex 47.9313 41.5474 2.4
      vertex 47.925 41.42 33.8
      vertex 47.925 41.42 2.4
    endloop
  endfacet
  facet normal -0.0493902 -0.99878 0
    outer loop
      vertex 49.225 42.72 2.4
      vertex 49.3524 42.7137 33.8
      vertex 49.225 42.72 33.8
    endloop
  endfacet
  facet normal -0.0493902 -0.99878 -0
    outer loop
      vertex 49.3524 42.7137 33.8
      vertex 49.225 42.72 2.4
      vertex 49.3524 42.7137 2.4
    endloop
  endfacet
  facet normal 0.0493902 0.99878 -0
    outer loop
      vertex 49.225 40.12 2.4
      vertex 49.0976 40.1263 33.8
      vertex 49.225 40.12 33.8
    endloop
  endfacet
  facet normal 0.0493902 0.99878 0
    outer loop
      vertex 49.0976 40.1263 33.8
      vertex 49.225 40.12 2.4
      vertex 49.0976 40.1263 2.4
    endloop
  endfacet
  facet normal 0.740755 0.671775 0
    outer loop
      vertex 48.3058 40.5008 33.8
      vertex 48.2201 40.5953 2.4
      vertex 48.2201 40.5953 33.8
    endloop
  endfacet
  facet normal 0.740755 0.671775 0
    outer loop
      vertex 48.2201 40.5953 2.4
      vertex 48.3058 40.5008 33.8
      vertex 48.3058 40.5008 2.4
    endloop
  endfacet
  facet normal -0.671775 -0.740755 0
    outer loop
      vertex 50.0497 42.4249 2.4
      vertex 50.1442 42.3392 33.8
      vertex 50.0497 42.4249 33.8
    endloop
  endfacet
  facet normal -0.671775 -0.740755 -0
    outer loop
      vertex 50.1442 42.3392 33.8
      vertex 50.0497 42.4249 2.4
      vertex 50.1442 42.3392 2.4
    endloop
  endfacet
  facet normal 0.671775 -0.740755 0
    outer loop
      vertex 48.3058 42.3392 2.4
      vertex 48.4003 42.4249 33.8
      vertex 48.3058 42.3392 33.8
    endloop
  endfacet
  facet normal 0.671775 -0.740755 0
    outer loop
      vertex 48.4003 42.4249 33.8
      vertex 48.3058 42.3392 2.4
      vertex 48.4003 42.4249 2.4
    endloop
  endfacet
  facet normal 0.337081 -0.941476 0
    outer loop
      vertex 48.7275 42.621 2.4
      vertex 48.8476 42.664 33.8
      vertex 48.7275 42.621 33.8
    endloop
  endfacet
  facet normal 0.337081 -0.941476 0
    outer loop
      vertex 48.8476 42.664 33.8
      vertex 48.7275 42.621 2.4
      vertex 48.8476 42.664 2.4
    endloop
  endfacet
  facet normal -0.904089 -0.427345 0
    outer loop
      vertex 50.426 41.9175 2.4
      vertex 50.3715 42.0328 33.8
      vertex 50.3715 42.0328 2.4
    endloop
  endfacet
  facet normal -0.904089 -0.427345 0
    outer loop
      vertex 50.3715 42.0328 33.8
      vertex 50.426 41.9175 2.4
      vertex 50.426 41.9175 33.8
    endloop
  endfacet
  facet normal -0.427345 -0.904089 0
    outer loop
      vertex 49.7225 42.621 2.4
      vertex 49.8378 42.5665 33.8
      vertex 49.7225 42.621 33.8
    endloop
  endfacet
  facet normal -0.427345 -0.904089 -0
    outer loop
      vertex 49.8378 42.5665 33.8
      vertex 49.7225 42.621 2.4
      vertex 49.8378 42.5665 2.4
    endloop
  endfacet
  facet normal -0.595602 -0.803279 0
    outer loop
      vertex 49.9472 42.5009 2.4
      vertex 50.0497 42.4249 33.8
      vertex 49.9472 42.5009 33.8
    endloop
  endfacet
  facet normal -0.595602 -0.803279 -0
    outer loop
      vertex 50.0497 42.4249 33.8
      vertex 49.9472 42.5009 2.4
      vertex 50.0497 42.4249 2.4
    endloop
  endfacet
  facet normal 0.904089 -0.427345 0
    outer loop
      vertex 48.024 41.9175 33.8
      vertex 48.0785 42.0328 2.4
      vertex 48.0785 42.0328 33.8
    endloop
  endfacet
  facet normal 0.904089 -0.427345 0
    outer loop
      vertex 48.0785 42.0328 2.4
      vertex 48.024 41.9175 33.8
      vertex 48.024 41.9175 2.4
    endloop
  endfacet
  facet normal 0.146577 -0.989199 0
    outer loop
      vertex 48.9714 42.695 2.4
      vertex 49.0976 42.7137 33.8
      vertex 48.9714 42.695 33.8
    endloop
  endfacet
  facet normal 0.146577 -0.989199 0
    outer loop
      vertex 49.0976 42.7137 33.8
      vertex 48.9714 42.695 2.4
      vertex 49.0976 42.7137 2.4
    endloop
  endfacet
  facet normal -0.97005 -0.242904 0
    outer loop
      vertex 50.5 41.6736 2.4
      vertex 50.469 41.7974 33.8
      vertex 50.469 41.7974 2.4
    endloop
  endfacet
  facet normal -0.97005 -0.242904 0
    outer loop
      vertex 50.469 41.7974 33.8
      vertex 50.5 41.6736 2.4
      vertex 50.5 41.6736 33.8
    endloop
  endfacet
  facet normal -0.989199 -0.146577 0
    outer loop
      vertex 50.5187 41.5474 2.4
      vertex 50.5 41.6736 33.8
      vertex 50.5 41.6736 2.4
    endloop
  endfacet
  facet normal -0.989199 -0.146577 0
    outer loop
      vertex 50.5 41.6736 33.8
      vertex 50.5187 41.5474 2.4
      vertex 50.5187 41.5474 33.8
    endloop
  endfacet
  facet normal -0.941476 -0.337081 0
    outer loop
      vertex 50.469 41.7974 2.4
      vertex 50.426 41.9175 33.8
      vertex 50.426 41.9175 2.4
    endloop
  endfacet
  facet normal -0.941476 -0.337081 0
    outer loop
      vertex 50.426 41.9175 33.8
      vertex 50.469 41.7974 2.4
      vertex 50.469 41.7974 33.8
    endloop
  endfacet
  facet normal -0.803279 -0.595602 0
    outer loop
      vertex 50.3059 42.1422 2.4
      vertex 50.2299 42.2447 33.8
      vertex 50.2299 42.2447 2.4
    endloop
  endfacet
  facet normal -0.803279 -0.595602 0
    outer loop
      vertex 50.2299 42.2447 33.8
      vertex 50.3059 42.1422 2.4
      vertex 50.3059 42.1422 33.8
    endloop
  endfacet
  facet normal -0.740755 -0.671775 0
    outer loop
      vertex 50.2299 42.2447 2.4
      vertex 50.1442 42.3392 33.8
      vertex 50.1442 42.3392 2.4
    endloop
  endfacet
  facet normal -0.740755 -0.671775 0
    outer loop
      vertex 50.1442 42.3392 33.8
      vertex 50.2299 42.2447 2.4
      vertex 50.2299 42.2447 33.8
    endloop
  endfacet
  facet normal -0.857631 -0.514265 0
    outer loop
      vertex 50.3715 42.0328 2.4
      vertex 50.3059 42.1422 33.8
      vertex 50.3059 42.1422 2.4
    endloop
  endfacet
  facet normal -0.857631 -0.514265 0
    outer loop
      vertex 50.3059 42.1422 33.8
      vertex 50.3715 42.0328 2.4
      vertex 50.3715 42.0328 33.8
    endloop
  endfacet
  facet normal -0.242904 -0.97005 0
    outer loop
      vertex 49.4786 42.695 2.4
      vertex 49.6024 42.664 33.8
      vertex 49.4786 42.695 33.8
    endloop
  endfacet
  facet normal -0.242904 -0.97005 -0
    outer loop
      vertex 49.6024 42.664 33.8
      vertex 49.4786 42.695 2.4
      vertex 49.6024 42.664 2.4
    endloop
  endfacet
  facet normal -0.337081 -0.941476 0
    outer loop
      vertex 49.6024 42.664 2.4
      vertex 49.7225 42.621 33.8
      vertex 49.6024 42.664 33.8
    endloop
  endfacet
  facet normal -0.337081 -0.941476 -0
    outer loop
      vertex 49.7225 42.621 33.8
      vertex 49.6024 42.664 2.4
      vertex 49.7225 42.621 2.4
    endloop
  endfacet
  facet normal -0.146577 -0.989199 0
    outer loop
      vertex 49.3524 42.7137 2.4
      vertex 49.4786 42.695 33.8
      vertex 49.3524 42.7137 33.8
    endloop
  endfacet
  facet normal -0.146577 -0.989199 -0
    outer loop
      vertex 49.4786 42.695 33.8
      vertex 49.3524 42.7137 2.4
      vertex 49.4786 42.695 2.4
    endloop
  endfacet
  facet normal -0.514265 -0.857631 0
    outer loop
      vertex 49.8378 42.5665 2.4
      vertex 49.9472 42.5009 33.8
      vertex 49.8378 42.5665 33.8
    endloop
  endfacet
  facet normal -0.514265 -0.857631 -0
    outer loop
      vertex 49.9472 42.5009 33.8
      vertex 49.8378 42.5665 2.4
      vertex 49.9472 42.5009 2.4
    endloop
  endfacet
  facet normal 0.97005 -0.242904 0
    outer loop
      vertex 47.95 41.6736 33.8
      vertex 47.981 41.7974 2.4
      vertex 47.981 41.7974 33.8
    endloop
  endfacet
  facet normal 0.97005 -0.242904 0
    outer loop
      vertex 47.981 41.7974 2.4
      vertex 47.95 41.6736 33.8
      vertex 47.95 41.6736 2.4
    endloop
  endfacet
  facet normal 0.803279 -0.595602 0
    outer loop
      vertex 48.1441 42.1422 33.8
      vertex 48.2201 42.2447 2.4
      vertex 48.2201 42.2447 33.8
    endloop
  endfacet
  facet normal 0.803279 -0.595602 0
    outer loop
      vertex 48.2201 42.2447 2.4
      vertex 48.1441 42.1422 33.8
      vertex 48.1441 42.1422 2.4
    endloop
  endfacet
  facet normal 0.740755 -0.671775 0
    outer loop
      vertex 48.2201 42.2447 33.8
      vertex 48.3058 42.3392 2.4
      vertex 48.3058 42.3392 33.8
    endloop
  endfacet
  facet normal 0.740755 -0.671775 0
    outer loop
      vertex 48.3058 42.3392 2.4
      vertex 48.2201 42.2447 33.8
      vertex 48.2201 42.2447 2.4
    endloop
  endfacet
  facet normal 0.857631 -0.514265 0
    outer loop
      vertex 48.0785 42.0328 33.8
      vertex 48.1441 42.1422 2.4
      vertex 48.1441 42.1422 33.8
    endloop
  endfacet
  facet normal 0.857631 -0.514265 0
    outer loop
      vertex 48.1441 42.1422 2.4
      vertex 48.0785 42.0328 33.8
      vertex 48.0785 42.0328 2.4
    endloop
  endfacet
  facet normal 0.941476 -0.337081 0
    outer loop
      vertex 47.981 41.7974 33.8
      vertex 48.024 41.9175 2.4
      vertex 48.024 41.9175 33.8
    endloop
  endfacet
  facet normal 0.941476 -0.337081 0
    outer loop
      vertex 48.024 41.9175 2.4
      vertex 47.981 41.7974 33.8
      vertex 47.981 41.7974 2.4
    endloop
  endfacet
  facet normal 0.989199 -0.146577 0
    outer loop
      vertex 47.9313 41.5474 33.8
      vertex 47.95 41.6736 2.4
      vertex 47.95 41.6736 33.8
    endloop
  endfacet
  facet normal 0.989199 -0.146577 0
    outer loop
      vertex 47.95 41.6736 2.4
      vertex 47.9313 41.5474 33.8
      vertex 47.9313 41.5474 2.4
    endloop
  endfacet
  facet normal 0.514265 -0.857631 0
    outer loop
      vertex 48.5028 42.5009 2.4
      vertex 48.6122 42.5665 33.8
      vertex 48.5028 42.5009 33.8
    endloop
  endfacet
  facet normal 0.514265 -0.857631 0
    outer loop
      vertex 48.6122 42.5665 33.8
      vertex 48.5028 42.5009 2.4
      vertex 48.6122 42.5665 2.4
    endloop
  endfacet
  facet normal 0.427345 -0.904089 0
    outer loop
      vertex 48.6122 42.5665 2.4
      vertex 48.7275 42.621 33.8
      vertex 48.6122 42.5665 33.8
    endloop
  endfacet
  facet normal 0.427345 -0.904089 0
    outer loop
      vertex 48.7275 42.621 33.8
      vertex 48.6122 42.5665 2.4
      vertex 48.7275 42.621 2.4
    endloop
  endfacet
  facet normal 0.595602 -0.803279 0
    outer loop
      vertex 48.4003 42.4249 2.4
      vertex 48.5028 42.5009 33.8
      vertex 48.4003 42.4249 33.8
    endloop
  endfacet
  facet normal 0.595602 -0.803279 0
    outer loop
      vertex 48.5028 42.5009 33.8
      vertex 48.4003 42.4249 2.4
      vertex 48.5028 42.5009 2.4
    endloop
  endfacet
  facet normal 0.242904 -0.97005 0
    outer loop
      vertex 48.8476 42.664 2.4
      vertex 48.9714 42.695 33.8
      vertex 48.8476 42.664 33.8
    endloop
  endfacet
  facet normal 0.242904 -0.97005 0
    outer loop
      vertex 48.9714 42.695 33.8
      vertex 48.8476 42.664 2.4
      vertex 48.9714 42.695 2.4
    endloop
  endfacet
  facet normal 0.0493902 -0.99878 0
    outer loop
      vertex 49.0976 42.7137 2.4
      vertex 49.225 42.72 33.8
      vertex 49.0976 42.7137 33.8
    endloop
  endfacet
  facet normal 0.0493902 -0.99878 0
    outer loop
      vertex 49.225 42.72 33.8
      vertex 49.0976 42.7137 2.4
      vertex 49.225 42.72 2.4
    endloop
  endfacet
  facet normal -0.99878 0.0493902 0
    outer loop
      vertex 50.5187 41.2926 2.4
      vertex 50.525 41.42 33.8
      vertex 50.525 41.42 2.4
    endloop
  endfacet
  facet normal -0.99878 0.0493902 0
    outer loop
      vertex 50.525 41.42 33.8
      vertex 50.5187 41.2926 2.4
      vertex 50.5187 41.2926 33.8
    endloop
  endfacet
  facet normal -0.0493902 0.99878 0
    outer loop
      vertex 49.3524 40.1263 2.4
      vertex 49.225 40.12 33.8
      vertex 49.3524 40.1263 33.8
    endloop
  endfacet
  facet normal -0.0493902 0.99878 0
    outer loop
      vertex 49.225 40.12 33.8
      vertex 49.3524 40.1263 2.4
      vertex 49.225 40.12 2.4
    endloop
  endfacet
  facet normal -0.242904 0.97005 0
    outer loop
      vertex 49.6024 40.176 2.4
      vertex 49.4786 40.145 33.8
      vertex 49.6024 40.176 33.8
    endloop
  endfacet
  facet normal -0.242904 0.97005 0
    outer loop
      vertex 49.4786 40.145 33.8
      vertex 49.6024 40.176 2.4
      vertex 49.4786 40.145 2.4
    endloop
  endfacet
  facet normal -0.595602 0.803279 0
    outer loop
      vertex 50.0497 40.4151 2.4
      vertex 49.9472 40.3391 33.8
      vertex 50.0497 40.4151 33.8
    endloop
  endfacet
  facet normal -0.595602 0.803279 0
    outer loop
      vertex 49.9472 40.3391 33.8
      vertex 50.0497 40.4151 2.4
      vertex 49.9472 40.3391 2.4
    endloop
  endfacet
  facet normal -0.427345 0.904089 0
    outer loop
      vertex 49.8378 40.2735 2.4
      vertex 49.7225 40.219 33.8
      vertex 49.8378 40.2735 33.8
    endloop
  endfacet
  facet normal -0.427345 0.904089 0
    outer loop
      vertex 49.7225 40.219 33.8
      vertex 49.8378 40.2735 2.4
      vertex 49.7225 40.219 2.4
    endloop
  endfacet
  facet normal -0.740755 0.671775 0
    outer loop
      vertex 50.1442 40.5008 2.4
      vertex 50.2299 40.5953 33.8
      vertex 50.2299 40.5953 2.4
    endloop
  endfacet
  facet normal -0.740755 0.671775 0
    outer loop
      vertex 50.2299 40.5953 33.8
      vertex 50.1442 40.5008 2.4
      vertex 50.1442 40.5008 33.8
    endloop
  endfacet
  facet normal -0.857631 0.514265 0
    outer loop
      vertex 50.3059 40.6978 2.4
      vertex 50.3715 40.8072 33.8
      vertex 50.3715 40.8072 2.4
    endloop
  endfacet
  facet normal -0.857631 0.514265 0
    outer loop
      vertex 50.3715 40.8072 33.8
      vertex 50.3059 40.6978 2.4
      vertex 50.3059 40.6978 33.8
    endloop
  endfacet
  facet normal 0.671775 0.740755 -0
    outer loop
      vertex 48.4003 40.4151 2.4
      vertex 48.3058 40.5008 33.8
      vertex 48.4003 40.4151 33.8
    endloop
  endfacet
  facet normal 0.671775 0.740755 0
    outer loop
      vertex 48.3058 40.5008 33.8
      vertex 48.4003 40.4151 2.4
      vertex 48.3058 40.5008 2.4
    endloop
  endfacet
  facet normal 0.514265 0.857631 -0
    outer loop
      vertex 48.6122 40.2735 2.4
      vertex 48.5028 40.3391 33.8
      vertex 48.6122 40.2735 33.8
    endloop
  endfacet
  facet normal 0.514265 0.857631 0
    outer loop
      vertex 48.5028 40.3391 33.8
      vertex 48.6122 40.2735 2.4
      vertex 48.5028 40.3391 2.4
    endloop
  endfacet
  facet normal 0.337081 0.941476 -0
    outer loop
      vertex 48.8476 40.176 2.4
      vertex 48.7275 40.219 33.8
      vertex 48.8476 40.176 33.8
    endloop
  endfacet
  facet normal 0.337081 0.941476 0
    outer loop
      vertex 48.7275 40.219 33.8
      vertex 48.8476 40.176 2.4
      vertex 48.7275 40.219 2.4
    endloop
  endfacet
  facet normal 0.146577 0.989199 -0
    outer loop
      vertex 49.0976 40.1263 2.4
      vertex 48.9714 40.145 33.8
      vertex 49.0976 40.1263 33.8
    endloop
  endfacet
  facet normal 0.146577 0.989199 0
    outer loop
      vertex 48.9714 40.145 33.8
      vertex 49.0976 40.1263 2.4
      vertex 48.9714 40.145 2.4
    endloop
  endfacet
  facet normal 0.857631 0.514265 0
    outer loop
      vertex 48.1441 40.6978 33.8
      vertex 48.0785 40.8072 2.4
      vertex 48.0785 40.8072 33.8
    endloop
  endfacet
  facet normal 0.857631 0.514265 0
    outer loop
      vertex 48.0785 40.8072 2.4
      vertex 48.1441 40.6978 33.8
      vertex 48.1441 40.6978 2.4
    endloop
  endfacet
  facet normal 0.904089 0.427345 0
    outer loop
      vertex 48.0785 40.8072 33.8
      vertex 48.024 40.9225 2.4
      vertex 48.024 40.9225 33.8
    endloop
  endfacet
  facet normal 0.904089 0.427345 0
    outer loop
      vertex 48.024 40.9225 2.4
      vertex 48.0785 40.8072 33.8
      vertex 48.0785 40.8072 2.4
    endloop
  endfacet
  facet normal 0.803279 0.595602 0
    outer loop
      vertex 48.2201 40.5953 33.8
      vertex 48.1441 40.6978 2.4
      vertex 48.1441 40.6978 33.8
    endloop
  endfacet
  facet normal 0.803279 0.595602 0
    outer loop
      vertex 48.1441 40.6978 2.4
      vertex 48.2201 40.5953 33.8
      vertex 48.2201 40.5953 2.4
    endloop
  endfacet
  facet normal 0.97005 0.242904 0
    outer loop
      vertex 47.981 41.0426 33.8
      vertex 47.95 41.1664 2.4
      vertex 47.95 41.1664 33.8
    endloop
  endfacet
  facet normal 0.97005 0.242904 0
    outer loop
      vertex 47.95 41.1664 2.4
      vertex 47.981 41.0426 33.8
      vertex 47.981 41.0426 2.4
    endloop
  endfacet
  facet normal 0.941476 0.337081 0
    outer loop
      vertex 48.024 40.9225 33.8
      vertex 47.981 41.0426 2.4
      vertex 47.981 41.0426 33.8
    endloop
  endfacet
  facet normal 0.941476 0.337081 0
    outer loop
      vertex 47.981 41.0426 2.4
      vertex 48.024 40.9225 33.8
      vertex 48.024 40.9225 2.4
    endloop
  endfacet
  facet normal 0.99878 0.0493902 0
    outer loop
      vertex 47.9313 41.2926 33.8
      vertex 47.925 41.42 2.4
      vertex 47.925 41.42 33.8
    endloop
  endfacet
  facet normal 0.99878 0.0493902 0
    outer loop
      vertex 47.925 41.42 2.4
      vertex 47.9313 41.2926 33.8
      vertex 47.9313 41.2926 2.4
    endloop
  endfacet
  facet normal -0.146577 0.989199 0
    outer loop
      vertex 49.4786 40.145 2.4
      vertex 49.3524 40.1263 33.8
      vertex 49.4786 40.145 33.8
    endloop
  endfacet
  facet normal -0.146577 0.989199 0
    outer loop
      vertex 49.3524 40.1263 33.8
      vertex 49.4786 40.145 2.4
      vertex 49.3524 40.1263 2.4
    endloop
  endfacet
  facet normal -0.337081 0.941476 0
    outer loop
      vertex 49.7225 40.219 2.4
      vertex 49.6024 40.176 33.8
      vertex 49.7225 40.219 33.8
    endloop
  endfacet
  facet normal -0.337081 0.941476 0
    outer loop
      vertex 49.6024 40.176 33.8
      vertex 49.7225 40.219 2.4
      vertex 49.6024 40.176 2.4
    endloop
  endfacet
  facet normal -0.671775 0.740755 0
    outer loop
      vertex 50.1442 40.5008 2.4
      vertex 50.0497 40.4151 33.8
      vertex 50.1442 40.5008 33.8
    endloop
  endfacet
  facet normal -0.671775 0.740755 0
    outer loop
      vertex 50.0497 40.4151 33.8
      vertex 50.1442 40.5008 2.4
      vertex 50.0497 40.4151 2.4
    endloop
  endfacet
  facet normal -0.514265 0.857631 0
    outer loop
      vertex 49.9472 40.3391 2.4
      vertex 49.8378 40.2735 33.8
      vertex 49.9472 40.3391 33.8
    endloop
  endfacet
  facet normal -0.514265 0.857631 0
    outer loop
      vertex 49.8378 40.2735 33.8
      vertex 49.9472 40.3391 2.4
      vertex 49.8378 40.2735 2.4
    endloop
  endfacet
  facet normal -0.803279 0.595602 0
    outer loop
      vertex 50.2299 40.5953 2.4
      vertex 50.3059 40.6978 33.8
      vertex 50.3059 40.6978 2.4
    endloop
  endfacet
  facet normal -0.803279 0.595602 0
    outer loop
      vertex 50.3059 40.6978 33.8
      vertex 50.2299 40.5953 2.4
      vertex 50.2299 40.5953 33.8
    endloop
  endfacet
  facet normal -0.904089 0.427345 0
    outer loop
      vertex 50.3715 40.8072 2.4
      vertex 50.426 40.9225 33.8
      vertex 50.426 40.9225 2.4
    endloop
  endfacet
  facet normal -0.904089 0.427345 0
    outer loop
      vertex 50.426 40.9225 33.8
      vertex 50.3715 40.8072 2.4
      vertex 50.3715 40.8072 33.8
    endloop
  endfacet
  facet normal -0.989199 0.146577 0
    outer loop
      vertex 50.5 41.1664 2.4
      vertex 50.5187 41.2926 33.8
      vertex 50.5187 41.2926 2.4
    endloop
  endfacet
  facet normal -0.989199 0.146577 0
    outer loop
      vertex 50.5187 41.2926 33.8
      vertex 50.5 41.1664 2.4
      vertex 50.5 41.1664 33.8
    endloop
  endfacet
  facet normal -0.97005 0.242904 0
    outer loop
      vertex 50.469 41.0426 2.4
      vertex 50.5 41.1664 33.8
      vertex 50.5 41.1664 2.4
    endloop
  endfacet
  facet normal -0.97005 0.242904 0
    outer loop
      vertex 50.5 41.1664 33.8
      vertex 50.469 41.0426 2.4
      vertex 50.469 41.0426 33.8
    endloop
  endfacet
  facet normal 0.595602 0.803279 -0
    outer loop
      vertex 48.5028 40.3391 2.4
      vertex 48.4003 40.4151 33.8
      vertex 48.5028 40.3391 33.8
    endloop
  endfacet
  facet normal 0.595602 0.803279 0
    outer loop
      vertex 48.4003 40.4151 33.8
      vertex 48.5028 40.3391 2.4
      vertex 48.4003 40.4151 2.4
    endloop
  endfacet
  facet normal 0.427345 0.904089 -0
    outer loop
      vertex 48.7275 40.219 2.4
      vertex 48.6122 40.2735 33.8
      vertex 48.7275 40.219 33.8
    endloop
  endfacet
  facet normal 0.427345 0.904089 0
    outer loop
      vertex 48.6122 40.2735 33.8
      vertex 48.7275 40.219 2.4
      vertex 48.6122 40.2735 2.4
    endloop
  endfacet
  facet normal 0.242904 0.97005 -0
    outer loop
      vertex 48.9714 40.145 2.4
      vertex 48.8476 40.176 33.8
      vertex 48.9714 40.145 33.8
    endloop
  endfacet
  facet normal 0.242904 0.97005 0
    outer loop
      vertex 48.8476 40.176 33.8
      vertex 48.9714 40.145 2.4
      vertex 48.8476 40.176 2.4
    endloop
  endfacet
  facet normal 0.989199 0.146577 0
    outer loop
      vertex 47.95 41.1664 33.8
      vertex 47.9313 41.2926 2.4
      vertex 47.9313 41.2926 33.8
    endloop
  endfacet
  facet normal 0.989199 0.146577 0
    outer loop
      vertex 47.9313 41.2926 2.4
      vertex 47.95 41.1664 33.8
      vertex 47.95 41.1664 2.4
    endloop
  endfacet
  facet normal -0.941476 0.337081 0
    outer loop
      vertex 50.426 40.9225 2.4
      vertex 50.469 41.0426 33.8
      vertex 50.469 41.0426 2.4
    endloop
  endfacet
  facet normal -0.941476 0.337081 0
    outer loop
      vertex 50.469 41.0426 33.8
      vertex 50.426 40.9225 2.4
      vertex 50.426 40.9225 33.8
    endloop
  endfacet
  facet normal -1 0 0
    outer loop
      vertex -50.425 -37.6061 2.4
      vertex -50.425 37.6061 3.5
      vertex -50.425 37.6061 2.4
    endloop
  endfacet
  facet normal -1 -0 0
    outer loop
      vertex -50.425 37.6061 3.5
      vertex -50.425 -37.6061 2.4
      vertex -50.425 -37.6061 3.5
    endloop
  endfacet
  facet normal -0 0 1
    outer loop
      vertex -49.225 37.42 3.5
      vertex -49.025 -37.4298 3.5
      vertex -49.025 37.4298 3.5
    endloop
  endfacet
  facet normal 0 0 1
    outer loop
      vertex -49.225 37.42 3.5
      vertex -49.225 -37.42 3.5
      vertex -49.025 -37.4298 3.5
    endloop
  endfacet
  facet normal 0 0 1
    outer loop
      vertex -49.6171 37.4393 3.5
      vertex -49.225 -37.42 3.5
      vertex -49.225 37.42 3.5
    endloop
  endfacet
  facet normal 0 0 1
    outer loop
      vertex -49.6171 37.4393 3.5
      vertex -49.6171 -37.4393 3.5
      vertex -49.225 -37.42 3.5
    endloop
  endfacet
  facet normal 0 0 1
    outer loop
      vertex -50.0054 37.4969 3.5
      vertex -49.6171 -37.4393 3.5
      vertex -49.6171 37.4393 3.5
    endloop
  endfacet
  facet normal 0 0 1
    outer loop
      vertex -50.0054 37.4969 3.5
      vertex -50.0054 -37.4969 3.5
      vertex -49.6171 -37.4393 3.5
    endloop
  endfacet
  facet normal 0 0 1
    outer loop
      vertex -50.3861 37.5922 3.5
      vertex -50.0054 -37.4969 3.5
      vertex -50.0054 37.4969 3.5
    endloop
  endfacet
  facet normal 0 0 1
    outer loop
      vertex -50.3861 37.5922 3.5
      vertex -50.3861 -37.5922 3.5
      vertex -50.0054 -37.4969 3.5
    endloop
  endfacet
  facet normal 0 0 1
    outer loop
      vertex -50.425 37.6061 3.5
      vertex -50.3861 -37.5922 3.5
      vertex -50.3861 37.5922 3.5
    endloop
  endfacet
  facet normal 0 0 1
    outer loop
      vertex -50.3861 -37.5922 3.5
      vertex -50.425 37.6061 3.5
      vertex -50.425 -37.6061 3.5
    endloop
  endfacet
  facet normal 1 -0 0
    outer loop
      vertex -49.025 -37.4298 3.5
      vertex -49.025 37.4298 2.4
      vertex -49.025 37.4298 3.5
    endloop
  endfacet
  facet normal 1 0 0
    outer loop
      vertex -49.025 37.4298 2.4
      vertex -49.025 -37.4298 3.5
      vertex -49.025 -37.4298 2.4
    endloop
  endfacet
  facet normal -1 0 0
    outer loop
      vertex 49.025 -37.4298 2.4
      vertex 49.025 37.4298 3.5
      vertex 49.025 37.4298 2.4
    endloop
  endfacet
  facet normal -1 -0 0
    outer loop
      vertex 49.025 37.4298 3.5
      vertex 49.025 -37.4298 2.4
      vertex 49.025 -37.4298 3.5
    endloop
  endfacet
  facet normal -0 0 1
    outer loop
      vertex 50.3861 37.5922 3.5
      vertex 50.425 -37.6061 3.5
      vertex 50.425 37.6061 3.5
    endloop
  endfacet
  facet normal 0 0 1
    outer loop
      vertex 50.3861 37.5922 3.5
      vertex 50.3861 -37.5922 3.5
      vertex 50.425 -37.6061 3.5
    endloop
  endfacet
  facet normal -0 0 1
    outer loop
      vertex 50.0054 37.4969 3.5
      vertex 50.3861 -37.5922 3.5
      vertex 50.3861 37.5922 3.5
    endloop
  endfacet
  facet normal 0 0 1
    outer loop
      vertex 50.0054 37.4969 3.5
      vertex 50.0054 -37.4969 3.5
      vertex 50.3861 -37.5922 3.5
    endloop
  endfacet
  facet normal -0 0 1
    outer loop
      vertex 49.6171 37.4393 3.5
      vertex 50.0054 -37.4969 3.5
      vertex 50.0054 37.4969 3.5
    endloop
  endfacet
  facet normal 0 0 1
    outer loop
      vertex 49.6171 37.4393 3.5
      vertex 49.6171 -37.4393 3.5
      vertex 50.0054 -37.4969 3.5
    endloop
  endfacet
  facet normal -0 0 1
    outer loop
      vertex 49.225 37.42 3.5
      vertex 49.6171 -37.4393 3.5
      vertex 49.6171 37.4393 3.5
    endloop
  endfacet
  facet normal 0 0 1
    outer loop
      vertex 49.225 37.42 3.5
      vertex 49.225 -37.42 3.5
      vertex 49.6171 -37.4393 3.5
    endloop
  endfacet
  facet normal 0 0 1
    outer loop
      vertex 49.025 37.4298 3.5
      vertex 49.225 -37.42 3.5
      vertex 49.225 37.42 3.5
    endloop
  endfacet
  facet normal 0 0 1
    outer loop
      vertex 49.225 -37.42 3.5
      vertex 49.025 37.4298 3.5
      vertex 49.025 -37.4298 3.5
    endloop
  endfacet
  facet normal 1 -0 0
    outer loop
      vertex 50.425 -37.6061 3.5
      vertex 50.425 37.6061 2.4
      vertex 50.425 37.6061 3.5
    endloop
  endfacet
  facet normal 1 0 0
    outer loop
      vertex 50.425 37.6061 2.4
      vertex 50.425 -37.6061 3.5
      vertex 50.425 -37.6061 2.4
    endloop
  endfacet
  facet normal 0 0 1
    outer loop
      vertex 45.2348 -41.22 3.5
      vertex -45.225 -41.42 3.5
      vertex 45.225 -41.42 3.5
    endloop
  endfacet
  facet normal 0 -0 1
    outer loop
      vertex -45.225 -41.42 3.5
      vertex 45.2348 -41.22 3.5
      vertex -45.2348 -41.22 3.5
    endloop
  endfacet
  facet normal -0 0 1
    outer loop
      vertex -45.225 -41.42 3.5
      vertex 45.2443 -41.8121 3.5
      vertex 45.225 -41.42 3.5
    endloop
  endfacet
  facet normal 0 0 1
    outer loop
      vertex -45.2443 -41.8121 3.5
      vertex 45.2443 -41.8121 3.5
      vertex -45.225 -41.42 3.5
    endloop
  endfacet
  facet normal 0 0 1
    outer loop
      vertex 45.2443 -41.8121 3.5
      vertex -45.2443 -41.8121 3.5
      vertex 45.3019 -42.2004 3.5
    endloop
  endfacet
  facet normal 0 0 1
    outer loop
      vertex -45.3019 -42.2004 3.5
      vertex 45.3019 -42.2004 3.5
      vertex -45.2443 -41.8121 3.5
    endloop
  endfacet
  facet normal 0 0 1
    outer loop
      vertex 45.3019 -42.2004 3.5
      vertex -45.3019 -42.2004 3.5
      vertex 45.3972 -42.5811 3.5
    endloop
  endfacet
  facet normal 0 0 1
    outer loop
      vertex -45.3972 -42.5811 3.5
      vertex 45.3972 -42.5811 3.5
      vertex -45.3019 -42.2004 3.5
    endloop
  endfacet
  facet normal 0 0 1
    outer loop
      vertex 45.3972 -42.5811 3.5
      vertex -45.3972 -42.5811 3.5
      vertex 45.4111 -42.62 3.5
    endloop
  endfacet
  facet normal 0 0 1
    outer loop
      vertex 45.4111 -42.62 3.5
      vertex -45.3972 -42.5811 3.5
      vertex -45.4111 -42.62 3.5
    endloop
  endfacet
  facet normal 0 -1 0
    outer loop
      vertex -45.4111 -42.62 2.4
      vertex 45.4111 -42.62 3.5
      vertex -45.4111 -42.62 3.5
    endloop
  endfacet
  facet normal 0 -1 -0
    outer loop
      vertex 45.4111 -42.62 3.5
      vertex -45.4111 -42.62 2.4
      vertex 45.4111 -42.62 2.4
    endloop
  endfacet
  facet normal 0 1 -0
    outer loop
      vertex 45.2348 -41.22 2.4
      vertex -45.2348 -41.22 3.5
      vertex 45.2348 -41.22 3.5
    endloop
  endfacet
  facet normal 0 1 0
    outer loop
      vertex -45.2348 -41.22 3.5
      vertex 45.2348 -41.22 2.4
      vertex -45.2348 -41.22 2.4
    endloop
  endfacet
  facet normal 0 0 1
    outer loop
      vertex 45.2443 41.8121 3.5
      vertex -45.225 41.42 3.5
      vertex 45.225 41.42 3.5
    endloop
  endfacet
  facet normal 0 0 1
    outer loop
      vertex -45.2443 41.8121 3.5
      vertex 45.2443 41.8121 3.5
      vertex 45.3019 42.2004 3.5
    endloop
  endfacet
  facet normal 0 0 1
    outer loop
      vertex -45.3019 42.2004 3.5
      vertex 45.3019 42.2004 3.5
      vertex 45.3972 42.5811 3.5
    endloop
  endfacet
  facet normal 0 0 1
    outer loop
      vertex -45.3972 42.5811 3.5
      vertex 45.3972 42.5811 3.5
      vertex 45.4111 42.62 3.5
    endloop
  endfacet
  facet normal 0 0 1
    outer loop
      vertex 45.2443 41.8121 3.5
      vertex -45.2443 41.8121 3.5
      vertex -45.225 41.42 3.5
    endloop
  endfacet
  facet normal 0 0 1
    outer loop
      vertex 45.3019 42.2004 3.5
      vertex -45.3019 42.2004 3.5
      vertex -45.2443 41.8121 3.5
    endloop
  endfacet
  facet normal 0 0 1
    outer loop
      vertex 45.3972 42.5811 3.5
      vertex -45.3972 42.5811 3.5
      vertex -45.3019 42.2004 3.5
    endloop
  endfacet
  facet normal 0 -0 1
    outer loop
      vertex -45.3972 42.5811 3.5
      vertex 45.4111 42.62 3.5
      vertex -45.4111 42.62 3.5
    endloop
  endfacet
  facet normal -0 0 1
    outer loop
      vertex -45.225 41.42 3.5
      vertex 45.2348 41.22 3.5
      vertex 45.225 41.42 3.5
    endloop
  endfacet
  facet normal 0 0 1
    outer loop
      vertex 45.2348 41.22 3.5
      vertex -45.225 41.42 3.5
      vertex -45.2348 41.22 3.5
    endloop
  endfacet
  facet normal 0 1 -0
    outer loop
      vertex 45.4111 42.62 2.4
      vertex -45.4111 42.62 3.5
      vertex 45.4111 42.62 3.5
    endloop
  endfacet
  facet normal 0 1 0
    outer loop
      vertex -45.4111 42.62 3.5
      vertex 45.4111 42.62 2.4
      vertex -45.4111 42.62 2.4
    endloop
  endfacet
  facet normal 0 -1 0
    outer loop
      vertex -45.2348 41.22 2.4
      vertex 45.2348 41.22 3.5
      vertex -45.2348 41.22 3.5
    endloop
  endfacet
  facet normal 0 -1 -0
    outer loop
      vertex 45.2348 41.22 3.5
      vertex -45.2348 41.22 2.4
      vertex 45.2348 41.22 2.4
    endloop
  endfacet
endsolid OpenSCAD_Model
